mode,review_id,stars,text,labels/0/aspect_term,labels/0/category,labels/0/sentiment,labels/0/is_implicit,labels/1/aspect_term,labels/1/category,labels/1/sentiment,labels/1/is_implicit,source,labels/2/aspect_term,labels/2/category,labels/2/sentiment,labels/2/is_implicit,labels/3/aspect_term,labels/3/category,labels/3/sentiment,labels/3/is_implicit,labels/4/aspect_term,labels/4/category,labels/4/sentiment,labels/4/is_implicit,labels/5/aspect_term,labels/5/category,labels/5/sentiment,labels/5/is_implicit,labels/6/aspect_term,labels/6/category,labels/6/sentiment,labels/6/is_implicit,labels/7/aspect_term,labels/7/category,labels/7/sentiment,labels/7/is_implicit,labels/8/aspect_term,labels/8/category,labels/8/sentiment,labels/8/is_implicit,labels/9/aspect_term,labels/9/category,labels/9/sentiment,labels/9/is_implicit,labels/10/aspect_term,labels/10/category,labels/10/sentiment,labels/10/is_implicit,labels/11/aspect_term,labels/11/category,labels/11/sentiment,labels/11/is_implicit,labels/12/aspect_term,labels/12/category,labels/12/sentiment,labels/12/is_implicit
label,0p5FL6CLCAMPh5WbmCodFQ,1,Horrible customer service from......no other than Alam the manager.  Then to top it off they didn't put the lid on but instead just placed it on top! I grab my coffee and turn around to leave and of course pop goes the lid and hot coffee pour out all over my arm hand and legs!!  Sorry alam but it's time to find a better career maybe pizza delivery boy?!?,customer service,SERVICE#GENERAL,negative,false,,SERVICE#GENERAL,negative,true,yelp,,,,,,,,,,,,,,,,,,,,,,,,,,,,,,,,,,,,,,,,,,,,
label,KCGwTjtJ0C1YDPjJYCkEGw,1,"Do yourself a favor and never ever order the breaded chicken. It was served black, extremely overcooked to the point where I started to question what kind of meat it actually was. As far as the texture - it would make a nice hockey puck for the NHL. It definitely might not be one of their more common orders but take it off the menu if you have no idea how to make it.",breaded chicken,FOOD#QUALITY,negative,false,,,,,yelp,,,,,,,,,,,,,,,,,,,,,,,,,,,,,,,,,,,,,,,,,,,,
label,-o1binmQWgJ4RVo3g4hdow,1,The margarita tasted like lemonade. It was AWFUL and tasted like it had no tequila in it at all. I asked to either switch it out for something else or for them to remake it and they wouldn't do either. I won't ever be back! Terrible service.,margarita,DRINKS#QUALITY,negative,false,service,SERVICE#GENERAL,negative,false,yelp,,,,,,,,,,,,,,,,,,,,,,,,,,,,,,,,,,,,,,,,,,,,
label,sMS4L7nZlkhtvPdWfC0i7g,1,"At 6:03pm, the PSTA Driver sped through the Marina, not even bothering to slow down to pickup the Passengers, which there were 9 Passengers waiting. That Driver (a White Guy, just to narrow it down) should be Fired Immediately!",Driver,SERVICE#GENERAL,negative,false,,,,,yelp,,,,,,,,,,,,,,,,,,,,,,,,,,,,,,,,,,,,,,,,,,,,
label,NkBJI0AILlLI-Wt-1bUQWA,3,"Ordered the veggie pho for takeout... The amount of veggies is nice and a lot more than you get with veggie pho from other places, but the broth is very fishy smelling and tasting.",amount of veggies,FOOD#QUALITY,positive,false,broth,FOOD#QUALITY,negative,false,yelp,,,,,,,,,,,,,,,,,,,,,,,,,,,,,,,,,,,,,,,,,,,,
label,a5oDGNrhwhrYh1u89v9hTA,2,"They must have thought it was my first time!? Salmon smelled horrible and was sweating... After losing my appetite I sent the food back, paid for my beer and left!",Salmon,FOOD#QUALITY,negative,false,,,,,yelp,,,,,,,,,,,,,,,,,,,,,,,,,,,,,,,,,,,,,,,,,,,,
label,3MeS4DTVtTANdNHWTtzjeg,1,"No service, waited 20 minutes for someone to approach the table. When asked if there was service I received a shrug from the host.",service,SERVICE#GENERAL,negative,false,,,,,yelp,,,,,,,,,,,,,,,,,,,,,,,,,,,,,,,,,,,,,,,,,,,,
label,u9BAQm8nvs1YdBMnFFs7GA,5,Great food & pleasant service.  Would order any of our dishes again & staff Robert & Gregory were both very entertaining but not overbearing.,food,FOOD#QUALITY,positive,false,service,SERVICE#GENERAL,positive,false,yelp,staff Robert & Gregory,SERVICE#GENERAL,positive,false,,,,,,,,,,,,,,,,,,,,,,,,,,,,,,,,,,,,,,,,
label,tB9sreCq9C2jIhbPzQsXjg,1,"Came in at 9:59 am when they open at 10 am, door was unlocked and everything but they lady was very rude and told us they weren't open. Walked out a couple steps turned around and she had flicked the open sign on. Decided not to walk back because of the poor customer service.",customer service,SERVICE#GENERAL,negative,false,,,,,yelp,,,,,,,,,,,,,,,,,,,,,,,,,,,,,,,,,,,,,,,,,,,,
label,4qZZE0PEa3MRo2TXUEXO3g,5,"Absolutely amazing! Must get the black garlic wings - they are to die for! My brisket ramen was delicious as well, I can not wait to come back!",black garlic wings,FOOD#QUALITY,positive,false,brisket ramen,FOOD#QUALITY,positive,false,yelp,,,,,,,,,,,,,,,,,,,,,,,,,,,,,,,,,,,,,,,,,,,,
label,4RhKeEGgR_lmIWS9W-O0bQ,2,Come on hoosiers. Boba tea is supposed to be brewed tea that is mixed with milk. It should not come from a bin of powder.,Boba tea,DRINKS#QUALITY,negative,false,,,,,yelp,,,,,,,,,,,,,,,,,,,,,,,,,,,,,,,,,,,,,,,,,,,,
label,T7Cp9wxRAAGtUynIby9qCw,1,Worst service ever!!!! I never got my food!!!! I called them twice for them to tell me my food already on its way for 2 hours already smfh,service,SERVICE#GENERAL,negative,false,food,FOOD#QUALITY,negative,false,yelp,,,,,,,,,,,,,,,,,,,,,,,,,,,,,,,,,,,,,,,,,,,,
label,X7lexrNtmZgZ_5lt94uR9Q,4,Epic. God I love pizza.  Obama was right.  Do I really need to say more?  Sorry this wasn't a haiku.,pizza,FOOD#QUALITY,positive,false,,,,,yelp,,,,,,,,,,,,,,,,,,,,,,,,,,,,,,,,,,,,,,,,,,,,
label,sE8xFCkXgn92lviAJoU1Ag,3,"Honestly the music was way too loud. Normally I wouldn't care, but I went with my girlfriends grandparents and they were miserable. Not a good place to have a conversation. Food was really good though.",music,AMBIENCE#GENERAL,negative,false,Food,FOOD#QUALITY,positive,false,yelp,,,,,,,,,,,,,,,,,,,,,,,,,,,,,,,,,,,,,,,,,,,,
label,4R1TNUgx04hiO21VedTcIw,5,Had the lengua burrito. It was non greesy and plated neatly. Simple food that was easy on the wallet. Think I will try the flan next time,lengua burrito,FOOD#QUALITY,positive,false,food,FOOD#PRICES,positive,false,yelp,,,,,,,,,,,,,,,,,,,,,,,,,,,,,,,,,,,,,,,,,,,,
label,W7iHVmbmGkFBo3wj_yVeDg,1,Go to Charlie's!   You'll get a far superior burger and shake!  Bonus: You'll get treated with the courtesy a paying customer deserves.,burger,FOOD#QUALITY,positive,false,shake,DRINKS#QUALITY,positive,false,yelp,,SERVICE#GENERAL,positive,true,,,,,,,,,,,,,,,,,,,,,,,,,,,,,,,,,,,,,,,,
label,BUHCgFiwaS70G0VCNsFgqg,2,One of the worst tika masalas I ever tasted and i've order it many times from numerous places in various cities. This place is americanized and unauthentic.,tika masalas,FOOD#QUALITY,negative,false,this place,FOOD#STYLE_OPTIONS,negative,false,yelp,,,,,,,,,,,,,,,,,,,,,,,,,,,,,,,,,,,,,,,,,,,,
label,do-6Z1svmzP5ym0VRUZ32g,1,"A few years ago my parents, my brothers and i went to this restaraunt for my birthday. We ordered the usual huge spread because we love thai food. But there was a surprise in the tea. A roach, swimming around. The server brought a new pot (no apology) and that was all. No taking the tea off the bill, no acknowledgement of what happened, nothing. We haven't eaten there since.",thai food,FOOD#STYLE_OPTIONS,positive,false,tea,DRINKS#QUALITY,negative,false,yelp,,SERVICE#GENERAL,negative,true,,,,,,,,,,,,,,,,,,,,,,,,,,,,,,,,,,,,,,,,
label,NmQG9xZFKQgLfGhxAo_ALg,3,"The music is absolutely lovely, but don't get the old New Orleans fashioned.... it's worse than cough syrup and I got it without the simple syrup",music,AMBIENCE#GENERAL,positive,false,old New Orleans fashioned,DRINKS#QUALITY,negative,false,yelp,,,,,,,,,,,,,,,,,,,,,,,,,,,,,,,,,,,,,,,,,,,,
label,q68ZmNePuVNw6ZrBid6UQg,5,"I had the banana foster french toast. To die for. Husband ordered Migos-something (scrambled eggs with chorizo) equally delicious!  Although there was a line when we arrived, our total wait time was less than 10 mins. Janet the hostess was friendly and hustled to get tables sat. I immediately became obsessed with the trendy decor and layout of what used to be a classic front porch- turned restaurant.",banana foster french toast,FOOD#QUALITY,positive,false,Migos-something,FOOD#QUALITY,positive,false,yelp,,SERVICE#GENERAL,positive,true,Janet the hostess,SERVICE#GENERAL,positive,false,trendy decor and layout,AMBIENCE#GENERAL,positive,false,,,,,,,,,,,,,,,,,,,,,,,,,,,,,,,,
label,g0yGvJX3eMP8IqZSbHtyIg,5,"As good as it gets in a mall food court concept (even an upscale one). The salads and bowls were delicious. The frescas were delicious (the lime, ginger, cucumber one in particular). The service was fast and helpful. I liked how they let you customize the bowls on the menu. We were able to make a bowl that had chicken, vegetarian by adding tofu. Will definitely be back.",salads and bowls,FOOD#QUALITY,positive,false,frescas,DRINKS#QUALITY,positive,false,yelp,service,SERVICE#GENERAL,positive,false,customize the bowls,FOOD#STYLE_OPTIONS,positive,false,,,,,,,,,,,,,,,,,,,,,,,,,,,,,,,,,,,,
label,iXULcSxHIEuKBdZqpogSwA,5,The food here is delicious and the portions are amazing for the price.  The girl who works behind the counter is an absolute sweetheart.  Always smiling and happy.   I wish I worked closer so I could come more often.,food,FOOD#QUALITY,positive,false,portions,FOOD#QUALITY,positive,false,yelp,price,FOOD#PRICES,positive,false,girl who works behind the counter,SERVICE#GENERAL,positive,false,,,,,,,,,,,,,,,,,,,,,,,,,,,,,,,,,,,,
label,S1ocjePToHEw2VbTBHH71Q,3,"Okay place for an affordable and rather quick lunch. Drinks are moderately priced and not refillable  (only water). As usual, I get the cocido that is pretty good and not at all greasy. I don't like that they add red pepper to it as I feel the that flavor over powers everything else in the soup. I really like their flour tortillas as they taste freshly made and are a perfect size (about 12"" or so).   The service could use improvement. The waitstaff aren't the most friendliest and almost look like they would much rather not ve there.   Ample free parking and within 5 minutes of other stores if you want to enjoy Tucson's Southside.",place,RESTAURANT#GENERAL,neutral,false,lunch,FOOD#STYLE_OPTIONS,positive,false,yelp,drinks,DRINKS#PRICES,neutral,false,cocido,FOOD#QUALITY,positive,false,red pepper,FOOD#QUALITY,negative,false,flour tortillas,FOOD#QUALITY,positive,false,service,SERVICE#GENERAL,negative,false,waitstaff,SERVICE#GENERAL,negative,false,parking,RESTAURANT#MISCELLANEOUS,positive,false,location,LOCATION#GENERAL,positive,false,,,,,,,,,,,,
label,tUnVMrUwzxU0VXMBmLSGWg,2,"Dirty inside the restaurant. We ordered carry out and got back to our room, no napkins, plastic ware, or sauces. The food was just so so. Too much ginger in the general tso chicken and the crab Rangoon was lacking in the filling department. Overall, I would not recommend and we will not order again.",inside the restaurant,AMBIENCE#GENERAL,negative,false,,SERVICE#GENERAL,negative,true,yelp,food,FOOD#QUALITY,neutral,false,general tso chicken,FOOD#QUALITY,negative,false,crab Rangoon,FOOD#QUALITY,negative,false,,RESTAURANT#GENERAL,negative,true,,,,,,,,,,,,,,,,,,,,,,,,,,,,
label,YM47FT1FlrhTqBPUI4_KvQ,5,Oh man! This is the spot right here! Everything is made to order and sooo worth the wait. I'm from Chicago and have been a self proclaimed sandwich expert for most of my life...this place deserves every bit of those 5 stars! Well done guys!,,RESTAURANT#GENERAL,positive,true,,FOOD#QUALITY,positive,true,yelp,,SERVICE#GENERAL,positive,true,,,,,,,,,,,,,,,,,,,,,,,,,,,,,,,,,,,,,,,,
label,J0rheEklgHxGxwhdLMpb6Q,2,"Overrated! There are so many great or just average places to eat in the city don't waste your time here. The char grill oysters were pretty good but an $80.00 lunch needs to be better than this. We ordered 2 small appetizers, a sandwich and 2 drinks and it was $80.00.",,RESTAURANT#GENERAL,negative,true,char grill oysters,FOOD#QUALITY,positive,false,yelp,$80.00 lunch,RESTAURANT#PRICES,negative,false,,,,,,,,,,,,,,,,,,,,,,,,,,,,,,,,,,,,,,,,
label,_ZdwS4iEzJIVpy7-DjkEpA,5,"Had breakfast with the family after a quick stopover. Great food and service (thanks Jonathan!), definaelty a good find that was busy but had no wait on a Saturday.",food,FOOD#QUALITY,positive,false,service,SERVICE#GENERAL,positive,false,yelp,,,,,,,,,,,,,,,,,,,,,,,,,,,,,,,,,,,,,,,,,,,,
label,bVmVp4r1D2xzEFfM2rPEzg,5,Great food and service. The antipasto was by far the best that I have ever had.  The pasta is all fresh and full of flavor. The Fisherman's stew was loaded with great tender fish in a saffron sauce.,food,FOOD#QUALITY,positive,false,service,SERVICE#GENERAL,positive,false,yelp,antipasto,FOOD#QUALITY,positive,false,pasta,FOOD#QUALITY,positive,false,Fisherman's stew,FOOD#QUALITY,positive,false,,,,,,,,,,,,,,,,,,,,,,,,,,,,,,,,
label,crsfxDJGj2U-IIxvttdPqQ,1,"Bad experience!!  There was a large  loud party in the bar when we arrived.  We were told they would leave in 15 min. but they did not leave for 75 min.  If told the truth, we would not have stayed.  Only choices were to yell at your companion or not communicate.  Chosen wine not available and not offered another selection at the same price.  When we complained to the staff about the service and the noise, we were  made to feel like it was our fault and offered no sympathy or compensation.  The good food was ruined by the abysmal service and the noise.",,AMBIENCE#GENERAL,negative,true,,SERVICE#GENERAL,negative,true,yelp,wine,DRINKS#QUALITY,negative,false,food,FOOD#QUALITY,positive,false,service,SERVICE#GENERAL,negative,false,,,,,,,,,,,,,,,,,,,,,,,,,,,,,,,,
label,Rcl9V-coF-aydOKfsF96EA,4,"Great food but it is a little touristy. I am spoiled because I am a local and go to the spongedocks a lot. If this is your first time in the area, Hella's is a must. Even if only for their bakery. If i could write a separate review for bakery, it would be 5 star",food,FOOD#QUALITY,positive,false,,RESTAURANT#GENERAL,negative,true,yelp,bakery,FOOD#QUALITY,positive,false,,,,,,,,,,,,,,,,,,,,,,,,,,,,,,,,,,,,,,,,
label,un8ttFRy6XqJGxGxjYfxxQ,4,"This restaurant is attached to the Drury Plaza hotel, so it was conveniently located for dinner when you're not really familiar with the area. There were 20+ in our party each night and the service was pretty good. Only a few forgotten drinks, which was to be expected with such a large group.  Portions are huge and food was good. I had the Cuban sandwich one night and it was massive but delicious. The shandy is good. The margaritas are not and I don't recommend their patron one. I forget the name but it wasn't that good. Their shrimp tacos have a kick but they're good too.",location,LOCATION#GENERAL,positive,false,,SERVICE#GENERAL,positive,true,yelp,portions,FOOD#QUALITY,positive,false,food,FOOD#QUALITY,positive,false,Cuban sandwich,FOOD#QUALITY,positive,false,shandy,DRINKS#QUALITY,positive,false,margaritas,DRINKS#QUALITY,negative,false,shrimp tacos,FOOD#QUALITY,positive,false,,,,,,,,,,,,,,,,,,,,
label,KwKLD2zFgGFydkr4uqfQyg,3,"3.5 stars. Everyone gave this place rave reviews so I had to give it a try. Remember to bring cash because no credit cards accepted! I had the chili cheese etouffee with crawfish. It came out fast, I though it was tasty, really cheesy and heavy, with really soft garlic bread. I'm usually not a big fan of heavy food but this place was pretty good. I would have to come back and try the other items again.",chili cheese etouffee with crawfish,FOOD#QUALITY,positive,false,garlic bread,FOOD#QUALITY,positive,false,yelp,,SERVICE#GENERAL,positive,true,,RESTAURANT#PRICES,neutral,true,,,,,,,,,,,,,,,,,,,,,,,,,,,,,,,,,,,,
label,c-dUoJqvD1Y2mKND-OhDzA,1,This place was absolutely disgusting and sucks that we have to wait here for our bus. The bus was 20 mins late and we couldn't even sit because the whole place was disgusting.,place,RESTAURANT#GENERAL,negative,false,,AMBIENCE#GENERAL,negative,true,yelp,,,,,,,,,,,,,,,,,,,,,,,,,,,,,,,,,,,,,,,,,,,,
label,Pv33hzmaYTzn-cUpjwFTjA,3,"Pretty solid tourist trap type restaurant on the docks. A little bit overpriced for the food quality, but reasonable given the touristy surroundings.",restaurant,RESTAURANT#GENERAL,neutral,false,food,FOOD#QUALITY,neutral,false,yelp,,RESTAURANT#PRICES,negative,true,,,,,,,,,,,,,,,,,,,,,,,,,,,,,,,,,,,,,,,,
label,m3B0pnUNP2yumjicSXodnw,4,This publix is always clean and the staff always pleasant. Cashiers talk to you instead of being drones. Shelves always are well stocked and if out on a sale item are always happy to write a rain check. Always in and out quick. Never had to wait more than a few minutes in line. Staff always asks to help you out if you have a full buggy.,publix,RESTAURANT#GENERAL,positive,false,staff,SERVICE#GENERAL,positive,false,yelp,cashiers,SERVICE#GENERAL,positive,false,shelves,RESTAURANT#MISCELLANEOUS,positive,false,,SERVICE#GENERAL,positive,true,,,,,,,,,,,,,,,,,,,,,,,,,,,,,,,,
label,PVBFXtUNSZEmbnfi055q2g,2,"I just paid $7 for .5oz of ahi tuna mixed with .5oz of avacado, romaine, and tomatoe. Grey goose martini was mostly dirty. Totally disappointed but I understand corporate training standards on drinks. Bartender was very nice, humorous. Also asked how my drink, as well as my food was on key. A+ on service. Totally cheap on food!",".5oz of ahi tuna mixed with .5oz of avacado, romaine, and tomatoe",FOOD#PRICES,negative,false,Grey goose martini,DRINKS#QUALITY,negative,false,yelp,Bartender,SERVICE#GENERAL,positive,false,,SERVICE#GENERAL,positive,true,food,FOOD#PRICES,negative,false,,,,,,,,,,,,,,,,,,,,,,,,,,,,,,,,
label,pF87YFtAkEd-8fcXtzzC3w,1,Currently here. Took 15 minutes to get a cup of water. Our waitress is extremely rude and threw our drinks down. My experience is already ruined before my food came simply because of the lack of service. If you're hungry go somewhere else.,,SERVICE#GENERAL,negative,true,waitress,SERVICE#GENERAL,negative,false,yelp,drinks,SERVICE#GENERAL,negative,false,,,,,,,,,,,,,,,,,,,,,,,,,,,,,,,,,,,,,,,,
label,kC38P384eVAs9SPEjU75dw,2,This place has wonderful ambiance and is spacious for group dining. The food and service however are terrible. Everyone had something that tasted funky or didn't come right. With the kitchen upstairs and our table downstairs every problem took twice as long to work out as well. It is way overpriced. I don't recommend it and won't go back.,ambiance,AMBIENCE#GENERAL,positive,false,food,FOOD#QUALITY,negative,false,yelp,service,SERVICE#GENERAL,negative,false,,RESTAURANT#PRICES,negative,true,,,,,,,,,,,,,,,,,,,,,,,,,,,,,,,,,,,,
label,9F1q7618Fmf2QFGo_sPbrg,3,"For me, I would take panoramic over other coffee chains. They have more to offerr; bakery, full menu AND great bottomless coffee. A good place to slow down and read a paper or chat while slowly sipping coffee (who has time to do that anymore?!?). Well, panera begs you to make time. The food isn't newsworthy (omelets, sandwiches and such), but it has enough diversity to please everyone from mr. Healthy egg white spinach to mr. Loaded baglewhich. The bakery items are seriously good stuff though (I have to put blinders on when I'm being all health conscious)",panoramic,RESTAURANT#GENERAL,positive,false,bakery,FOOD#STYLE_OPTIONS,positive,false,yelp,coffee,DRINKS#QUALITY,positive,false,food,FOOD#QUALITY,neutral,false,bakery items,FOOD#QUALITY,positive,false,,,,,,,,,,,,,,,,,,,,,,,,,,,,,,,,
label,hlMS_Am9OqoFORRAW96FIw,1,so we ordered brisket sandwiched from here waited forever for it to arrive and when the food came they had run our of brisket and given us roast beef instead. They never bothered to tell us that and some of the order was wrong completely. we called them and said they would remake the wrong items not the roast beef and they wanted the food back. the staff were very rude,,SERVICE#GENERAL,negative,true,brisket sandwich,FOOD#QUALITY,negative,false,yelp,staff,SERVICE#GENERAL,negative,false,,,,,,,,,,,,,,,,,,,,,,,,,,,,,,,,,,,,,,,,
label,o-Z2Voi2UmHujo0TEIcfCw,5,"Finally the brick and mortar version of Spot has arrived!  Inventive burgers, the freshest ingredients and a lively, family friendly atmosphere. Get there during the off peak times if you want to be ensured a seat. This place fills up fast!  Looking forward to eating my way through the burgers, then the other hot specialty sandwiches.    Still sniffing the fat and juices on my fingers long after the burger is gone. Sad to have to wash my hands.",burgers,FOOD#QUALITY,positive,false,ingredients,FOOD#QUALITY,positive,false,yelp,atmosphere,AMBIENCE#GENERAL,positive,false,,,,,,,,,,,,,,,,,,,,,,,,,,,,,,,,,,,,,,,,
label,5tyLmfkqov22Asc5CMG2OA,2,"Over priced medicore bar food.   They have a new menu. The menu on their website contained some better options. The new slimmed down menu has fewer and much less appealling offerings. It is now just over priceded bar food. Nothing special here. Burgers, wings, salads and mediocre sushi. Blah.",bar food,FOOD#QUALITY,negative,false,,FOOD#PRICES,negative,true,yelp,menu,FOOD#STYLE_OPTIONS,negative,false,burgers,FOOD#QUALITY,neutral,false,wings,FOOD#QUALITY,neutral,false,salads,FOOD#QUALITY,neutral,false,sushi,FOOD#QUALITY,negative,false,,,,,,,,,,,,,,,,,,,,,,,,
label,TRtzUEDSW4P07ElNTCK5lw,2,"2.5 stars...  I would like to give you a better rating because you're close to being something pretty good but its really not there yet. Like others mention below, the atmosphere is fun and a good local spot but the food has no flavor. The ingredients are there - fresh and good quality, but my taste buds are left screaming for more every time!!",atmosphere,AMBIENCE#GENERAL,positive,false,,RESTAURANT#GENERAL,positive,true,yelp,food,FOOD#QUALITY,negative,false,ingredients,FOOD#QUALITY,positive,false,,,,,,,,,,,,,,,,,,,,,,,,,,,,,,,,,,,,
label,xNwDDFanM_lcGwsDoSShRQ,3,"The place is small, inviting, and clean. However, the service may be a bit forgetful. On two occasions, my dining companion ordered soda and we didn't receive until we were halfway done with our dosas after much prompting.  Otherwise, they offer great dosas (e.g. rava, mysore masala, etc.). You're not coming here for the ambiance. You come here for the dosas. Haven't tried their chaats yet. Plastic utensils. Simple and basic.  Don't really feel like driving all the way out there though :-/",place,RESTAURANT#GENERAL,positive,false,service,SERVICE#GENERAL,negative,false,yelp,dosas,FOOD#QUALITY,positive,false,ambiance,AMBIENCE#GENERAL,negative,false,,RESTAURANT#PRICES,neutral,true,plastic utensils,RESTAURANT#MISCELLANEOUS,neutral,false,,,,,,,,,,,,,,,,,,,,,,,,,,,,
label,CuK_OyoJ7b-jIC8FDwjyIQ,1,I experienced the worst customer service possible I've waited 15 minutes for an employee to ask me if I was being taken care of while my food was done and sitting and also the soda's in the refrigerator were expired and out of date I contacted the manager on duty and the employee did nothing I tried giving them another chance and this continues to be an issue I will no longer come to this location,customer service,SERVICE#GENERAL,negative,false,soda,DRINKS#QUALITY,negative,false,yelp,,SERVICE#GENERAL,negative,true,,,,,,,,,,,,,,,,,,,,,,,,,,,,,,,,,,,,,,,,
label,ZFYaWplFSjk0FfCofZz-Yg,2,Amazing dosas. Terrible everything else. I ordered a chicken curry and the chicken pieces in it were breaded (Were they originally chicken nuggets? Who knows!). Biriyani was bland and featured cheap cinnamon sticks instead of cinnamon bark and obviously frozen mixed veggies. I've heard they've cleaned the place up a little since my visit but the interior was horrendous and dirty.,dosas,FOOD#QUALITY,positive,false,,RESTAURANT#GENERAL,negative,true,yelp,chicken curry,FOOD#QUALITY,negative,false,biriyani,FOOD#QUALITY,negative,false,cinnamon sticks,FOOD#QUALITY,negative,false,mixed veggies,FOOD#QUALITY,negative,false,interior,AMBIENCE#GENERAL,negative,false,,,,,,,,,,,,,,,,,,,,,,,,
label,6cHQxtaHnKpV4yAfPiTS9g,2,"Last Sunday the 13th the family stopped in for lunch. Friendly staff. TVs if you care to watch a game. My wife and I had the clam chowder for starters. It was good, not as hot as it should have been, We split a grouper sandwich. It was small, the fish was about the size of a Craft Cheese Single. It did taste good, but very small. One of my kids ordered the chicken pasta primavera. She said it was tasteless so we sent it back. My second kid had a chicken nuggets meal. She said is was fair but ate most of it.  We all left hungry and made a stop @ Micky Ds on the way home.",staff,SERVICE#GENERAL,positive,false,clam chowder,FOOD#QUALITY,positive,false,yelp,clam chowder,FOOD#QUALITY,negative,false,grouper sandwich,FOOD#QUALITY,positive,false,grouper sandwich,FOOD#PRICES,negative,false,chicken pasta primavera,FOOD#QUALITY,negative,false,chicken nuggets meal,FOOD#QUALITY,neutral,false,,,,,,,,,,,,,,,,,,,,,,,,
label,qS7BFEqhbnd27HV_eDcurg,4,"Very impressed with this place, particularly the menu (amazing) and the food. We ordered the fruit bruschetta (yum, what an awesome idea!) and the Popeye skillet and the Roadhouse sw. Great food, creative options! Couple areas of critique: it was FREEZING (every woman had a sweater on in July) and lack of ambiance. The latter could be easily remedied with some decent background music, and better lighting? (Overhead office lighting is a drag, but large windows a plus) Customer service was good not great, tad disconnected...but it was a holiday weekend. Overall, a keeper. I'll def be back!",this place,RESTAURANT#GENERAL,positive,false,menu,FOOD#STYLE_OPTIONS,positive,false,yelp,food,FOOD#QUALITY,positive,false,fruit bruschetta,FOOD#QUALITY,positive,false,Popeye skillet,FOOD#QUALITY,positive,false,Roadhouse sw,FOOD#QUALITY,positive,false,,AMBIENCE#GENERAL,negative,true,,AMBIENCE#GENERAL,negative,true,background music,AMBIENCE#GENERAL,neutral,false,lighting,AMBIENCE#GENERAL,negative,false,Customer service,SERVICE#GENERAL,positive,false,,,,,,,,
label,rfz83tnAFfFfjc88MNE8fA,2,"We came here for lunch on a Sunday to find that they close for a few hours between lunch and dinner. So be sure to check their hours of operation if you're coming on a Sunday.   The interior is really clean and traditional. Very pretty.    The servers are kind and sweet.  The food is fine.    Lots of traditional fare that extends beyond the normal pad thai and curry.  None of it was memorable though.  Prices were all about $10-$15 each plate for small to mid-small portions.    Like I said, the ambiance is nice and the service is sweet, but it was pretty average for me.",interior,AMBIENCE#GENERAL,positive,false,servers,SERVICE#GENERAL,positive,false,yelp,food,FOOD#QUALITY,neutral,false,,FOOD#STYLE_OPTIONS,positive,true,,DRINKS#PRICES,neutral,true,ambiance,AMBIENCE#GENERAL,positive,false,service,SERVICE#GENERAL,positive,false,,,,,,,,,,,,,,,,,,,,,,,,
label,Xe__9plcT4VI1oAfv9f24Q,3,"2nd time here on Saturday at 6. Reservations were for 615 seated at 7 PM. Hostess said 20 minute wait, significantly underestimated. Same thing happened first time around. Understaffed. Squeeze you in at each table.12 people at each table only room for nine. Not enough room for dishes and drinks. Food is good but everything else below acceptable.",Reservations,SERVICE#GENERAL,negative,false,Hostess,SERVICE#GENERAL,negative,false,yelp,,SERVICE#GENERAL,negative,true,,AMBIENCE#GENERAL,negative,true,Food,FOOD#QUALITY,positive,false,,,,,,,,,,,,,,,,,,,,,,,,,,,,,,,,
label,kU10ra-mj4p73-DTTHFb8w,1,"I can't really rate or comment on the food, the front counter help seemed nice and courteous .. but my big disappointment is, how are you going to buy and be part of such a big franchise and still be so damn cheap and not accept American Express? Really dude?? All because you are to damn cheap to pay the credit card fee!. Really?? Really dude!?.",front counter help,SERVICE#GENERAL,positive,false,,RESTAURANT#PRICES,negative,true,yelp,,RESTAURANT#MISCELLANEOUS,negative,true,,,,,,,,,,,,,,,,,,,,,,,,,,,,,,,,,,,,,,,,
label,F5teuZDjKfq2Dr0II6Db_g,1,"Tonight I went to Superior Grill expecting a delicious tex mex meal with great vibes. First it began with the rude waitress, then the manager came over and made in an appropriate ""joke"" regarding my ethnicity. The cherry on top to this awful evening was when i was served lifeless skinned rubber meat on a platter with lettuce and PEANUT SAUCE, what mexican restaurant puts peanut sauce on a salad. I would recommend not going here EVER unless you want slithery chicken weenus sliding down your throat.",waitress,SERVICE#GENERAL,negative,false,manager,SERVICE#GENERAL,negative,false,yelp,meat,FOOD#QUALITY,negative,false,peanut sauce,FOOD#STYLE_OPTIONS,negative,false,,RESTAURANT#GENERAL,negative,true,,,,,,,,,,,,,,,,,,,,,,,,,,,,,,,,
label,DkrsmadeZJj_GERNMIBxVg,5,"Came here for lunch with my fiancee and friend, found a small table by the window.  they have a great and varied wine selection.  I got a bubbly and my fiancee got some Italian orange soda.  We got the lamb sausage, potato chips, and crab stuffed peppers as ""snacks"" then i got the mozzarella with prosciutto bacon bits sandwich which was delicious and savory while being light and healthy. service was prompt and polite.  rustic, intimate, and cozy wine lounge atmosphere with low to medium noise level.  bathroom door lock and handle are kind of confusing to use at first. would definitely recommend for lunch!",wine selection,DRINKS#STYLE_OPTIONS,positive,false,lamb sausage,FOOD#QUALITY,positive,false,yelp,mozzarella with prosciutto bacon bits sandwich,FOOD#QUALITY,positive,false,service,SERVICE#GENERAL,positive,false,atmosphere,AMBIENCE#GENERAL,positive,false,bathroom door lock and handle,RESTAURANT#MISCELLANEOUS,negative,false,,,,,,,,,,,,,,,,,,,,,,,,,,,,
label,DVwdqnIcG9l9deyAV8cEjA,2,Our waitress was great. The issue was my veggie burger was not cooked. They did take it off the bill but I don't plan on going back.,waitress,SERVICE#GENERAL,positive,false,veggie burger,FOOD#QUALITY,negative,false,yelp,,,,,,,,,,,,,,,,,,,,,,,,,,,,,,,,,,,,,,,,,,,,
label,9YXzd7f_RtPXyv354W9Q7w,1,"I came here for lunch and was very disappointed.  Bland and expensive for the amount and quality of food we received.  Lukewarm, nearly tasteless (how can Mexican food be tasteless???) and a total waste of my lunch hour.  Meh.  Do yourself a favor and support the many authentic, locally owned, non-chain Mexican restaurants.  I was wishing that I had gone to Mi Pueblo instead.......",,RESTAURANT#GENERAL,negative,true,food,FOOD#QUALITY,negative,false,yelp,food,FOOD#PRICES,negative,false,,,,,,,,,,,,,,,,,,,,,,,,,,,,,,,,,,,,,,,,
label,llqUthbVLqU0WDnu-TFh0Q,2,"If I'm going to pay $9 for a burger, it better be good.  My last venture to 500 was a waste of my money.  I got the Turbo burger because I love spice and pickled jalapenos. The fries were great- crispy with the nice earthy tang of truffle- but the burger was seriously disappointing.  I ordered it medium rare and it came out well done and the cheese wasn't even melted. The person who rung me up was sullen and gruff. I had to ask twice to get my cup for water. Really the only good part was the fries. I won't be back.",burger,FOOD#QUALITY,negative,false,fries,FOOD#QUALITY,positive,false,yelp,,SERVICE#GENERAL,negative,true,,FOOD#PRICES,negative,true,Turbo burger,FOOD#STYLE_OPTIONS,neutral,false,,,,,,,,,,,,,,,,,,,,,,,,,,,,,,,,
label,STRDbH66JtZSm60yyjFw1A,5,"Always love coming here with my kids.  Friendly staff that are very accommodating and friendly.  The food is amazing.  Friday and Saturday nights there is buffet as well as every day at lunch.  We haven't eaten anything here that isn't good.  It is our pick amongst the St. Louis area Indian restaurants.  Even though we live in Ballwin near a few other restaurants,  this one is worth the drive!",staff,SERVICE#GENERAL,positive,false,food,FOOD#QUALITY,positive,false,yelp,buffet,FOOD#STYLE_OPTIONS,positive,false,,,,,,,,,,,,,,,,,,,,,,,,,,,,,,,,,,,,,,,,
label,goS6BPv_0nDhy89HJ14XkA,3,"Its a decent place. Not the best italian food I had, but it was good. I was here for restaurant week. I had the lobster ravioli, the meatball appetizer and the brownie dessert. It was all good, nothing stood out as the best thing I have eaten. It was pricey, but I wasn't disappointed. They have a good wine list to choose from. Overall, if you are in the area I would give it a try. Its not something I would trek a long way down to eat.",place,RESTAURANT#GENERAL,neutral,false,italian food,FOOD#QUALITY,neutral,false,yelp,lobster ravioli,FOOD#QUALITY,positive,false,meatball appetizer,FOOD#QUALITY,positive,false,brownie dessert,FOOD#QUALITY,positive,false,,RESTAURANT#PRICES,negative,true,wine list,DRINKS#STYLE_OPTIONS,positive,false,,,,,,,,,,,,,,,,,,,,,,,,
label,zbbj5ZwqG5kj_Zefb2XscA,4,This place used to be much worse but the food has gotten better and the place renovated so the atmosphere is better.,food,FOOD#QUALITY,positive,false,place,AMBIENCE#GENERAL,positive,false,yelp,atmosphere,AMBIENCE#GENERAL,positive,false,,,,,,,,,,,,,,,,,,,,,,,,,,,,,,,,,,,,,,,,
label,oO-Iqg0BJBYkW593wQadlQ,1,"Food was awful!!!!! Tarter sauce tasted old, gumbo tasted like air freshener, and even the salad was horrible, payed way too much for food that was uneatable, very bad experience",Food,FOOD#QUALITY,negative,false,Tarter sauce,FOOD#QUALITY,negative,false,yelp,gumbo,FOOD#QUALITY,negative,false,salad,FOOD#QUALITY,negative,false,,FOOD#PRICES,negative,true,,,,,,,,,,,,,,,,,,,,,,,,,,,,,,,,
label,GCJY4sVAySye62Kv8uof0w,1,"I visited Clayton Barber for the first time today, and will never be back. I'm glad that they are successful enough to run an appointment only barber, but rudely  turning away business with an empty shop is ridiculous.",,SERVICE#GENERAL,negative,true,,,,,yelp,,,,,,,,,,,,,,,,,,,,,,,,,,,,,,,,,,,,,,,,,,,,
label,pouCNK0hBhJc2WY0joqkbQ,4,"Great rich food,  but a lil bit pricey.  Everything tastes wonderful but nothing stays the same the menu is always changing.  The most unique donuts you will find.",food,FOOD#QUALITY,positive,false,food,FOOD#PRICES,negative,false,yelp,menu,FOOD#STYLE_OPTIONS,neutral,false,donuts,FOOD#QUALITY,positive,false,,,,,,,,,,,,,,,,,,,,,,,,,,,,,,,,,,,,
label,WM8hDQi5x5I-gpeUg_GG-g,5,I am new to homebrewing and am so thankful for this place! I've been in once and they answered all my questions. I've even called in when I was having trouble getting my keg tapped and they very pleasantly helped me figure out was was wrong! I love Philly Homebrew Outlet and will be purchasing from them in the future!,this place,RESTAURANT#GENERAL,positive,false,,SERVICE#GENERAL,positive,true,yelp,,,,,,,,,,,,,,,,,,,,,,,,,,,,,,,,,,,,,,,,,,,,
label,hQnGUPmvVwEqq1gwfB4eyw,3,"Had the greek lasagna and greek potatoes.  Pretty good lunch, tasted pretty healthy and I'm not dead tired after lunch.  Best thing about this place...like many hot spots in South Tampa there are smoking hot girls in and out all day.  Now that's yummy.",greek lasagna,FOOD#QUALITY,positive,false,greek potatoes,FOOD#QUALITY,positive,false,yelp,lunch,FOOD#QUALITY,positive,false,,AMBIENCE#GENERAL,positive,true,,,,,,,,,,,,,,,,,,,,,,,,,,,,,,,,,,,,
label,NlJvzUZ_-Ob2F8w2xyuudQ,4,"I went here with a friend of mine for a delightful mid-morning / afternoon treat.  We browsed the farmers market and found some amazing honey, salsa, meats, and more!  Then, we ended up eating in the kitchen and it was delicious!  Followed by lunch we went to the store and bought some macaroons - which was my first time to have these delicacies and they were out of this world!  Overall, we had a lovely time!",honey,FOOD#QUALITY,positive,false,salsa,FOOD#QUALITY,positive,false,yelp,meats,FOOD#QUALITY,positive,false,lunch,FOOD#QUALITY,positive,false,macaroons,FOOD#QUALITY,positive,false,farmers market,AMBIENCE#GENERAL,positive,false,,,,,,,,,,,,,,,,,,,,,,,,,,,,
label,AmCi7F7Yo1Utgzkj886a-w,1,If I could give this 0/5 stars I would. The front desk staff is EXTREMELY RUDE. They are unwilling to help with anything. They overcharge you for everything. Housekeeping threw away some of our personal belongings when they cleaned the room. We ended up moving to a different hotel during the middle of our stay. Stay away from Royal Sonesta!,front desk staff,SERVICE#GENERAL,negative,false,,RESTAURANT#PRICES,negative,true,yelp,housekeeping,SERVICE#GENERAL,negative,false,,,,,,,,,,,,,,,,,,,,,,,,,,,,,,,,,,,,,,,,
label,dIrnN8UBRubrL1Oaw4rq8g,2,"Food: Terrible. We ordered the sashimi combo and the pieces were smaller than the size of a pinky. Everything is overpriced and when the sushi is falling apart you know there's something wrong here. Not surprisingly, the soup were served in small, cheap portions and the greens in our bentos were less that a forkful.   Service: Very friendly and helpful. A couple beside us broke a glass and they cleaned it up with smiles on their faces. Good for them!   Atmosphere: Professional, high class setting with casual shoppers coming in and out since it's the WEM we are speaking of!  Overall: Never coming here again.",sashimi combo,FOOD#QUALITY,negative,false,,FOOD#PRICES,negative,true,yelp,soup,FOOD#QUALITY,negative,false,bentos,FOOD#QUALITY,negative,false,Service,SERVICE#GENERAL,positive,false,Atmosphere,AMBIENCE#GENERAL,positive,false,,,,,,,,,,,,,,,,,,,,,,,,,,,,
label,MBrXrHhRAbM__74YsiQBxw,5,Great place for breakfast. Homemade corn beef hash and biscuits and gravy. Beautiful setting.  Friendly service. Fair prices.  Just a super place to come for breakfast along the water.,place,RESTAURANT#GENERAL,positive,false,corn beef hash and biscuits and gravy,FOOD#QUALITY,positive,false,yelp,setting,AMBIENCE#GENERAL,positive,false,service,SERVICE#GENERAL,positive,false,prices,RESTAURANT#PRICES,positive,false,,,,,,,,,,,,,,,,,,,,,,,,,,,,,,,,
label,mpSF5MNA6lyV_OSkxi4uYg,3,"My wife and I ordered from Copa tonight.  It was surprisingly good. Not great, but good.  I got the coconut shrimp. It was very tasty. It was crispy and flavorful. The dipping sauce was good too, just not enough of it. I enjoyed the pineapple and rice. Although, there could have been more rice.  The chopped salad was decent too. I like the mix of ingredients, especially the jicama.  My wife got the chicken tenders and really liked them.  It's a good bang for you buck type of meal.",coconut shrimp,FOOD#QUALITY,positive,false,dipping sauce,FOOD#QUALITY,positive,false,yelp,pineapple and rice,FOOD#QUALITY,positive,false,chopped salad,FOOD#QUALITY,positive,false,chicken tenders,FOOD#QUALITY,positive,false,,RESTAURANT#PRICES,positive,true,,,,,,,,,,,,,,,,,,,,,,,,,,,,
label,9yQLlmI-uAoTd35g3Az-ug,4,Great seafood - Love the fried shrimp. My husband got the stuff I tried it but didn't like it so much. He's had the stuffed Mirliton,seafood,FOOD#QUALITY,positive,false,fried shrimp,FOOD#QUALITY,positive,false,yelp,stuffed Mirliton,FOOD#QUALITY,negative,false,,,,,,,,,,,,,,,,,,,,,,,,,,,,,,,,,,,,,,,,
label,1C255cHg0dsl71xoFughkA,1,"I love the bacon cheese burger, but everytime I come here no matter how busy it is or even when it's dead I get crap service with crap attitudes from servers. The food and its location being really close to my house are the only reasons I come back.",bacon cheese burger,FOOD#QUALITY,positive,false,,SERVICE#GENERAL,negative,true,yelp,food,FOOD#QUALITY,positive,false,location,LOCATION#GENERAL,positive,false,,,,,,,,,,,,,,,,,,,,,,,,,,,,,,,,,,,,
label,3eRIYY2jMy-LwDmKjhue_w,3,"The quality of the sushi itself is okay, but what really made Crazy Sushi stand out for me was the presentation. I had ordered three rolls and they were arranged neatly on a large platter with a fake bonzai tree! Seaweed salad was good, much better for the price than at Fuji Mountain. A nice BYO location that isn't too far from Penn's campus.",sushi,FOOD#QUALITY,neutral,false,presentation,FOOD#STYLE_OPTIONS,positive,false,yelp,seaweed salad,FOOD#QUALITY,positive,false,seaweed salad,FOOD#PRICES,positive,false,location,LOCATION#GENERAL,positive,false,,,,,,,,,,,,,,,,,,,,,,,,,,,,,,,,
label,ExRfuo5_4evEVT3L4c_Nng,5,Go here for breakfast almost every weekend. Great huevos rancheros and enchiladas montadas. They are willing to make something special if you want.,huevos rancheros,FOOD#QUALITY,positive,false,enchiladas montadas,FOOD#QUALITY,positive,false,yelp,,SERVICE#GENERAL,positive,true,,,,,,,,,,,,,,,,,,,,,,,,,,,,,,,,,,,,,,,,
label,tLIBML_k6DXA3H9PEjj7HA,3,Don't be cheated - this is an American restaurant. Too much salad dressing on every dish. The only good thing is the uni.,,RESTAURANT#GENERAL,negative,true,salad dressing,FOOD#QUALITY,negative,false,yelp,uni,FOOD#QUALITY,positive,false,,,,,,,,,,,,,,,,,,,,,,,,,,,,,,,,,,,,,,,,
label,TbikcUbqg1ku2H69GqZnLA,3,"When I ate here I chose something a little off compared to the other things on the menu. Unfortunately my sense of trying something new was unsuccessful because I didn't really like the meal. Every pasta I had tasted dry to me, like it needed more sauce. But the environment there is perfect and you feel amazing . Just wish they could work on the food a bit.",meal,FOOD#QUALITY,negative,false,pasta,FOOD#QUALITY,negative,false,yelp,environment,AMBIENCE#GENERAL,positive,false,food,FOOD#QUALITY,negative,false,,,,,,,,,,,,,,,,,,,,,,,,,,,,,,,,,,,,
label,BbNDLthnnCMi7vcua1neuA,2,"Mediocre bbq and service. Lukewarm food. The way they bring food out is like this: one person gets their plate, another person gets their plate in about 10 min, and the third person gets theirs in about 5 min after that. Portions of the actual meat are pretty small. Bbq sauce is given if requested but they don't volunteer it. It is given in a small plate so you have a limit.",bbq,FOOD#QUALITY,negative,false,service,SERVICE#GENERAL,negative,false,yelp,food,FOOD#QUALITY,negative,false,,SERVICE#GENERAL,negative,true,portions,FOOD#QUALITY,negative,false,bbq sauce,FOOD#QUALITY,negative,false,,,,,,,,,,,,,,,,,,,,,,,,,,,,
label,AzK0yfSVQ0tPQWJevNOyiw,2,"So the atmosphere isn't that great. Kind of like a cafeteria that plays TMZ. I'm a vegetarian so there isn't much for me here. Which should have been obvious due to the ""7 course beef"" offering. I got the lemongrass tofu which was ok....I won't be returning to this place.",atmosphere,AMBIENCE#GENERAL,negative,false,7 course beef,FOOD#STYLE_OPTIONS,negative,false,yelp,lemongrass tofu,FOOD#QUALITY,neutral,false,,RESTAURANT#GENERAL,negative,true,,,,,,,,,,,,,,,,,,,,,,,,,,,,,,,,,,,,
label,zQ3kBDE1LVcavOojztYZOA,3,"Went here on Xmas eve or Xmas day and it was one of the only places open. This is not a fancy place, just a very simple family restaurant/diner.  We were suprised to see options that were only 5.95 whether they were breakfast options, or different chicken, pork, or pasta options. With it, you had choices of sides, and got a dessert. It was a really good deal, and it was tasty, and considering the price not bad at all. Again, not a fancy place, but a decent place for a stop for some food, and better than just a greasy fast food place.",place,RESTAURANT#GENERAL,positive,false,options,FOOD#STYLE_OPTIONS,positive,false,yelp,price,RESTAURANT#PRICES,positive,false,food,FOOD#QUALITY,positive,false,,,,,,,,,,,,,,,,,,,,,,,,,,,,,,,,,,,,
label,VIC5IRQmCsVD3nfdH7d__g,5,"Like walking into a cave with Bacchus himself trying to sell you a bottle or 10. Best selection in town and by far the most enthusiasm for wine, which, in New Orleans, is saying something. Make the trip out.",selection,FOOD#STYLE_OPTIONS,positive,false,,AMBIENCE#GENERAL,positive,true,yelp,enthusiasm for wine,SERVICE#GENERAL,positive,false,,,,,,,,,,,,,,,,,,,,,,,,,,,,,,,,,,,,,,,,
label,zSNwKMaT4e1UWVS5tBouaA,3,"It was pretty full when I went like always. The food was pretty tasty, albeit a bit on the salty side. The service on the otherhand was rather mediocre. We didn't receive a menu when we first entered and had to call multiple waiters. We had to wait a long time for our food while people around us got theirs already. Although I understand that it was very busy, they pretty much ignored us with no apologies at all.",food,FOOD#QUALITY,positive,false,salty,FOOD#QUALITY,negative,false,yelp,service,SERVICE#GENERAL,negative,false,,SERVICE#GENERAL,negative,true,,,,,,,,,,,,,,,,,,,,,,,,,,,,,,,,,,,,
label,t-VxzwrFJtm13GGcBO-2bw,4,"We love AJ's! The specialty food selections are outstanding. We love to get a light dinner and eat on the patio. Tonight we enjoyed soup and salads. The service experience at the deli counter is sort of hit and miss. Tonight they were understaffed.  We will be back.   First of all, the service at the deli was much improved since our last visit!  Tonight was another fun dinner on the patio! We enjoyed the fountain while enjoying our meal of turkey chili and the NY steak dinner. We will be back!",AJ's,RESTAURANT#GENERAL,positive,false,specialty food selections,FOOD#QUALITY,positive,false,yelp,soup and salads,FOOD#QUALITY,positive,false,patio,AMBIENCE#GENERAL,positive,false,service experience at the deli counter,SERVICE#GENERAL,neutral,false,service at the deli,SERVICE#GENERAL,positive,false,fountain,AMBIENCE#GENERAL,positive,false,turkey chili,FOOD#QUALITY,positive,false,NY steak dinner,FOOD#QUALITY,positive,false,,,,,,,,,,,,,,,,
label,GbMcGLNuFFAEx38nUkxkgQ,4,Rons still a regular stop for me.  Usually some good craft beers  (excellent this week) and tasty food  (if you know what to stick with on menu).,Rons,RESTAURANT#GENERAL,positive,false,craft beers,DRINKS#QUALITY,positive,false,yelp,food,FOOD#QUALITY,positive,false,,,,,,,,,,,,,,,,,,,,,,,,,,,,,,,,,,,,,,,,
label,E7igMHkfseLnRS7118KERw,3,"Great looking place. Lots of beer obviously. A beer lovers haven. Other than that, not much to differentiate this place from another bar except they have more beer choices. Not that a bar is a problem. Just looking for better food with the beer to enhance this place.  Hope they try to step up their game in that area. Kudos to our server Dave.  He was awesome. Great service, beard and stache!",place,RESTAURANT#GENERAL,positive,false,beer,DRINKS#STYLE_OPTIONS,positive,false,yelp,food,FOOD#QUALITY,negative,false,server Dave,SERVICE#GENERAL,positive,false,service,SERVICE#GENERAL,positive,false,,,,,,,,,,,,,,,,,,,,,,,,,,,,,,,,
label,i9wzer9wJInHnlh6zVH56w,1,"Made reservation a over a week ago with request to be near band. On arrival they had no record of it. And we are stuck in the back next to the bathroom. 5 stars for cocktail,food, band and Atmosphere. 1 stars for utter lack of organization.  The woman who took it said she was new. Always call to confirm I guess. Completely disappointed esp since we've had such amazing experiences here in the past.  There open tables near front and were told they were for people with reservations",cocktail,DRINKS#QUALITY,positive,false,food,FOOD#QUALITY,positive,false,yelp,band,AMBIENCE#GENERAL,positive,false,Atmosphere,AMBIENCE#GENERAL,positive,false,,SERVICE#GENERAL,negative,true,organization,SERVICE#GENERAL,negative,false,,,,,,,,,,,,,,,,,,,,,,,,,,,,
label,X6zqJa_N5zbT9vowCkZlng,1,"Three things to note:  1. Hand grenades are too sweet for my liking. 2. It's dirty, smelly, and loud in here (typical Bourbon). 3. Bartenders are rude.",Hand grenades,DRINKS#QUALITY,negative,false,,AMBIENCE#GENERAL,negative,true,yelp,,SERVICE#GENERAL,negative,true,,,,,,,,,,,,,,,,,,,,,,,,,,,,,,,,,,,,,,,,
label,7RGcPXsoYgXWt7n1TKWNdA,5,"My first time here, after getting a recommendation from a colleague. One of the best cubans i have ever had, including cubans from La Teresita in Tampa, and a few places in Miami. I will definitely be trying the other items on the menu, including the yellow rice & black beans, as well as the picadillo.   What makes this family run business even better is the level of engagement each customer gets from the staff, most notably the owner and mother, who makes sure that you feel welcome and entertained. If you are looking for authentic Cuban staples, you absolutely have to experience this place.",cubans,FOOD#QUALITY,positive,false,yellow rice & black beans,FOOD#QUALITY,positive,false,yelp,picadillo,FOOD#QUALITY,positive,false,staff,SERVICE#GENERAL,positive,false,place,RESTAURANT#GENERAL,positive,false,,,,,,,,,,,,,,,,,,,,,,,,,,,,,,,,
label,r9Qn_Y3nT-AWDdi3pCz07A,3,"The food was decent. Several items were a little too salty, but overall it was  a good experience. The service could be a little tighter.",food,FOOD#QUALITY,neutral,false,,FOOD#QUALITY,negative,true,yelp,,SERVICE#GENERAL,negative,true,,,,,,,,,,,,,,,,,,,,,,,,,,,,,,,,,,,,,,,,
label,W67uN2nO0Tp22YMoano4JA,4,"A++ for ambience. Very cozy English pub feel. Great drinks too - the bartenders here know how to mix 'em. That being said, the prices are steep (I paid $7 for a standard mixed drink) and the seating is limited.",ambience,AMBIENCE#GENERAL,positive,false,drinks,DRINKS#QUALITY,positive,false,yelp,prices,DRINKS#PRICES,negative,false,seating,RESTAURANT#MISCELLANEOUS,negative,false,,,,,,,,,,,,,,,,,,,,,,,,,,,,,,,,,,,,
label,c0tA0llPYzPeeqe83z7gCw,2,"On dec 4th went for dinner at earls in Sherwood Park. I have not been there for awhile as it is usually too busy to get  in Anyways they  have done renovations since,so went too see and I was not impressed.They use high end materials from cultural stone to beautiful light fixtures but when u look around it is all booths just like Humphrey s. No privacy, and no class......and still noisy",renovations,RESTAURANT#MISCELLANEOUS,negative,false,materials,AMBIENCE#GENERAL,positive,false,yelp,booths,AMBIENCE#GENERAL,negative,false,,AMBIENCE#GENERAL,negative,true,,RESTAURANT#PRICES,negative,true,,,,,,,,,,,,,,,,,,,,,,,,,,,,,,,,
label,1jpF8KyWSbXoNYQ4gDaIng,1,"I don't know why you people are all here lying to people. I got the fish tacos, they are absolutely disgusting. Is the fish boiled? Who boils fish for tacos? Because that is literally what this tastes like. Irrelevant, it is still Bland and tasteless. Also, I asked for flour tortillas, and I still got corn so thank you for that. And then the tortilla completely disintegrates on contact: what the heck is happening here?? Biggest waste of money ever, and into the trash it goes. I guess the hunt for good taco spots in town continues.",fish tacos,FOOD#QUALITY,negative,false,fish,FOOD#QUALITY,negative,false,yelp,tortillas,FOOD#QUALITY,negative,false,,SERVICE#GENERAL,negative,true,,RESTAURANT#PRICES,negative,true,,,,,,,,,,,,,,,,,,,,,,,,,,,,,,,,
label,MmE5fyvflezLXbQyFkPivg,2,"It's probably only good because this is the only Asian/Taiwanese place. But I don't know what the hype of the braised beef noodle is because it wasn't even good. The whole soup was really bland. The noodles were kind of hard and had absolutely no flavor.  They have a little boba section in the restaurant, so that's kind of cool, a lot of drink options. The environment is decent.",braised beef noodle,FOOD#QUALITY,negative,false,soup,FOOD#QUALITY,negative,false,yelp,noodles,FOOD#QUALITY,negative,false,boba section,DRINKS#STYLE_OPTIONS,positive,false,environment,AMBIENCE#GENERAL,positive,false,,,,,,,,,,,,,,,,,,,,,,,,,,,,,,,,
label,ItdTEzYEXp5ZUGIOAV4rZg,2,Was visiting Indy and checking out different Brewery's.  This place was really hard to find it's on the back side of Mass Ave.   total hole in the wall place.     I believe this place just opened and they were still working on it.   The space has character.    You can get a pint and some pretzels and chill out a bit.   I'm a fan of brown ale and theirs was just incredible light for me and didn't feel any of the other beers I tried.    If  you're in town stop by as I'm thinking this place will improve.,place,RESTAURANT#GENERAL,neutral,false,,SERVICE#GENERAL,neutral,true,yelp,space,AMBIENCE#GENERAL,positive,false,brown ale,DRINKS#QUALITY,positive,false,pretzels,FOOD#QUALITY,positive,false,,,,,,,,,,,,,,,,,,,,,,,,,,,,,,,,
label,a5Fmk_AKuHdJRFgrmucIyw,2,"Good beer selection, knowledgeable staff. Had I not ordered food here it would have an enjoyable experience. Some how received undercooked inedible Fries, one well done burger and one burger medium rare.... both burgers were served on buns that felt straight out of the refrigerator, slightly hard and cold. If you're drunk the foods good, don't eat it sober, plus add in service that was lackluster at best. We couldn't even eat the food and left it untouched. We told the the bartender no we didn't want it and what was wrong with it. Charged us full price.",beer selection,DRINKS#STYLE_OPTIONS,positive,false,staff,SERVICE#GENERAL,positive,false,yelp,Fries,FOOD#QUALITY,negative,false,burgers,FOOD#QUALITY,negative,false,buns,FOOD#QUALITY,negative,false,,SERVICE#GENERAL,negative,true,,FOOD#PRICES,negative,true,,,,,,,,,,,,,,,,,,,,,,,,
label,Kv_hgW-j2hRagpfds7088Q,1,"I'm convinced that the people that work here just make whatever they think you should drink rather than what you actually order. I especially love when one certain condescending employee informs me that ""skim milk beverages do not come with whip"" after requesting no whip. Oh but it does...every.single.time. The other day, I ordered 3 items and every single item was either made incorrectly or completely the wrong thing.  Also, the drive thru....so slow. Glacial, even.",,SERVICE#GENERAL,negative,true,employee,SERVICE#GENERAL,negative,false,yelp,drinks,DRINKS#QUALITY,negative,false,drive thru,SERVICE#GENERAL,negative,false,,,,,,,,,,,,,,,,,,,,,,,,,,,,,,,,,,,,
label,_h6NvONt5vGBrEMqEZQcnQ,4,"We're new to the area, so we're exploring restaurants every weekend. My wife has already proclaimed The Roost her favorite, and that's based on many years of breakfast dining, not just in this area. They bake all their own breads and pastries. Try the raisin bread or sugar-cinnamon toast. Yum! The cornbread casserole is another dish my wife and I highly recommend. And the service was prompt, attentive and very friendly. Enjoy!",The Roost,RESTAURANT#GENERAL,positive,false,bread and pastries,FOOD#QUALITY,positive,false,yelp,raisin bread,FOOD#QUALITY,positive,false,sugar-cinnamon toast,FOOD#QUALITY,positive,false,cornbread casserole,FOOD#QUALITY,positive,false,service,SERVICE#GENERAL,positive,false,,,,,,,,,,,,,,,,,,,,,,,,,,,,
label,oBTsbtqTwrjP_yCMpmD-Ww,1,"Posted hours indicate a 9pm closing on Monday nights. Last night at 8:53, the door was locked. Not a big deal, but as I glanced at the hours a surly clerk near the door said in a rather mean tone, ""It doesn't matter anyway. GOODBYE!""  Really? That's how you do business? Be shitty and antagonistic to customers because you close early?   I've spent my final dime in Am. Spirits, there are other options.",,SERVICE#GENERAL,negative,true,Am. Spirits,RESTAURANT#GENERAL,negative,false,yelp,,,,,,,,,,,,,,,,,,,,,,,,,,,,,,,,,,,,,,,,,,,,
label,tbLx0sZ8sLtOSsl6y7eETA,3,"I didn't stay in the hotel. My opinion is about the beach and the bar. The beach is actually great, has beautiful view. But the service in the bar is rude. Instead of serving people they discuss with customers, coworkers. I saw one bartender how he slapped a girl in a butt. Really? No respect. The next thing is the place for renting jet ski.Idk who was that but blonde guy doesn't have a clue how to deal with people. He was rude!!",beach,LOCATION#GENERAL,positive,false,bar,RESTAURANT#GENERAL,negative,false,yelp,,SERVICE#GENERAL,negative,true,,SERVICE#GENERAL,negative,true,,,,,,,,,,,,,,,,,,,,,,,,,,,,,,,,,,,,
label,Fk-ExH4pvjBcwCuTG81gSg,5,"This may look like just a hole in the wall food establishment but if you judge on that alone, you'd be missing out. The food here is fantastic from the way it's prepared to the seasoning they use. Amazing gyros, fish and chicken in a variety of ways. Whatever you do, please try some dessert when you go.",food,FOOD#QUALITY,positive,false,gyros,FOOD#QUALITY,positive,false,yelp,dessert,FOOD#STYLE_OPTIONS,positive,false,,,,,,,,,,,,,,,,,,,,,,,,,,,,,,,,,,,,,,,,
label,2KxuaCOzuXpnZ--1BA-X_g,1,"I wanted to like this place as the food was good but they crammed our party of 11 into a single booth which ruined the night. On top of that, the portions were not sized right for our group so most left hungry and the service was poor. The oddest thing of the night was they kept locking the door to the restaurant despite it being middle of service (7pm). Would not recommend.",food,FOOD#QUALITY,positive,false,,AMBIENCE#GENERAL,negative,true,yelp,,SERVICE#GENERAL,negative,false,portions,FOOD#QUALITY,negative,false,door,RESTAURANT#MISCELLANEOUS,negative,false,,,,,,,,,,,,,,,,,,,,,,,,,,,,,,,,
label,9gMt7m8MNYlLY2srGtffpw,2,The shop was busy when I entered so I was not greeted.  I noticed a sign in sheet on the counter and being reasonably intelligent I signed in on the next available slot.  After waiting for over twenty minutes I rechecked and found that my name had been inadvertently crossed off.  Not wanting to make a scene with a person I expected to then cut my hair I left.  I am probably not going to give them a second chance.  On the plus side I did enjoy watching some March Madness action while I waited.,,SERVICE#GENERAL,negative,true,March Madness,AMBIENCE#GENERAL,positive,false,yelp,,,,,,,,,,,,,,,,,,,,,,,,,,,,,,,,,,,,,,,,,,,,
label,sOVkacZiV50dLVnAecUrlA,1,This was the worst Chinese food I have ever had. Tasteless soup. Dry and over cooked wontons. The bourbon chicken made us ill. The friendly and courteous staff almost made me not want to write this. Be afraid. Be very afraid.,Chinese food,FOOD#QUALITY,negative,false,soup,FOOD#QUALITY,negative,false,yelp,wontons,FOOD#QUALITY,negative,false,bourbon chicken,FOOD#QUALITY,negative,false,staff,SERVICE#GENERAL,positive,false,,,,,,,,,,,,,,,,,,,,,,,,,,,,,,,,
label,3TARi_spDx3FfTmZXktAiQ,4,"We had a reservation and were seated immediately upon arrival. The menu consists of small plates, so really nice for sampling a number of different items on the menu. We tried the sliders, fish tacos, fries and mac&cheese, all of which were pretty good. There was a lovely duo playing during our dinner and it was nice that we were able to enjoy the music and still have a conversation.  A few tips if you have never been here before: - Make sure you have a reservation or be subject to dine/stand at the bar. - Even with a reservation, you are instructed to complete your dining within 90 minutes of being seated. Understandable.  - Try everything!",,SERVICE#GENERAL,positive,true,menu,FOOD#STYLE_OPTIONS,positive,false,yelp,sliders,FOOD#QUALITY,positive,false,fish tacos,FOOD#QUALITY,positive,false,fries,FOOD#QUALITY,positive,false,mac&cheese,FOOD#QUALITY,positive,false,,AMBIENCE#GENERAL,positive,true,,,,,,,,,,,,,,,,,,,,,,,,
label,2D5DtWKHbN2ghLvxQmG-1w,4,"I'm visiting St. Louis for a few days and had a taste for Indian food! I decided to opt out of some of the more expensive restaurants in favor of this restaurant. I am glad I did! This place is a little deceiving (its a small restaurant in a strip mall) but boy, does it deliver. Everyone I went with enjoyed the food, it was fresh and extremely delicious. Not to mention, quite affordable! The owner was friendly to boot. Check this place out for a really good meal!",this restaurant,RESTAURANT#GENERAL,positive,false,food,FOOD#QUALITY,positive,false,yelp,food,FOOD#PRICES,positive,false,the owner,SERVICE#GENERAL,positive,false,,,,,,,,,,,,,,,,,,,,,,,,,,,,,,,,,,,,
label,_tAwaRbfLK0UJBQUsDKbeA,2,"I went here for the first time today with my 4 year old son and left very disappointed. The food was fantastic, but the following 3 things left me reeling: bad service, price, and food portion. We went on a Sunday afternoon with around 10 other patrons in the whole restaurant. Our waitress was so slow, rarely even checked on us, and had an attitude. I spent $30 on myself and a kids meal, and the portions looked like they came out of ice cream scoops, including the frickin meat! I will not be returning here. If you want great BBQ for a good price that will fill you up, try Lil mickeys BBQ in St. Peters.",food,FOOD#QUALITY,positive,false,service,SERVICE#GENERAL,negative,false,yelp,price,RESTAURANT#PRICES,negative,false,food portion,FOOD#STYLE_OPTIONS,negative,false,,,,,,,,,,,,,,,,,,,,,,,,,,,,,,,,,,,,
label,ZwfIQvFSAHgeVFjghAMO_A,5,Had brunch on a Saturday. Food was delicious! Service was great! Great atmosphere! Will definitely put this place in my rotation of favorite spots!,Food,FOOD#QUALITY,positive,false,Service,SERVICE#GENERAL,positive,false,yelp,atmosphere,AMBIENCE#GENERAL,positive,false,place,RESTAURANT#GENERAL,positive,false,,,,,,,,,,,,,,,,,,,,,,,,,,,,,,,,,,,,
label,OXiYENXL835wlj9vZ2KN1Q,4,"I love Natural Cafe! Delicious and fresh food and you can get anything from salads to pasta to salmon, rice, and veggies. I also love the environment and the little flowers they have on every table. I've had a few subpar interactions with the employees there but nothing to stop me from coming back.",Natural Cafe,RESTAURANT#GENERAL,positive,false,food,FOOD#QUALITY,positive,false,yelp,environment,AMBIENCE#GENERAL,positive,false,employees,SERVICE#GENERAL,negative,false,,,,,,,,,,,,,,,,,,,,,,,,,,,,,,,,,,,,
label,XzHZUPfZ_mBQCIuDk9n5iQ,2,"Ate during the lunch buffet. Not terribly impressed, the food was slightly below average and the goat curry was stringy and I found three bone shards. If you are hungry and want a lunch where you don't have to wait for service then you'll be fine. otherwise I would pass.",food,FOOD#QUALITY,negative,false,goat curry,FOOD#QUALITY,negative,false,yelp,,SERVICE#GENERAL,positive,true,,,,,,,,,,,,,,,,,,,,,,,,,,,,,,,,,,,,,,,,
label,TcYhEIcbrVlojGfS4sTZOQ,2,"Food and beer was great. Very dissatisfied with the service, sat at a table and waited 10 minutes to get served. Come here almost every week and have never had a issue with the service.",food,FOOD#QUALITY,positive,false,beer,DRINKS#QUALITY,positive,false,yelp,service,SERVICE#GENERAL,negative,false,,,,,,,,,,,,,,,,,,,,,,,,,,,,,,,,,,,,,,,,
label,-7wZLHrckzyOr-fX_CiT4A,5,"So worth the wait! The crepes are amazing! I also loved the grits, which is rare. Tried my hubby's pancakes....awesome!",crepes,FOOD#QUALITY,positive,false,grits,FOOD#QUALITY,positive,false,yelp,pancakes,FOOD#QUALITY,positive,false,,,,,,,,,,,,,,,,,,,,,,,,,,,,,,,,,,,,,,,,
label,FbYShDGBTQb2tTEHHAtG9g,3,Just average. My wife and I were one of two occupied tables on the night we visited. The food was OK but nothing special. The prices were along the lines of Lil' Abners and Daisy Maes which ARE good steak houses. The staff seem pretty uninterested as a whole. Service was slow even though there was only one other table besides ours. I had expected better for the price paid.,,RESTAURANT#GENERAL,neutral,true,food,FOOD#QUALITY,neutral,false,yelp,prices,RESTAURANT#PRICES,neutral,false,,SERVICE#GENERAL,negative,true,staff,SERVICE#GENERAL,negative,false,,,,,,,,,,,,,,,,,,,,,,,,,,,,,,,,
label,a4p0CRz3A-APavbD1IT8UQ,4,Took a long time for me to finally come here due to formerly lack luster reviews. I had a great experience at lunch.  Service was kind and attentive; there were only 1-2 other customers. All 3  rolls were delicious.   I will say they were notably smaller than other sushi spots. We noticed right away after sharing 3 rolls that we were not bursting with fullness as usual.  Prices were typical. Specialty roll options not as abundant as competitors. Groupon deal was irresistible. Would have no problem returning but a couple other spots would probably be my first choice.,,SERVICE#GENERAL,positive,true,rolls,FOOD#QUALITY,positive,false,yelp,rolls,FOOD#STYLE_OPTIONS,negative,false,prices,FOOD#PRICES,neutral,false,Groupon deal,RESTAURANT#PRICES,positive,false,rolls,FOOD#QUALITY,negative,false,,,,,,,,,,,,,,,,,,,,,,,,,,,,
label,ByfKn8haJuDr0uX3nPGqwg,2,"Don't expect to get any work done here.  Despite a lovely remodel of the bicycle store that was here, along with a good sized parking lot, there is quite literally not a single table in the entire joint with an electrical outlet.  No plugging in your phone, computer, nothing.  Sat here for tea (which was fine) for 20 minutes, didn't even unpack my stuff. I won't be back.",,AMBIENCE#GENERAL,negative,true,tea,DRINKS#QUALITY,neutral,false,yelp,,AMBIENCE#GENERAL,negative,true,,,,,,,,,,,,,,,,,,,,,,,,,,,,,,,,,,,,,,,,
label,LF6id28EwPloQoIySIT5aw,3,"I want to love this place, but I can't. It's hipsterific, with kombucha, decent snacks, great teas, and a quiet chill place to work. However, they have the worst WiFi. In fact just consider that this place does not offer Wifi.",kombucha,DRINKS#STYLE_OPTIONS,neutral,false,snacks,FOOD#STYLE_OPTIONS,positive,false,yelp,teas,DRINKS#STYLE_OPTIONS,positive,false,place,RESTAURANT#GENERAL,negative,false,,AMBIENCE#GENERAL,positive,true,WiFi,RESTAURANT#MISCELLANEOUS,negative,false,,,,,,,,,,,,,,,,,,,,,,,,,,,,
label,zGOU_UKPvMDaERtDqLsowg,5,"Amazing food, great atmosphere. Glad we now have a quick way to get our Indian cuisine! I will definitely be back and bringing friends and family!!",food,FOOD#QUALITY,positive,false,atmosphere,AMBIENCE#GENERAL,positive,false,yelp,,,,,,,,,,,,,,,,,,,,,,,,,,,,,,,,,,,,,,,,,,,,
label,qN7RfHGqzuWz-aE4Ik7_GA,1,Pretty looking on the outside. Still amateur on the inside. This owner has an inflated ego.. don't pump your money into inferior product. Go to La Bonne Boucher. It's the real thing.,outside,AMBIENCE#GENERAL,positive,false,,SERVICE#GENERAL,negative,true,yelp,product,FOOD#QUALITY,negative,false,,,,,,,,,,,,,,,,,,,,,,,,,,,,,,,,,,,,,,,,
label,Msb02JkfIqVIEOjR9wFYPg,3,"We have been here three times, and each time have had to send back a burger that was way overcooked.  The replacement burgers have all been good, but that means one person is done eating by the time the other person is not even started yet.  They claim to have the best burgers, but I guess not the best cooks.  The atmosphere is cool, the beer garden one of the best around.  I want to come back and have an experience that makes me give them a better rating.",burgers,FOOD#QUALITY,negative,false,replacement burgers,FOOD#QUALITY,positive,false,yelp,atmosphere,AMBIENCE#GENERAL,positive,false,beer garden,AMBIENCE#GENERAL,positive,false,,SERVICE#GENERAL,negative,true,,,,,,,,,,,,,,,,,,,,,,,,,,,,,,,,
label,c_Iy6yFpJzQqCsYb5IX-rw,3,"Ate there last night with the family. They did a nice job of fixing the place up, though the layout is odd. You have to walk all the way to the back before you see anyone. The staff very nice. We ordered empanadas which I was not impressed with, very dry crust. My wife had the chicken quesadilla which she enjoyed. I had the pequena while I thought was very good though the fried pork was over cooked. My daughter had a cheeseburger which she wasn't impressed with, just a plain ol frozen patty.  I do recommend the Spanish/Mexican food, this place has potential if they focused on one genre of food.",the place,RESTAURANT#GENERAL,positive,false,layout,AMBIENCE#GENERAL,negative,false,yelp,,SERVICE#GENERAL,positive,true,empanadas,FOOD#QUALITY,negative,false,chicken quesadilla,FOOD#QUALITY,positive,false,pequena,FOOD#QUALITY,positive,false,fried pork,FOOD#QUALITY,negative,false,cheeseburger,FOOD#QUALITY,negative,false,,,,,,,,,,,,,,,,,,,,
label,3lwAyxwk0zxKI8JkINtXXQ,4,What a hidden gem of a restaurant.  While everyone else go to Taco Bus and stands in long lines I'll come here to Taco Son and get just as good of food without the lines. Everything here is made from scratch and you can taste the freshness of the ingredients.  The portions are big so you get your monies worth. Oh and their breakfast burritos are killer grab you one after a long night.,Taco Son,RESTAURANT#GENERAL,positive,false,food,FOOD#QUALITY,positive,false,yelp,,RESTAURANT#PRICES,positive,true,breakfast burritos,FOOD#QUALITY,positive,false,,,,,,,,,,,,,,,,,,,,,,,,,,,,,,,,,,,,
label,JBWZmBy69VMggxj3eYn17Q,5,"My boyfriend and I tried this deli for the first time today. I had a turkey, avocado & bacon panini and he ha a buffalo chicken wrap. We will definitely be returning. The wait for food wasn't too long, which is always appreciated during lunch hour. There was SO much to choose from. They have salads, soup, macaroni, sandwiches and hot food. I love a deli that has many options to choose from!","turkey, avocado & bacon panini",FOOD#QUALITY,positive,false,buffalo chicken wrap,FOOD#QUALITY,positive,false,yelp,,SERVICE#GENERAL,positive,true,,FOOD#STYLE_OPTIONS,positive,true,,,,,,,,,,,,,,,,,,,,,,,,,,,,,,,,,,,,
label,K_J3aKPiNQ2onKCblbOFtw,3,"Applebee's isn't really my thing, but I had a gift card, so we stopped in. It was actually pretty good. My wife's portabella chicken was very tasty and perfectly cooked. My bourbon street steak was also cooked nicely, but it did have that weird Applebee's steak texture. The pretzel sticks were a really good appetizer, though. Ceasar salads were fresh and good. Not too shabby, Applebee's!",portabella chicken,FOOD#QUALITY,positive,false,bourbon street steak,FOOD#QUALITY,neutral,false,yelp,pretzel sticks,FOOD#QUALITY,positive,false,Ceasar salads,FOOD#QUALITY,positive,false,,,,,,,,,,,,,,,,,,,,,,,,,,,,,,,,,,,,
label,_i0Ofi9owHHxypgetGRL4g,5,"The service and beer selection were in my top 5 favorites of all time.  The staff were very attentive and helpful. They helped one another. The food was great from the Kobe sliders to the crab-cake.  When in town, this is my favorite place to go.",service,SERVICE#GENERAL,positive,false,beer selection,DRINKS#STYLE_OPTIONS,positive,false,yelp,staff,SERVICE#GENERAL,positive,false,Kobe sliders,FOOD#QUALITY,positive,false,crab-cake,FOOD#QUALITY,positive,false,place,RESTAURANT#GENERAL,positive,false,,,,,,,,,,,,,,,,,,,,,,,,,,,,
label,oPes27qEd4prveltgBtxJg,5,"This place is pretty amazing with a novel idea. The pizza is great, the choices are vast.   Only suggestion: clean the walls, they are covered in dust and lint (look up)",place,RESTAURANT#GENERAL,positive,false,idea,RESTAURANT#MISCELLANEOUS,positive,false,yelp,pizza,FOOD#QUALITY,positive,false,choices,FOOD#STYLE_OPTIONS,positive,false,walls,AMBIENCE#GENERAL,negative,false,,,,,,,,,,,,,,,,,,,,,,,,,,,,,,,,
label,Y9X_pfyN7KyuLsJREUqPPw,1,Their salsa was flavorless. To many green peppers in the fijitas compared to the onion and the chicken was dry.  Had to ask for more torrtias because the first ones where dried out. The kid who brought out the food didn't warn is how hot the plates where. My food was just pay. And by the way no Tolet seat in the men's room.,salsa,FOOD#QUALITY,negative,false,fijitas,FOOD#QUALITY,negative,false,yelp,chicken,FOOD#QUALITY,negative,false,torrtias,FOOD#QUALITY,negative,false,,SERVICE#GENERAL,negative,true,men's room,RESTAURANT#MISCELLANEOUS,negative,false,,,,,,,,,,,,,,,,,,,,,,,,,,,,
label,jTm_vNAYnlmE5eWNUPbEYg,4,"Awesome sports bar--- and the food is great. This place gets overrun with the college crowd during the school year, but doesn't get as clubby/crowded as Sportsman's.",sports bar,RESTAURANT#GENERAL,positive,false,food,FOOD#QUALITY,positive,false,yelp,,AMBIENCE#GENERAL,negative,true,,,,,,,,,,,,,,,,,,,,,,,,,,,,,,,,,,,,,,,,
label,MBq7Sz8-ETH_cgpFpquO8w,1,"Arriving into a restaurant that very clearly made no changes from the Mexican restaurant it used to be. Was given a crumpled up piece of paper that was my drink menu. All bar drinks were $10+ but none were even remotely worth it. I ordered a beer and had to give a second choice in case they didn't have the first one, apparently it happens a lot. As we are getting a small appetizer a bus boy proceeds to tell us gross stories of children contaminating the tables and how he can never get them clean. I was very unhappy with this place.",,RESTAURANT#GENERAL,negative,true,drink menu,DRINKS#STYLE_OPTIONS,negative,false,yelp,bar drinks,DRINKS#PRICES,negative,false,beer,DRINKS#QUALITY,negative,false,,SERVICE#GENERAL,negative,true,,AMBIENCE#GENERAL,negative,true,,,,,,,,,,,,,,,,,,,,,,,,,,,,
label,4OcRfnJiiJF6MROv9hTxQg,5,"Just had chicken taco, steak taco, and chicken salad. Chicken was a little cold from sitting on the cool salad container. The chicken was fresh and juicy. The steak taco was delicious and had ample meat for the taco size. The salad had a zesty lime based salad dressing which was delicious. My regret is that I did not order enough food so my wife asked me to go out and get more tacos.",chicken,FOOD#QUALITY,neutral,false,chicken,FOOD#QUALITY,positive,false,yelp,steak taco,FOOD#QUALITY,positive,false,salad dressing,FOOD#QUALITY,positive,false,,,,,,,,,,,,,,,,,,,,,,,,,,,,,,,,,,,,
label,716BqF7YD-eAiI0PpYL9jw,4,"Easy online ordering. Food was good. We had a cheesesteak with fried onions, mozzarella sticks, onion rings, and a pizza steak.  One thing I didn't like was that the cheese steak automatically comes with sauce. It doesn't mention this on the menu so I didn't know to order it without sauce.",online ordering,RESTAURANT#MISCELLANEOUS,positive,false,Food,FOOD#QUALITY,positive,false,yelp,cheesesteak,FOOD#QUALITY,negative,false,menu,RESTAURANT#MISCELLANEOUS,negative,false,,,,,,,,,,,,,,,,,,,,,,,,,,,,,,,,,,,,
label,fEq7AbUENPZlNhIjHr9NzQ,1,Slllooowweeessttt deli counter ever! Been waiting for over 20 minutes for the Daily Special of all things. I could have caught the fish myself in this amount of time.,,SERVICE#GENERAL,negative,true,deli counter,SERVICE#GENERAL,negative,false,yelp,,,,,,,,,,,,,,,,,,,,,,,,,,,,,,,,,,,,,,,,,,,,
label,GV3MduPY1YtOP5vzTYEU3A,2,"This was the second time coming here.  First time we came the wait for a drink (only got a drink) was quite long.  The second time coming was for dinner.  I personally ordered a Johnny Blaze...this was good; however, the burger was half the size of the bun...So I feel like I just got one slider and a handful of fries.  The other order was a Ruuurouper (grouper tacos) which was sooooo rubbery tasting I actually spit it out.   It seemed as though I was gnawing on my tire.  It's unfortunate as the ambiance is pretty decent and wait staff was attentive.",drink,DRINKS#QUALITY,negative,false,,SERVICE#GENERAL,negative,true,yelp,Johnny Blaze,FOOD#QUALITY,positive,false,burger,FOOD#QUALITY,negative,false,Ruuurouper (grouper tacos),FOOD#QUALITY,negative,false,ambiance,AMBIENCE#GENERAL,positive,false,wait staff,SERVICE#GENERAL,positive,false,,,,,,,,,,,,,,,,,,,,,,,,
label,HcTEtuUhgJ6R-ASWTHxgWg,4,Great cake like donuts and the peanut butter fluff is their best one especially with peanuts. I would say the best local place in the area.,cake like donuts,FOOD#QUALITY,positive,false,peanut butter fluff,FOOD#QUALITY,positive,false,yelp,place,RESTAURANT#GENERAL,positive,false,,,,,,,,,,,,,,,,,,,,,,,,,,,,,,,,,,,,,,,,
label,y8PRSF5TV3O71Iq0c6lxQA,3,Add a star if you are vegan. Good tasting but a bit greasy. The mock meats were pretty good especially the chicken drumsticks.Reasonably priced. Will go back and try  little fresher choices.,mock meats,FOOD#QUALITY,positive,false,,FOOD#QUALITY,negative,true,yelp,chicken drumsticks,FOOD#QUALITY,positive,false,,FOOD#PRICES,positive,true,,,,,,,,,,,,,,,,,,,,,,,,,,,,,,,,,,,,
label,nr3xQXUl3f-BwBWbu8ipsQ,2,The food is never consistently the same.  I guess they must be one of the busiest locations in St Louis so beware of a constant crowed and don't except to get the same quality you might get at your usual location. And the Internet connection is useless.,food,FOOD#QUALITY,negative,false,,AMBIENCE#GENERAL,negative,true,yelp,Internet connection,RESTAURANT#MISCELLANEOUS,negative,false,,,,,,,,,,,,,,,,,,,,,,,,,,,,,,,,,,,,,,,,
label,BliwMeEGWCN34_Wg9vsyEA,4,"Upscale place, food is great here and next door at Kona's. Live music in the back at Apri's. Whole package, you won't be disappointed.",place,RESTAURANT#GENERAL,positive,false,food,FOOD#QUALITY,positive,false,yelp,live music,AMBIENCE#GENERAL,positive,false,,,,,,,,,,,,,,,,,,,,,,,,,,,,,,,,,,,,,,,,
label,WzUTZT2T9sksgsJqbjJypA,5,This place is great! I always get the buffalo chicken cheesesteak with American cheese and it comes out good every time. The employees are always nice as well. Only thing I don't like is the horrible yellow lights they have above the seating area outside! It's like an instant headache!,place,RESTAURANT#GENERAL,positive,false,buffalo chicken cheesesteak,FOOD#QUALITY,positive,false,yelp,employees,SERVICE#GENERAL,positive,false,yellow lights,AMBIENCE#GENERAL,negative,false,,,,,,,,,,,,,,,,,,,,,,,,,,,,,,,,,,,,
label,ERTejHvTN99rza1kDmHA3g,2,"Ugly yellow building - very ghetto. Very out-of-place looking, especially for this side of town. How is the food? To be honest, we really didn't like it.",building,LOCATION#GENERAL,negative,false,,LOCATION#GENERAL,negative,true,yelp,food,FOOD#QUALITY,negative,false,,,,,,,,,,,,,,,,,,,,,,,,,,,,,,,,,,,,,,,,
label,5_xWY_CT7mAZrpkCdxCLFQ,2,"The deals that are offered at Ninki are great (who wouldn't want 50% off sushi rolls!), but the actual sushi isn't that great. My sushi was very bland and had no taste to it. I tried some of the fried rice from my husband's bento box and it was bland as well! The only thing I liked was their gyoza...now that was good!  Probably won't be returning here anytime soon.",deals,RESTAURANT#PRICES,positive,false,sushi,FOOD#QUALITY,negative,false,yelp,fried rice,FOOD#QUALITY,negative,false,gyoza,FOOD#QUALITY,positive,false,,,,,,,,,,,,,,,,,,,,,,,,,,,,,,,,,,,,
label,PfzN_ZsOPIvpXZKUWNRyOw,3,"I had the Pineapple Basil Lemonade which is absolutely delicious! I'm glad I got it at the happy hour price of $5 though, because I doubt there was more than a teaspoon of alcohol in it, so $9 would have been overpriced. I also had the fried chicken salad and was not at all impressed. For $14 the portion was small and it was nothing but the salad mix you buy in a bag at the grocery and a couple fried chicken strips with honey mustard dressing",Pineapple Basil Lemonade,DRINKS#QUALITY,positive,false,,DRINKS#PRICES,negative,true,yelp,happy hour price,DRINKS#PRICES,positive,false,fried chicken salad,FOOD#QUALITY,negative,false,$14,FOOD#PRICES,negative,false,,,,,,,,,,,,,,,,,,,,,,,,,,,,,,,,
label,FCPtJw25EBC8lP16KbB4vw,5,My brother raves about this place and it was better than described. The service and food was excellent. Everyone was very nice and attentive. Cannot say enough good things about the place.,this place,RESTAURANT#GENERAL,positive,false,service,SERVICE#GENERAL,positive,false,yelp,food,FOOD#QUALITY,positive,false,,,,,,,,,,,,,,,,,,,,,,,,,,,,,,,,,,,,,,,,
label,mtng7UJud3_cbJnMVVQ-Hw,3,"Ate Here Today the appetizers are good. Had the  fried Calamari was very good! I had the pasta an didnt really like it.But ate it it was really  too much garlic.I""ll come here for the  appetizers!",appetizers,FOOD#QUALITY,positive,false,fried Calamari,FOOD#QUALITY,positive,false,yelp,pasta,FOOD#QUALITY,negative,false,,,,,,,,,,,,,,,,,,,,,,,,,,,,,,,,,,,,,,,,
label,nWmaktIuBdAJvVDwDdUOEQ,1,"Decent food, but avoid this place during lunch hour at all costs. They can't seem to get their orders straight. Wasted an hour. As can be seen on lower rating for this particular branch, the service problem seems to be unique to this particular location.",food,FOOD#QUALITY,neutral,false,,SERVICE#GENERAL,negative,true,yelp,this place,RESTAURANT#GENERAL,negative,false,,,,,,,,,,,,,,,,,,,,,,,,,,,,,,,,,,,,,,,,
label,JpGfQxcoEq9CF7lq4ktawg,2,It's not the greatest jack in the box I have been to but I feel like all fast food in the city is gross and not fast at all! Try something local instead so many great spots.,jack in the box,RESTAURANT#GENERAL,negative,false,,SERVICE#GENERAL,negative,true,yelp,,FOOD#QUALITY,negative,true,,,,,,,,,,,,,,,,,,,,,,,,,,,,,,,,,,,,,,,,
label,-eZEYx1zW2c8qdn1MKTN9g,3,"Somehow feels a little sad compared to all the other grocery stores in the area. The first thing you see upon entry is a small anti-shoplifting turnstile shoved in the corner that you have to walk though to get in. Last time I checked, Brentwood isn't exactly a hotbed of grocery theft. Target and trader joes are one block over and things are always cheerful and un-turnstiled over there  It's also quite dark inside, and there doesn't appear to be much turnover in the salad bar and hot deli section  However, they did carry kimchi. That is a definite win over schnucks.",,AMBIENCE#GENERAL,negative,true,anti-shoplifting turnstile,AMBIENCE#GENERAL,negative,false,yelp,,AMBIENCE#GENERAL,negative,true,salad bar and hot deli section,FOOD#QUALITY,negative,false,kimchi,FOOD#QUALITY,positive,false,,,,,,,,,,,,,,,,,,,,,,,,,,,,,,,,
label,2F3w_DTm4NDJILFdsWaGiA,1,Service- painfully slow. 10 minutes for drinks. One water refill.  Order accuracy- terrible. Ordered steak medium (not medium well) received well dine,Service,SERVICE#GENERAL,negative,false,,SERVICE#GENERAL,negative,true,yelp,,SERVICE#GENERAL,negative,true,steak,FOOD#QUALITY,negative,false,,,,,,,,,,,,,,,,,,,,,,,,,,,,,,,,,,,,
label,ZfL9tJyAVGc94XnpGgXqbQ,1,"Placed a phone order for pick up; Jefferson's burger. This is the sad looking item I found when I got back to my office. No cheese, two strips and barely a squirt. Menu clearly states this item should come w/American cheese and I did not opt out. Temp was lukewarm at best.  Extremely disappointed. Attached image to backup my review.",Jefferson's burger,FOOD#QUALITY,negative,false,cheese,FOOD#STYLE_OPTIONS,negative,false,yelp,,FOOD#QUALITY,negative,true,,,,,,,,,,,,,,,,,,,,,,,,,,,,,,,,,,,,,,,,
label,-_Qm71-tfK5bzGZwrJ3Yhw,4,"EAT HERE ON TUESDAY: the special is phenomenal. Call and order a large plain for pickup. Starting at 6pm, you will be charged the same amount as the time you called. Call in at 6:30pm, you get a large plain pizza for $6.30. Hard to beat. Pizza is quite good.",special,FOOD#QUALITY,positive,false,large plain pizza,FOOD#PRICES,positive,false,yelp,pizza,FOOD#QUALITY,positive,false,,,,,,,,,,,,,,,,,,,,,,,,,,,,,,,,,,,,,,,,
label,1r0TZiIjYonzHlUnjwVVYg,2,"Went last night since we live nearby. Salsa was really good with lots of cilantro, just as I like it. Chips, however, were really greasy. We ordered the chicken fajitas for 2. Really disappointed by it. The chicken and rice lacked flavor. The guacamole should have been called onion slaw because it was mostly onion with some liquified avocado mixed in. The tortillas were maybe 3 inches around and held one piece of chicken and some cheese. They were homemade, but kind of dried out even they were brought to us wrapped in foil. Don't think we'll go back. :(.",Salsa,FOOD#QUALITY,positive,false,Chips,FOOD#QUALITY,negative,false,yelp,chicken fajitas,FOOD#QUALITY,negative,false,chicken and rice,FOOD#QUALITY,negative,false,guacamole,FOOD#QUALITY,negative,false,tortillas,FOOD#QUALITY,negative,false,,,,,,,,,,,,,,,,,,,,,,,,,,,,
label,P-HWARFHkyHeeSc5cK5W_Q,3,"The second time I went here wasn't nearly a good as the first. The beer situation was similar but the mussels were only ok, the broth terrible. The calamari was listed as lightly breaded but was mostly breading. Still a decent place but I guess the meal depends more on the cook that evening.",,RESTAURANT#GENERAL,negative,true,beer,DRINKS#QUALITY,neutral,false,yelp,mussels,FOOD#QUALITY,negative,false,broth,FOOD#QUALITY,negative,false,calamari,FOOD#QUALITY,negative,false,,RESTAURANT#GENERAL,positive,true,,,,,,,,,,,,,,,,,,,,,,,,,,,,
label,Yk1rX9s9_Hc2pLW4VtwM-Q,2,"Burgers were good - not great.  Fries are ok at best but they give you a very large portion for the price. Although, if I'm going to pay $7 for a burger, I might as well pay $3 more at another restaurant for a burger that's great and also not a fast food burger.",burgers,FOOD#QUALITY,positive,false,fries,FOOD#QUALITY,neutral,false,yelp,fries,FOOD#PRICES,positive,false,burgers,FOOD#PRICES,negative,false,,RESTAURANT#GENERAL,negative,true,,,,,,,,,,,,,,,,,,,,,,,,,,,,,,,,
label,J4bewYavb3HEhYkEOc3QFQ,4,"Spice n Grill has the best Indian food in St. Louis. We had the beef nihari, palak paneer, and naan. The palak and beef were perfectly spiced, adequately spicy, and crave-worthy. I've never had a nihari dish before and I will be sure to try it again.   The restaurant doesn't have great seating  in the store, so I will take food to go next time. The owner served us and he was very nice, but I don't think people eat in the restaurant very often.   I was so excited to see that the previous owners of 'Indian Food' have opened a new restaurant and I would recommend it if you're in the mood for delicious take-out.",Indian food,FOOD#QUALITY,positive,false,beef nihari,FOOD#QUALITY,positive,false,yelp,palak paneer,FOOD#QUALITY,positive,false,naan,FOOD#QUALITY,neutral,false,seating,AMBIENCE#GENERAL,negative,false,owner,SERVICE#GENERAL,positive,false,,,,,,,,,,,,,,,,,,,,,,,,,,,,
label,64heHyDtwXbOdb4EyyKSnA,2,"At first I thought the prices here were pretty decent, but then I realized that they charge for every add on- chips/salsa, rice and beans, etc. I would be fine with this if the food was exceptional, but it is subpar. Both times I've been here, my side order of rice has been hard and dry, and burritos sad and limp. Additionally, the waitress we've had the two times going there had a horrible attitude. The only thing that saves this place is the guac, and the strong margaritas. Their strategy must be to get people drunk enough to not care about what they're eating and the rude service.",prices,RESTAURANT#PRICES,negative,false,food,FOOD#QUALITY,negative,false,yelp,rice,FOOD#QUALITY,negative,false,burritos,FOOD#QUALITY,negative,false,waitress,SERVICE#GENERAL,negative,false,guac,FOOD#QUALITY,positive,false,margaritas,DRINKS#QUALITY,positive,false,,,,,,,,,,,,,,,,,,,,,,,,
label,U-3oj_EQVJiIVFiAZBA8ZA,3,"In Brentwood for work this week and I came here based on the previews. The food is good but that's all, good. Nor great... mediocre beef burrito bowl. Place and process similar to a Chipotle but my vote would go to Chipotle.",food,FOOD#QUALITY,neutral,false,beef burrito bowl,FOOD#QUALITY,neutral,false,yelp,,SERVICE#GENERAL,neutral,true,place,RESTAURANT#GENERAL,neutral,false,,,,,,,,,,,,,,,,,,,,,,,,,,,,,,,,,,,,
label,t_6K8YBwfVyqjnAt4YBkcQ,1,"Food is typical Steak 'n Shake.. My issue here is with the service. Awful, awful, awful. Took my kids for breakfast and waited over 30 minutes for pancakes and eggs. Asked for salsa, ate entire breakfast before it showed up. Coffee refill?  Promised but never delivered. I don't expect McDonald's speed, but this is Steak 'n Shake, not a full service restaurant. Should be able to get in and out relatively quickly.",Food,FOOD#QUALITY,neutral,false,service,SERVICE#GENERAL,negative,false,yelp,,SERVICE#GENERAL,negative,true,,SERVICE#GENERAL,negative,true,,SERVICE#GENERAL,negative,true,Steak 'n Shake,RESTAURANT#GENERAL,negative,false,,,,,,,,,,,,,,,,,,,,,,,,,,,,
label,6nn-UdDSIomFbSR-lI6TcQ,3,"Went here for dinner today. Here is the review, good and bad. We got salsa and that was homemade and it was delicious! Also, the steak was not too bad, just slightly burnt. It was alright. The fries were very good, the bread was yummy. Overall a good or okay experience. Wish the steak wasn't so burnt, but I'll be back!",salsa,FOOD#QUALITY,positive,false,steak,FOOD#QUALITY,neutral,false,yelp,fries,FOOD#QUALITY,positive,false,bread,FOOD#QUALITY,positive,false,,,,,,,,,,,,,,,,,,,,,,,,,,,,,,,,,,,,
label,Epqq93V48NgS_7lWAwzubw,2,"Decent meal, fair price.  Service poor,  getting more coffee proved a chore. Waited ten minutes while I watched my waitress clean.  The days of Bob Evans being a great place seems to waning. I doubt Mr Evans wanted his customers to leave without more coffee.",meal,FOOD#QUALITY,neutral,false,price,RESTAURANT#PRICES,positive,false,yelp,service,SERVICE#GENERAL,negative,false,coffee,DRINKS#QUALITY,neutral,false,Bob Evans,RESTAURANT#GENERAL,negative,false,,,,,,,,,,,,,,,,,,,,,,,,,,,,,,,,
label,gkUw708T1nVrRKONTj2OBQ,1,Omg. Don't go here....waited and waited for my food . When it came out only half was there...waited more for my pancakes asked for more ice tea....waited no ice teabut... the food was good,,SERVICE#GENERAL,negative,true,food,FOOD#QUALITY,positive,false,yelp,pancakes,FOOD#QUALITY,neutral,false,ice tea,DRINKS#QUALITY,negative,false,,,,,,,,,,,,,,,,,,,,,,,,,,,,,,,,,,,,
label,rRypyR30ErdKInuStnymRg,4,"Strawberry smoothie, you are too good to me. If you're still okay with drinking cold drinks before work when it's 20 degrees outside, head to Starbucks.   The staff is friendly, the drinks are delicious (although they are overpriced) and all of the Christmas goodies inside are awesome.   Great place to relax or prep for a work day.   See you again soon Southport Starbucks!",strawberry smoothie,DRINKS#QUALITY,positive,false,staff,SERVICE#GENERAL,positive,false,yelp,drinks,DRINKS#PRICES,negative,false,drinks,DRINKS#QUALITY,positive,false,Christmas goodies,AMBIENCE#GENERAL,positive,false,,RESTAURANT#GENERAL,positive,true,,,,,,,,,,,,,,,,,,,,,,,,,,,,
label,cjKlwEl2pqLN4nJvl7wUSA,4,"4 stars for 1/2 off Burger Tuesdays.  personal favorites: San Remo and Burger Benedict friends's favorites: Carribean  I come here every Wednesday during the school year. The burger deal is absolutely fantastic, and the burgers are delicious! Copa is usually busiest at noon on Wednesdays. The line is quite long during the school year around noon, and the line dies down after 1:30 pm. Copa is great for 2 people and also great for large parties. They have a basement that's great for accomodating large parties.  This is a popular lunch spot for the Penn student/faculty community and anyone who works in the Penn medical system.",Burger Tuesdays,FOOD#PRICES,positive,false,burger deal,FOOD#PRICES,positive,false,yelp,burgers,FOOD#QUALITY,positive,false,Copa,RESTAURANT#GENERAL,positive,false,basement,AMBIENCE#GENERAL,positive,false,,,,,,,,,,,,,,,,,,,,,,,,,,,,,,,,
label,dn5WKtuGBxoWmVlT9KMjBA,3,"First time being here.  It was a nice place but empty.  Had one old man sitting in there, then us two 40 somethings, then another old man.  That was it.   We came during happy hour, basically waiting for Snake and Jakes to open up so we came here to kill some time.    Beer selection was nice, Magic Hat, Fat Tire, Blue Moon, etc.  Prices were ok too.  Lotsa dark woods and a few TVs and a lonely but attractive bartender that was very nice.    Nothing bad to say about this place other than it was kinda dead.  It was very clean looking and nicely decorated, just kinda boring.",place,RESTAURANT#GENERAL,positive,false,beer selection,DRINKS#STYLE_OPTIONS,positive,false,yelp,prices,DRINKS#PRICES,positive,false,bartender,SERVICE#GENERAL,positive,false,atmosphere,AMBIENCE#GENERAL,negative,false,,,,,,,,,,,,,,,,,,,,,,,,,,,,,,,,
label,dLJK7FNRSQcCMxZRZH8OFA,3,"We must have arrived at the absolute worst time on a Sunday morning -- had to wait a Loooooong time for table. The menu was concise but had choices that appealed to everyone in my party. Server was a bit scattered, but it was VERY crowded... Something must have gone awry with our order -- food kept arriving at tables that were seated well after we were -- but, we were not in a hurry and when the food arrived it was quite good. Wait and crowdedness was frustrating, but I'll give 'em another try with an earlier arrival !",,SERVICE#GENERAL,negative,true,menu,FOOD#STYLE_OPTIONS,positive,false,yelp,server,SERVICE#GENERAL,negative,false,,AMBIENCE#GENERAL,negative,true,food,FOOD#QUALITY,positive,false,,,,,,,,,,,,,,,,,,,,,,,,,,,,,,,,
label,7b8kUPREsEoII7U1RjJs3A,5,"WOW!  The food is oh so good.  I've eaten at a lot of plant based food restaurants at different locations all around Philadelphia and the surrounding counties.   Hands down HipCityVeg has the best tasting vegan food that I've ever tasted.  It is my new lunch spot.  The Philly Steak and carrot ginger drink was absolutely delicious!  I had my food delivered to my job and it arrived way before the estimated delivery time provided.  Two thumbs up, I highly recommend HipCityVeg.",food,FOOD#QUALITY,positive,false,Philly Steak,FOOD#QUALITY,positive,false,yelp,carrot ginger drink,DRINKS#QUALITY,positive,false,,SERVICE#GENERAL,positive,true,,,,,,,,,,,,,,,,,,,,,,,,,,,,,,,,,,,,
label,F99EHFlmHnt3U6wSdM2KoA,2,Not the greatest fast food place to hit at night.  I was driving through one night and had to stop and use the restroom and get some food. The employees looked at me with almost disqust that I was in there. Not that I'm one of those people but maybe I was the wrong white girl in the wrong neighborhood at the wrong time? Not really sure. It's pretty much almost downtown past the arch right off 70 so it was convenient. It was pretty clean for the most part as well. Just didn't like the whole vibe going on inside.,fast food place,RESTAURANT#GENERAL,negative,false,,SERVICE#GENERAL,negative,true,yelp,location,LOCATION#GENERAL,positive,false,,AMBIENCE#GENERAL,negative,true,,RESTAURANT#MISCELLANEOUS,positive,true,,,,,,,,,,,,,,,,,,,,,,,,,,,,,,,,
label,iKPCtAvscLm_bm3F9gQV_A,2,"I'll start with the good...food was pretty good and a decent portion. The price for a sandwich and non alcoholic drink ran me around $13 which is to be expected in the airport.   The bad...I had to wait 47 minutes for said sandwich. Don't choose this establishment if you are in a hurry. Lastly, the manager changed the channel with less than a minutes in an OT football game, because the LSU game came on. Everyone was screaming for him to change it back, but he said it was ""company policy.""",food,FOOD#QUALITY,positive,false,price,FOOD#PRICES,neutral,false,yelp,,SERVICE#GENERAL,negative,true,,AMBIENCE#GENERAL,negative,true,,,,,,,,,,,,,,,,,,,,,,,,,,,,,,,,,,,,
label,9b4hz7HY4fLYfE1o3z17bA,3,Was not to bad.  gaucamole tasted like it was from a jar. Not fresh at all.  Got a Pork Burritto that was good though.,gaucamole,FOOD#QUALITY,negative,false,Pork Burritto,FOOD#QUALITY,positive,false,yelp,,,,,,,,,,,,,,,,,,,,,,,,,,,,,,,,,,,,,,,,,,,,
label,PvZvLfodXgbqqZT2q65HwA,3,Went here when they first opened. They only had one flavor... it wasn't that great. Everything was overpriced and we left spending about 70-80 dollars for three people and it wasn't filling.  *it is not Cajun style seafood. The sauce tastes like a mixture between buffet style sauces with fish sauce.  Giving them a solid three because there are better places to eat at,flavor,FOOD#STYLE_OPTIONS,negative,false,,RESTAURANT#PRICES,negative,true,yelp,,FOOD#QUALITY,negative,true,sauce,FOOD#QUALITY,negative,false,,,,,,,,,,,,,,,,,,,,,,,,,,,,,,,,,,,,
label,zvSCU6NlZ9vbt-GowXq7HQ,4,"Pleasant place. Great service. Parking can get difficult but roadside parking with a few parking lots are available. Came here for restaurant week. Loved the salads , fresh buttery foccacio bread sticks(we asked for extras), and pizzas. Cauliflower pizza was our favourite wood fire taste to it..delicious. loved the deserts, devoured them. Antipasto platter was good first course but they mentioned roasted veggies as part of the dish but only thing roasted was cauliflower there was olives and roasted red pepper seemed out of the can. Nevertheless very tasty and finished the plate . Pasta was decent not outstanding.",place,RESTAURANT#GENERAL,positive,false,service,SERVICE#GENERAL,positive,false,yelp,parking,LOCATION#GENERAL,negative,false,salads,FOOD#QUALITY,positive,false,focacio bread sticks,FOOD#QUALITY,positive,false,pizzas,FOOD#QUALITY,positive,false,cauliflower pizza,FOOD#QUALITY,positive,false,deserts,FOOD#QUALITY,positive,false,antipasto platter,FOOD#QUALITY,positive,false,pasta,FOOD#QUALITY,neutral,false,,,,,,,,,,,,
label,RnwgT0y0hgennVJIFDqguQ,5,"best chinese/taiwanese/fusion in reno, hands down. definitely try the more unique stuff like the sandwiches and pancakes, but the old standbys are also good. can't really be beat for quality and the price is reasonable too. plus.... boba tea. yum.",chinese/taiwanese/fusion,RESTAURANT#GENERAL,positive,false,sandwiches,FOOD#QUALITY,positive,false,yelp,pancakes,FOOD#QUALITY,positive,false,,FOOD#QUALITY,positive,true,,RESTAURANT#PRICES,positive,true,boba tea,DRINKS#QUALITY,positive,false,,,,,,,,,,,,,,,,,,,,,,,,,,,,
label,BtZPrk3q8t0ZZ8nDSwJdlg,2,"Service was friendly.  Good wine pour.  I ordered simple apps in the spirit of time, of course, I'm at an airport.  It took forty, yes 40, minutes for a cup of gumbo (pre- made item, just needs to be scooped out and plopped in cup). I am sure no one reads airpprt reviews be a use you get what you get.  If this restaurant was outside an airport it wouldn't make it.  Nice people.  Good wine pour.  But that's it.",Service,SERVICE#GENERAL,positive,false,wine pour,DRINKS#QUALITY,positive,false,yelp,,SERVICE#GENERAL,negative,true,people,SERVICE#GENERAL,positive,false,wine pour,DRINKS#QUALITY,positive,false,restaurant,RESTAURANT#GENERAL,negative,false,,,,,,,,,,,,,,,,,,,,,,,,,,,,
label,rZmBNfihjuQo6Bk5J06yOA,4,"I love Mr. Wizard's because they offer frozen yogurt which is a  lot healthier than frozen custard. I like that they offer some pre-select combinations or you can create your own. The only part that sucks is that there is only outside seating so if it's cold outside, plan to eat in your car.",frozen yogurt,FOOD#QUALITY,positive,false,pre-select combinations,FOOD#STYLE_OPTIONS,positive,false,yelp,outside seating,AMBIENCE#GENERAL,negative,false,,,,,,,,,,,,,,,,,,,,,,,,,,,,,,,,,,,,,,,,
label,r8Wxogmo8RSDuTEteAAx-w,4,"Fun and enjoyable place to sample unique wines. Sarah our host made the experience a wonderful occasion. A must new stop on the winery trail. Try it, you'll like it!",place,RESTAURANT#GENERAL,positive,false,wines,DRINKS#STYLE_OPTIONS,positive,false,yelp,Sarah,SERVICE#GENERAL,positive,false,,,,,,,,,,,,,,,,,,,,,,,,,,,,,,,,,,,,,,,,
label,H3GMAUhQitqkLPLdN27dXw,2,Food is overpriced and the menu online is not the same as the menu in the cafe.  The food is the same but the prices are vastly different.  False advertising. Not impressed.,Food,FOOD#PRICES,negative,false,menu,RESTAURANT#MISCELLANEOUS,negative,false,yelp,prices,FOOD#PRICES,negative,false,,,,,,,,,,,,,,,,,,,,,,,,,,,,,,,,,,,,,,,,
label,JTt8b3zxPdJ0JGbsQ3moxw,2,Okay food. The biscuits are good. Be warned! They will try and trick you into ordering extra sauces and spreads. It's almost $1 just for a little bit of citrus butter which is too expensive for the quality.,food,FOOD#QUALITY,neutral,false,biscuits,FOOD#QUALITY,positive,false,yelp,citrus butter,FOOD#PRICES,negative,false,,,,,,,,,,,,,,,,,,,,,,,,,,,,,,,,,,,,,,,,
label,7NDSCcDLxNpdZdS6pHwgTA,5,Love this place. Love my Mots & my Tom hehe all these guys are super funny and they know their stuff.,place,RESTAURANT#GENERAL,positive,false,,SERVICE#GENERAL,positive,true,yelp,,,,,,,,,,,,,,,,,,,,,,,,,,,,,,,,,,,,,,,,,,,,
label,TYslH-CAecjJxLNs96KduA,5,"Lovely little restaurant which was converted from a house...lots of history to this place.  The patio area is romantic and the bar is fun to hang out in. Very good food and surprisingly not expensive. Amazing brunch on Sundays.  You know this place is great when Pamela Anderson, Brad Pitt, Jennifer Aniston, and Bill Belamy (heh heh) have been seen dining there.",restaurant,RESTAURANT#GENERAL,positive,false,patio area,AMBIENCE#GENERAL,positive,false,yelp,bar,AMBIENCE#GENERAL,positive,false,food,FOOD#QUALITY,positive,false,food,FOOD#PRICES,positive,false,brunch,FOOD#STYLE_OPTIONS,positive,false,,,,,,,,,,,,,,,,,,,,,,,,,,,,
label,Gyw77tgrqdHnDBI6WfFjMw,3,"I actually eat here at least once a month . The food is good and the service compliments it. You will fall in love with there zucchini muffins. I always leave with some stashed in my purse, you know for later. The prices are cheap and they have a fantastic frozen yogurt bar . with unlimited toppings. Have fun !! yum yum",food,FOOD#QUALITY,positive,false,service,SERVICE#GENERAL,positive,false,yelp,zucchini muffins,FOOD#QUALITY,positive,false,prices,RESTAURANT#PRICES,positive,false,frozen yogurt bar,FOOD#STYLE_OPTIONS,positive,false,,,,,,,,,,,,,,,,,,,,,,,,,,,,,,,,
label,HX_02aNBcVJctMkSUzZV3A,2,Really was expecting more.  I usually go to the Wilmot location but thought I'd check this one out.  Huge mistake.  Went with a party of 6.  The only thing that looked close to what I ate growing up in Japan was the Tokyo ramen.  The curry rice was a joke.   I mean....broccoli?  Sushi was meh.  The 20 minute drive to speedway and Wilmot is worth not having the regret you'll have from eating here.,,RESTAURANT#GENERAL,negative,true,Tokyo ramen,FOOD#QUALITY,positive,false,yelp,curry rice,FOOD#QUALITY,negative,false,sushi,FOOD#QUALITY,negative,false,,,,,,,,,,,,,,,,,,,,,,,,,,,,,,,,,,,,
label,I64eVtoBWV47Tnhv09gAsA,5,"We went at the recommendation of a friend.  We got the beef carpaccio, burger, and truffle fries.  It was a great experience ans it definitely met my high expectations for the place.  These was a wait of 40 min for a walk in but it was cool since Cycle Brewing was right across the street :).  Make sure to call in if you don't want to wait but they also have a neat waiting room that used to be a hotel lobby.",beef carpaccio,FOOD#QUALITY,positive,false,burger,FOOD#QUALITY,positive,false,yelp,truffle fries,FOOD#QUALITY,positive,false,,SERVICE#GENERAL,positive,true,,RESTAURANT#GENERAL,positive,true,,,,,,,,,,,,,,,,,,,,,,,,,,,,,,,,
label,2hC9p6EPJTPyKepJhHLhOw,4,"Went back to The Fat Ham last week and it is still amazing.  Consistent, delicious, and priced right.  Still no cookie dessert but glad it isn't featured on the updated website.  The Road Trip short film was very good! Kevin, the next time you are in Atlanta, must try Star Provisions cold fried chicken and 7 Lamps' mussels. Glad to have you in University City, Mr. Sbraga.",The Fat Ham,RESTAURANT#GENERAL,positive,false,,FOOD#QUALITY,positive,true,yelp,,FOOD#PRICES,positive,true,cold fried chicken,FOOD#QUALITY,positive,false,mussels,FOOD#QUALITY,positive,false,,,,,,,,,,,,,,,,,,,,,,,,,,,,,,,,
label,ypFqmURIY41F4pWaMW1VrQ,5,We've been coming here since I was a kid. The staff has watched me and now my kids grow up. They're personable and so nice. They're also very prompt with service. Yoli and frank are the absolute best! The food is amazing! I absolutely love their shredded beef burro and cheese crisp. I feel they have true authentic Mexican food.,staff,SERVICE#GENERAL,positive,false,,SERVICE#GENERAL,positive,true,yelp,food,FOOD#QUALITY,positive,false,shredded beef burro and cheese crisp,FOOD#QUALITY,positive,false,Mexican food,FOOD#STYLE_OPTIONS,positive,false,,,,,,,,,,,,,,,,,,,,,,,,,,,,,,,,
label,2Tl9TNP8xtPXlDl9Oc3Jug,4,"Always good, very consistent. We eat here almost weekly and have never had a negative experiance. It is in a small strip center with a very basic interior. The food is the main attraction and it is worth the trip.",food,FOOD#QUALITY,positive,false,interior,AMBIENCE#GENERAL,neutral,false,yelp,,,,,,,,,,,,,,,,,,,,,,,,,,,,,,,,,,,,,,,,,,,,
label,qyaJfgL81qC5u-TNak65oQ,3,The environment/ambiance were great but the host/ seating situation was awful! We had to explain to the hostess how to split our group and offered to split into groups or 2 to speed it up. The hostess said it wasn't necessary then sat 3 two tops that arrived much later than us. Thankfully after our hour wait and having our server Montez gave great service. The portion for some of the dishes were small for the price but I'd stop by again For a weekday brunch,environment/ambiance,AMBIENCE#GENERAL,positive,false,host/seating situation,SERVICE#GENERAL,negative,false,yelp,,SERVICE#GENERAL,positive,true,,FOOD#PRICES,negative,true,,,,,,,,,,,,,,,,,,,,,,,,,,,,,,,,,,,,
label,L3p7RXD-IA8YIlTW6_9xyQ,4,"You can't go wrong with the brunch at Luke!  I always get the fried chicken and waffles.  It comes with cane syrup and gravy on the side.  Ummm!  On a weekday, it is good for lunch or dinner with friends or the hubby.  I recommend the Luke burger (even though I believe it is sacrilegious to order a burger at an establishment such as this, however this is THE exception!) The flamenkutche is really good, too.  It is like a German pizza.  I also enjoy the cochondelait poboy, shrimp & grits, and croque madame , which are excellent.  We are never disappointed and always enjoy the ambiance of the old style New Orleans  restaurant.",brunch,FOOD#QUALITY,positive,false,fried chicken and waffles,FOOD#QUALITY,positive,false,yelp,Luke burger,FOOD#QUALITY,positive,false,flamenkutche,FOOD#QUALITY,positive,false,cochondelait poboy,FOOD#QUALITY,positive,false,shrimp & grits,FOOD#QUALITY,positive,false,croque madame,FOOD#QUALITY,positive,false,ambiance,AMBIENCE#GENERAL,positive,false,,,,,,,,,,,,,,,,,,,,
label,G4twDEDGszYFRfZvciBsGQ,4,"Stopped in for dinner, and we had a fantastic experience. The service was pleasant, the food delicious plus the atmosphere was very welcoming. Mike the owner, said hello to us and just made us feel very at home. We will be back!",experience,RESTAURANT#GENERAL,positive,false,service,SERVICE#GENERAL,positive,false,yelp,food,FOOD#QUALITY,positive,false,atmosphere,AMBIENCE#GENERAL,positive,false,,,,,,,,,,,,,,,,,,,,,,,,,,,,,,,,,,,,
label,A0WD4cLK1yixRurPwMBRSA,2,"I usually come here once every 2 years only to find that yes, the food is still pretty bland...well, at least they are consistent. I've tried breakfast and I've tried dinner and the food is always less than spectacular. I usually see this spot out my car window on my way to Amy's up the road which is so much better.",food,FOOD#QUALITY,negative,false,,,,,yelp,,,,,,,,,,,,,,,,,,,,,,,,,,,,,,,,,,,,,,,,,,,,
label,Drng9Z_nRSWlGQUfX9IJPg,4,"Great pizza. It's just down the road from Peel, which offers great pizzas too. Gia's is more traditional, which definitely has its place. I loved the BLT pizza in particular.",pizza,FOOD#QUALITY,positive,false,Gia's,RESTAURANT#GENERAL,positive,false,yelp,BLT pizza,FOOD#STYLE_OPTIONS,positive,false,,,,,,,,,,,,,,,,,,,,,,,,,,,,,,,,,,,,,,,,
label,twOSOJoQoexng8miZm8gtg,5,"This is the best tortilla soup I've ever eaten!!  This is going to sound strange but I actually crave their chips and salsa.  The restaurant is always clean, waitstaff is always friendly, and the food is always good!  Worth the trip!",tortilla soup,FOOD#QUALITY,positive,false,chips and salsa,FOOD#STYLE_OPTIONS,positive,false,yelp,restaurant,AMBIENCE#GENERAL,positive,false,waitstaff,SERVICE#GENERAL,positive,false,food,FOOD#QUALITY,positive,false,,,,,,,,,,,,,,,,,,,,,,,,,,,,,,,,
label,oH0VZQ1v-mk9Bri81quvPA,4,Quaint and inviting.  This is a beer lover's tasting room.  A wide variety  of delicious beers to drink and enjoy.  This is a happy addition to this amazing neighborhood.,neighborhood,LOCATION#GENERAL,positive,false,,AMBIENCE#GENERAL,positive,true,yelp,tasting room,RESTAURANT#GENERAL,positive,false,beers,DRINKS#QUALITY,positive,false,,,,,,,,,,,,,,,,,,,,,,,,,,,,,,,,,,,,
label,b8-_q_gr-5zplgCwNhvSNw,3,"The food is average. Drink specials are great but the place is rarely crowded. Last time I was there it was a Friday night at 10 pm. There were maybe 3 other parties at the bar. About 5 minutes after ordering our first drink, they announced it was last call...at 10:15 PM on a Friday night! Needless to say we left for a different bar in the area and have removed it from our options of places to go past 6 pm for drinks.",food,FOOD#QUALITY,neutral,false,drink specials,DRINKS#PRICES,positive,false,yelp,,SERVICE#GENERAL,negative,true,place,RESTAURANT#GENERAL,negative,false,,,,,,,,,,,,,,,,,,,,,,,,,,,,,,,,,,,,
label,24wRCl4rswWprHQNozTzyA,2,"Do Not Eat On Bourbon St....advice from the locals I wish we had before we stopped here.  Would have maybe been a 3 star since the food and service were alright.  Would have been a 1 star if I knew for sure this is where I got food poisoning.  I wish I knew for sure, but I either got food poisoning from here or McDonalds...so i can't be positive but we think that gator slider was not prepared correctly.  We were sick for days.    Even so, the food was bland, nothing compared to other places we tried.  The service was slow and the place was crowded and just not as nice as other restaurants in the area.",food,FOOD#QUALITY,negative,false,service,SERVICE#GENERAL,neutral,false,yelp,service,SERVICE#GENERAL,negative,false,,FOOD#QUALITY,negative,true,gator slider,FOOD#QUALITY,negative,false,place,RESTAURANT#GENERAL,negative,false,,,,,,,,,,,,,,,,,,,,,,,,,,,,
label,WzDqTwt_akGnPU6xLIg_-A,1,"Not good at all, not even for a strip mall chinese buffet.  Everything looked so old we couldn't find anything to make a positive comment about.",everything,RESTAURANT#GENERAL,negative,false,,,,,yelp,,,,,,,,,,,,,,,,,,,,,,,,,,,,,,,,,,,,,,,,,,,,
label,KUgjVQp2mGUOmDyA95FzZA,1,Not good at all ... Ate there 2 weeks ago on Sunday ... Ordered 2 pounds of Alaskan king crab .. $60 per pound and there were disgusting and freezer burned ... We also ordered a bunch or other seafood ... Blue crabs ... Snow crab... Bill was just as much as eating at Barclay prime ... And we had no drinks !!! I will never eat there again ... Even if it were free ... I would not go back ...,Alaskan king crab,FOOD#QUALITY,negative,false,Alaskan king crab,FOOD#PRICES,neutral,false,yelp,,DRINKS#STYLE_OPTIONS,negative,true,,RESTAURANT#GENERAL,negative,true,,,,,,,,,,,,,,,,,,,,,,,,,,,,,,,,,,,,
label,ZCQrcS9zg8ZKB7gE7gq5zg,4,"Truly, the Skyway Cafe is one of those perfect Brunch spots. The service is excellent, the coffee is brewed well and is refilled often, and the atmosphere is saturated with a regular, local crowd with a loyal following. Get in before 11 because it gets crowded!",Skyway Cafe,RESTAURANT#GENERAL,positive,false,service,SERVICE#GENERAL,positive,false,yelp,coffee,DRINKS#QUALITY,positive,false,atmosphere,AMBIENCE#GENERAL,positive,false,,,,,,,,,,,,,,,,,,,,,,,,,,,,,,,,,,,,
label,ROxBxYZETOczYFkls4Ul_Q,1,"Even in the middle of lunchtime on a weekday, food is cold-old. With that odor associated with something that as waited too long, where flavor transmutes to an impatient attitude. You could maybe account for this by imagining the burger, fries, and fish sandwich had been prepared at some suburban McDonalds and then trucked over to this urban outlet to be re-heated and allow to age a bit. This is an insult to the neighborhood.",food,FOOD#QUALITY,negative,false,,SERVICE#GENERAL,negative,true,yelp,burger,FOOD#QUALITY,negative,false,fries,FOOD#QUALITY,negative,false,fish sandwich,FOOD#QUALITY,negative,false,neighborhood,LOCATION#GENERAL,negative,false,,,,,,,,,,,,,,,,,,,,,,,,,,,,
label,7oGT9dENGHh-lrQtuA33Gw,4,Great pizza and wings. Service is always quick and friendly with fresh beer on tap. Plenty of tvs and arcade games to choose from. Yay peggs!,pizza,FOOD#QUALITY,positive,false,wings,FOOD#QUALITY,positive,false,yelp,service,SERVICE#GENERAL,positive,false,beer,DRINKS#QUALITY,positive,false,tvs,AMBIENCE#GENERAL,positive,false,arcade games,AMBIENCE#GENERAL,positive,false,,,,,,,,,,,,,,,,,,,,,,,,,,,,
label,wlD6o45VOxARfAS9wdgfbA,5,"For appetizers, we had the scallion pancakes and the seafood soup. They were delicious.  I wanted the Peking Noodles, but the sauce contained meat, which I do not eat.  However, the owner was nice enough and made accommodations for me.  The lychee smoothie was yummy and actually tasted like lychee. They use real fruit here.  Everyone at our table was satisfied with the food and service.",scallion pancakes,FOOD#QUALITY,positive,false,seafood soup,FOOD#QUALITY,positive,false,yelp,Peking Noodles,FOOD#QUALITY,neutral,false,owner,SERVICE#GENERAL,positive,false,lychee smoothie,DRINKS#QUALITY,positive,false,,SERVICE#GENERAL,positive,true,,FOOD#QUALITY,positive,true,,,,,,,,,,,,,,,,,,,,,,,,
label,KWyf1YEErmD6Dtt5K5QWnA,4,"While en route to see a friend perform at the Raven Lounge, I decided to pick up some sushi to go since said bar does not serve food.  The place itself is small, but the atmosphere is great for lunch or early dinner if you have time to sit down and eat there.  They also offer a special if you buy two or three rolls from the same list.  Their special rolls are great too--I had the American Dream roll (which had mango on the outside with spicy salmon, yellowtail, tuna, and tobiko (tiny fish roe)) and a regular shrimp tempura roll.  I will definitely come back again when I have time to eat in!",place,RESTAURANT#GENERAL,positive,false,atmosphere,AMBIENCE#GENERAL,positive,false,yelp,sushi,FOOD#QUALITY,positive,false,American Dream roll,FOOD#QUALITY,positive,false,shrimp tempura roll,FOOD#QUALITY,positive,false,,,,,,,,,,,,,,,,,,,,,,,,,,,,,,,,
label,90CvpvkdakyLXK82b3t53A,2,"We were not impressed. The eight dollar guacamole that had crema or sour cream added was not good. I had a fish taco that tasted fishy. Not good either. The Rollo Pollo wasn't bad, nor were either of the salmon dishes. My husband ordered enchiladas and he was not impressed. Very pricey for the quality or lack thereof.",guacamole,FOOD#QUALITY,negative,false,fish taco,FOOD#QUALITY,negative,false,yelp,Rollo Pollo,FOOD#QUALITY,neutral,false,salmon dishes,FOOD#QUALITY,neutral,false,enchiladas,FOOD#QUALITY,negative,false,,RESTAURANT#PRICES,negative,true,,,,,,,,,,,,,,,,,,,,,,,,,,,,
label,SkiDGm6PcDOJ28_2cS2Yrw,4,"My family and I were visiting from CA and it was our first time at a Chick fil a. We ordered the spicy chicken, original chicken, chicken nuggets, strips, fries, and had a cookies and cream shake. Food was great, we loved the sauces. The only down point was the service. I asked the guy if there were free refills on the soda and he yes and the staff would be walking around. Every time I asked for a refill I'd get a ""surprised or annoyed"" look. It wasn't busy and I didn't understand why they just didn't put the fountain machines in the lobby like a normal restaurant?",spicy chicken,FOOD#QUALITY,positive,false,original chicken,FOOD#QUALITY,positive,false,yelp,chicken nuggets,FOOD#QUALITY,positive,false,strips,FOOD#QUALITY,positive,false,fries,FOOD#QUALITY,positive,false,cookies and cream shake,DRINKS#QUALITY,positive,false,service,SERVICE#GENERAL,negative,false,,,,,,,,,,,,,,,,,,,,,,,,
label,9gO-zjuZm-g6PGaB3aSY6Q,1,Kinda a dive bar but could have been cool.  We found the girl bartender to be pretentious and rude.  All she seemed to care about is rushing through our order so she could go back and talk to her friends and giving smart ass answers every time you asked her a question.,girl bartender,SERVICE#GENERAL,negative,false,,SERVICE#GENERAL,negative,true,yelp,,,,,,,,,,,,,,,,,,,,,,,,,,,,,,,,,,,,,,,,,,,,
label,I9hhK-tbVXUYQXyC_ycaTw,3,"I give Jesse's 3 stars due it being a nice, clean restaurant with good food but I have to say I don't feel you get what you pay for here. If you are going to charge my over $25 for a steak I believe that it should be something that is delicious and makes me want to come back again. Don't get me wrong it was a good piece of meat but it lacked a lot flavor and seemed way overpriced and wasn't impressive enough for me to make a return trip and spend that kind of money.",restaurant,RESTAURANT#GENERAL,positive,false,food,FOOD#QUALITY,positive,false,yelp,steak,FOOD#QUALITY,negative,false,steak,FOOD#PRICES,negative,false,,,,,,,,,,,,,,,,,,,,,,,,,,,,,,,,,,,,
label,WT8NHJHnGdg5Jq9DU5VYzw,5,"Such great food! The chef was creative and innovative, while still staying true to traditional Hispanic/Latino cuisines. The yuca fries were crispy and delicious, the empanadas were great, and the skirt steak w/ polenta was seriously the best thing I've eaten in a while. My sister is a vegetarian and often has a hard time finding good options when we go out, so she was delighted to see a variety of great choices (the mushroom empanadas were her favorite!).   The service was really great--the waiter was really helpful in helping us pick out beers/cocktails (try the sangria!). Great restaurant!",food,FOOD#QUALITY,positive,false,yuca fries,FOOD#QUALITY,positive,false,yelp,empanadas,FOOD#QUALITY,positive,false,skirt steak w/ polenta,FOOD#QUALITY,positive,false,mushroom empanadas,FOOD#QUALITY,positive,false,service,SERVICE#GENERAL,positive,false,waiter,SERVICE#GENERAL,positive,false,sangria,DRINKS#QUALITY,positive,false,restaurant,RESTAURANT#GENERAL,positive,false,,,,,,,,,,,,,,,,
label,qTDwtZQDg-TzrFbPtntxJw,5,"Went here 3 times one weekend while in town for a baseball tournament! Great food and service every time. From breakfast meals to sandwiches, every one was pleased with their choices. It's a good option for groups and files",food,FOOD#QUALITY,positive,false,service,SERVICE#GENERAL,positive,false,yelp,option for groups,RESTAURANT#GENERAL,positive,false,,,,,,,,,,,,,,,,,,,,,,,,,,,,,,,,,,,,,,,,
label,4EnJDFDleSNDxzXIT8IYUw,5,"Just discovered this place and I already love it more than any other Thai place i've tried in SB! Amazing customer service and the food is even better. The management is absolutely wonderful, they saw me waiting for my food to come out and brought me a complimentary thai tea. Try them out for lunch as they have great deals and it's right in the middle of State so you can do a little shopping while you wait (or call ahead if you're in a rush). Took about 10 minutes for fresh pad thai",place,RESTAURANT#GENERAL,positive,false,customer service,SERVICE#GENERAL,positive,false,yelp,food,FOOD#QUALITY,positive,false,management,RESTAURANT#GENERAL,positive,false,lunch deals,FOOD#PRICES,positive,false,location,LOCATION#GENERAL,positive,false,,SERVICE#GENERAL,positive,true,pad thai,FOOD#QUALITY,positive,false,,,,,,,,,,,,,,,,,,,,
label,hFCpyJD7WANssrIMdnPqRQ,5,"Great place, great food, wonderful service, and you just can't beat the price!  If you are looking for authentic puertorrican food this is the place to go.  You will feel you are enjoying a meal with family and friends.  Best mofongo ever!!!!",place,RESTAURANT#GENERAL,positive,false,food,FOOD#QUALITY,positive,false,yelp,service,SERVICE#GENERAL,positive,false,,RESTAURANT#PRICES,positive,true,mofongo,FOOD#QUALITY,positive,false,,,,,,,,,,,,,,,,,,,,,,,,,,,,,,,,
label,1G169x0Sr2qVFfto9i-tVQ,1,A need to understand customer service. Very disappointed with the lack of understanding. Traveling down from NY to take my Mother to a musical at the Media Theater. Picked Mom up at the nursing home. Looking to get a reservation at one of my Mom's favorite testaruants.  Unfortunately the person on the phone wouldn't accommodate a reservation for our party of 4. They only take reservations for large parties. Silly,,SERVICE#GENERAL,negative,true,,,,,yelp,,,,,,,,,,,,,,,,,,,,,,,,,,,,,,,,,,,,,,,,,,,,
label,vdtWa5Ym9ImeMMOHwnIfrw,4,"I can only comment on the vermicelli bowls because I have never had the Pho.   The vermicelli are a decent size and a fair price. Conveniently located if you live in the Alberta Ave neighbourhood, my orders have always been ready in 15 minutes - even on a Friday night.",vermicelli bowls,FOOD#QUALITY,neutral,false,vermicelli bowls,FOOD#PRICES,positive,false,yelp,,LOCATION#GENERAL,positive,true,,SERVICE#GENERAL,positive,true,,,,,,,,,,,,,,,,,,,,,,,,,,,,,,,,,,,,
label,H976K-qnM74zl7bih49TnQ,1,"Was that Mexican??? I think not.  No taste, no spice, and not even close to Mexican!!!   My dogs would not eat it, when I could not get it down.",Mexican,FOOD#STYLE_OPTIONS,negative,false,,FOOD#QUALITY,negative,true,yelp,,,,,,,,,,,,,,,,,,,,,,,,,,,,,,,,,,,,,,,,,,,,
label,xt4EJrfsTc34uUhjACaSjQ,3,"Totally agree with the other lone (and 1st) review, the staffing at this store is dysfunctional and the merchandising is poor at best.   And, to make matters worse many of the center-store packaged product prices are not competitive to other merchants in the area.  There are some perks, if you live nearby it's of course convenience.  The other nice perk is that Lancaster brand steaks are very good and at this Acme they're always fresh, good grill cuts, and they are very reasonably priced.",staffing,SERVICE#GENERAL,negative,false,merchandising,RESTAURANT#MISCELLANEOUS,negative,false,yelp,center-store packaged product prices,RESTAURANT#PRICES,negative,false,convenience,LOCATION#GENERAL,positive,false,Lancaster brand steaks,FOOD#QUALITY,positive,false,Lancaster brand steaks,FOOD#PRICES,positive,false,,,,,,,,,,,,,,,,,,,,,,,,,,,,
label,t26xhlStugrS8buSNlZC0w,2,Decent food but gave me indigestion from another planet i swear.  Do yourself a favor and just microwave a frozen acme pizza,food,FOOD#QUALITY,negative,false,,,,,yelp,,,,,,,,,,,,,,,,,,,,,,,,,,,,,,,,,,,,,,,,,,,,
label,qB1WZb8yb7_g2AlFN7vGtw,1,"Staff is friendly. Walters trio enchiladas where terrible and the rice was uncooked, gross. My friends liked the mahi mahi and juicy Lucy burger.",Staff,SERVICE#GENERAL,positive,false,Walters trio enchiladas,FOOD#QUALITY,negative,false,yelp,rice,FOOD#QUALITY,negative,false,mahi mahi,FOOD#QUALITY,positive,false,juicy Lucy burger,FOOD#QUALITY,positive,false,,,,,,,,,,,,,,,,,,,,,,,,,,,,,,,,
label,iTa3E-VkS9sRdJsKj96PRQ,1,As 45 put it best...  this place is a ****hole.   To the people in charge of the entire brand Steak and Shake:  take note of how Freddy's operates. Ditch the worthless waiters who understandably are as motivated to return to the table as I am the proctologist..   it's flipping 3.99 meals and half the customers are kids. Of course you won't make crap for tips.   Put up a coke freestyle machine and have people place and order up front. I'll get my own refills and napkins. Faster mind you and with pleasure.   PS.  It's not normal to had a 4 year old a fully loaded plate of food.,this place,RESTAURANT#GENERAL,negative,false,waiters,SERVICE#GENERAL,negative,false,yelp,meals,FOOD#PRICES,positive,false,,SERVICE#GENERAL,negative,true,,RESTAURANT#MISCELLANEOUS,negative,true,,,,,,,,,,,,,,,,,,,,,,,,,,,,,,,,
label,9AExQBOV-2yCou4TcvHpDA,2,"Had high hopes for this place, but was very disappointed. We opted for beer tastings and were surprised at the poor quality of the offerings and that none of them were from anywhere near this area (they serve Figueroa Mountain but not in our tastings). I like sampling beers from farther afield, but I'd expect them to represent more of a ""best of.""  I did the tasting that included IPAs--one of them was about the worst I've tasted and the other not much better. Also, it didn't seem to make a lot of sense to offer a tasting that combined IPAs with several particularly insipid brews.  Service was particularly unenthusiastic.",this place,RESTAURANT#GENERAL,negative,false,beer tastings,DRINKS#QUALITY,negative,false,yelp,IPAs,DRINKS#QUALITY,negative,false,service,SERVICE#GENERAL,negative,false,,,,,,,,,,,,,,,,,,,,,,,,,,,,,,,,,,,,
label,pml2HKaEQKcFwejlBS2WiQ,1,"NASTY NASTY NASTY!!!!!! Steer clear.  I've been told they've had trouble with the Board of Health on several separate occasions.  I live very near here and I won't even get a cup of coffee from here (I drive to the one on Elysian Flds & I-610).    The last time I visited this restaurant was in 2006 and the staff were rude, incompetent, impatient & unprofessional.  I don't get anything from here.  I ignore this place and avoid it like the plague!",,RESTAURANT#GENERAL,negative,true,,SERVICE#GENERAL,negative,true,yelp,coffee,DRINKS#QUALITY,negative,false,,,,,,,,,,,,,,,,,,,,,,,,,,,,,,,,,,,,,,,,
label,BTGQWHMcO848q3d6lFGKdg,3,"I was told by many that the banh mi's were good here but I have had better. I think for the price you get an excellence size and value but the quality of the sandwich itself, at least the grilled pork variety, could have been better. I am sure that there are better banh mi stands in the area but this one for sure is solid. Don't expect amazing but expect good.",banh mi's,FOOD#QUALITY,neutral,false,price,FOOD#PRICES,positive,false,yelp,size and value,FOOD#PRICES,positive,false,grilled pork variety,FOOD#QUALITY,negative,false,,,,,,,,,,,,,,,,,,,,,,,,,,,,,,,,,,,,
label,QpAd8_6T1SbrLKRMHVOhUg,4,"I had a meeting here on a weekday mid-morning.  Maybe not the best place for a business meeting (or for getting work done), as it was super loud (other patrons and music).  But a great place nonetheless!  A little pricey, but you pay for what you get.  My chai (with almond milk - yay!!) was very good.  And that gluten free peanut butter cookie was out of this world good - wouldn't have known it was GF if it hadn't been labeled as such.  The food looked good and I hope to have a chance to come back and try it!",,AMBIENCE#GENERAL,negative,true,,SERVICE#GENERAL,negative,true,yelp,place,RESTAURANT#GENERAL,positive,false,,RESTAURANT#PRICES,neutral,true,chai,DRINKS#QUALITY,positive,false,gluten free peanut butter cookie,FOOD#QUALITY,positive,false,,,,,,,,,,,,,,,,,,,,,,,,,,,,
label,Avf10pTql_GsSZ122iP3AA,2,"Been coming here for years... this place would be so good if they could only fix their wait staff.    The service here, while has been great at times, overall sucks.  The high school/college aged girls that seem to dominate the staff seem to be more interested in chatting it up with each other, texting, etc than seeing to their customers.",place,RESTAURANT#GENERAL,positive,false,wait staff,SERVICE#GENERAL,negative,false,yelp,service,SERVICE#GENERAL,negative,false,,,,,,,,,,,,,,,,,,,,,,,,,,,,,,,,,,,,,,,,
label,hIubFC6LBxFz0ntgWjjTrQ,4,Really love the atmosphere here.  It is perfect for lunch but rather pricey for dinner.  I'm actually more of a fan of the lunch fare anyway so it works for me.  They do have a rewards card so be sure to get started on one of those so you can build up points.  They also have a nice patio in the back for warm weather days.  Friendly staff too!,atmosphere,AMBIENCE#GENERAL,positive,false,,RESTAURANT#PRICES,negative,true,yelp,lunch fare,FOOD#QUALITY,positive,false,rewards card,RESTAURANT#MISCELLANEOUS,positive,false,patio,AMBIENCE#GENERAL,positive,false,staff,SERVICE#GENERAL,positive,false,,,,,,,,,,,,,,,,,,,,,,,,,,,,
label,v5tuBGThz31Qywa50jL2Tg,4,"The Waffle House has consistent quality wherever you go. I'm not really fond of their business model with their yelling and very small dining area, but I get it.  I still look forward to going for breakfast.",quality,FOOD#QUALITY,positive,false,business model,RESTAURANT#MISCELLANEOUS,negative,false,yelp,yelling,AMBIENCE#GENERAL,negative,false,dining area,AMBIENCE#GENERAL,negative,false,,,,,,,,,,,,,,,,,,,,,,,,,,,,,,,,,,,,
label,FqC0sXUpVZPiS0gjDNO01Q,4,I'm not a breakfast person so I wasn't very excited about going here but wow!!! The wait was LONG - but worth it. The best food at our table was crawfish biscuit but everything else was very good. My son loved his fried chicken gravy biscuit and the hash browns were really good. The staff were very helpful when we explained our time crunch and helped by taking our order before we got our table. Excellent.,,SERVICE#GENERAL,negative,true,,SERVICE#GENERAL,positive,true,yelp,crawfish biscuit,FOOD#QUALITY,positive,false,fried chicken gravy biscuit,FOOD#QUALITY,positive,false,hash browns,FOOD#QUALITY,positive,false,staff,SERVICE#GENERAL,positive,false,,,,,,,,,,,,,,,,,,,,,,,,,,,,
label,hCSL860vy9K7e4Qu9Mon7Q,3,"Nice place.  Waitress was attentive and did a great job.  We enjoyed salad and the cheese bread sticks.  I would get both again.  We had a handtossed sausage pizza.  The pizza itself was not the best becuase the sausage was terrible.  I would not recommend the sausage at all.  If you enjoy eating sausage, don't come here to eat it.",place,RESTAURANT#GENERAL,positive,false,waitress,SERVICE#GENERAL,positive,false,yelp,salad,FOOD#QUALITY,positive,false,cheese bread sticks,FOOD#QUALITY,positive,false,handtossed sausage pizza,FOOD#QUALITY,negative,false,sausage,FOOD#QUALITY,negative,false,,,,,,,,,,,,,,,,,,,,,,,,,,,,
label,fsykmHzKuQWhn4jibu_nCQ,2,"Skip it! Not worth the $27.50. The cruise itself is really boring; all you can see is trees on the side. The narrative tells you it was a battlefield and there are two plantations and colonial buildings as well but you can't really see them. There is Domino's sugar refinery and a huge natural gas plant - all steel, nothing really to see or enjoy. The steamboat doesn't give you a special feel, it's like riding on any other boat. The music is really good indeed -probably if they didn't have it, nobody would come.",$27.50,RESTAURANT#PRICES,negative,false,,AMBIENCE#GENERAL,negative,true,yelp,narrative,SERVICE#GENERAL,negative,false,music,AMBIENCE#GENERAL,positive,false,steamboat,RESTAURANT#GENERAL,negative,false,,,,,,,,,,,,,,,,,,,,,,,,,,,,,,,,
label,qt5sA1GlTMx74yQYi7gNLw,2,"Overpriced fast food joint.   Skip the pretension and just go to McDonald's down the street.  I was not impressed with the service, the selections or the food.   Only good point was the actual ice cream for dessert.   So skip the more and just get some ice cream to go.",,RESTAURANT#PRICES,negative,true,service,SERVICE#GENERAL,negative,false,yelp,selections,FOOD#STYLE_OPTIONS,negative,false,food,FOOD#QUALITY,negative,false,ice cream,FOOD#QUALITY,positive,false,,,,,,,,,,,,,,,,,,,,,,,,,,,,,,,,
label,J3dl_BagtA9JnppdGkHlvQ,5,"Stumbled across the set back, sidewalk cafe on a lovely, sunny afternoon. Plopped down with our beers from next door, and took in the jazz band that was playing under a tent. The waterfall that greets you as you walk into the courtyard is a nice touch. We cam back the next day, had some drinks (full bar there folks) and although they serve sandwiches and light snacks, we tried some beignets. They were excellent. Never had better.  It's a quaint little outdoor area that can't be missed. Either soaking up some sun during the day, or sitting back and relaxing while enjoying the live at night.",sidewalk cafe,AMBIENCE#GENERAL,positive,false,jazz band,AMBIENCE#GENERAL,positive,false,yelp,waterfall,AMBIENCE#GENERAL,positive,false,beers,DRINKS#QUALITY,positive,false,beignets,FOOD#QUALITY,positive,false,courtyard,AMBIENCE#GENERAL,positive,false,,,,,,,,,,,,,,,,,,,,,,,,,,,,
label,xqIKhAEeNQ7fm0qYC212_Q,4,"Good wings with lots of flavor choices. Good seasoned fries. Not a lot of beers to choose from bit I figure most of the people who hang out here are just fine with Budweiser and corona. Its a bit cramped but not too bad. Also, why do all the waitresses wear false eyelashes?",wings,FOOD#QUALITY,positive,false,fries,FOOD#QUALITY,positive,false,yelp,beers,DRINKS#STYLE_OPTIONS,negative,false,,SERVICE#GENERAL,negative,true,,AMBIENCE#GENERAL,negative,true,,,,,,,,,,,,,,,,,,,,,,,,,,,,,,,,
label,EWu4JyMnNr247ePRkOaEkQ,1,"The place is cute, but the owner is rude and unfriendly. She was disrespectful towards us  and unaccommodating. Her behavior toward local customers was unacceptable and detracts from the experience at an otherwise quaint establishment.   In addition to her negative demeanor, she handled food without gloves and refused to put a lid on a to-go cup which was overflowing. She then proceeded to throw the lid in our direction and serve another customer.   Overall, it is unfortunate that a neighborhood gem is tainted by her misconduct.",place,RESTAURANT#GENERAL,positive,false,owner,SERVICE#GENERAL,negative,false,yelp,,SERVICE#GENERAL,negative,true,establishment,RESTAURANT#GENERAL,positive,false,,FOOD#QUALITY,negative,true,,,,,,,,,,,,,,,,,,,,,,,,,,,,,,,,
label,iBcn9OepmFm-j4X_oGLAlQ,4,"I've lived near this place for many years. But there are tons of pizza and sandwich places in this area. It's saturated. I know we tried the pizza years ago and were disappointed. Tonight we got pizza steaks and they were fabulous. Soft rill, packed with meat, right amount of cheese and perfect sauce. I'm really impressed and we'll definitely order from them again.",pizza steaks,FOOD#QUALITY,positive,false,pizza,FOOD#QUALITY,negative,false,yelp,,,,,,,,,,,,,,,,,,,,,,,,,,,,,,,,,,,,,,,,,,,,
label,QIPRGwJcNPodg7v2nqqSEw,2,"The only benefit to coming here is large portion size. Four of us went, we got spicy chicken, lomein, fried rice and the ahi bowl. The ahi bowl was ok, the rest was absolute garbage. All of the dishes were very bland, you would be better off getting the frozen Chinese food in the grocery store. Never coming back.",portion size,FOOD#STYLE_OPTIONS,positive,false,ahi bowl,FOOD#QUALITY,neutral,false,yelp,"spicy chicken, lomein, fried rice",FOOD#QUALITY,negative,false,,FOOD#QUALITY,negative,true,,,,,,,,,,,,,,,,,,,,,,,,,,,,,,,,,,,,
label,GtkNOuCYl66VMWmOmqYlYw,1,"We went here for breakfast and will never return! This restaurant is filthy! Floors, walls, Windows right down to the silverware with dried food on it to our mugs and glasses. The ceiling tiles stained! It needs to close down and be totally renovated before serving the public!! Our breakfast came out cold and we couldn't eat it. We saw the waitresses touching the food and plating it with their hands? Where is the Board of Health?? Never will we ever return!!",restaurant,RESTAURANT#GENERAL,negative,false,"Floors, walls, Windows, silverware, mugs, glasses, ceiling tiles",AMBIENCE#GENERAL,negative,false,yelp,breakfast,FOOD#QUALITY,negative,false,,SERVICE#GENERAL,negative,true,,,,,,,,,,,,,,,,,,,,,,,,,,,,,,,,,,,,
label,aAZfPGaF1YHh2jImso40eg,1,"The food was good and the atmosphere was great.  I really wanted to like Sukho Thai, but the service was absolutely horrible.  The woman working there seemed genuinely angry that we would dare eat at her restaurant.  The dessert was good too, but if you order some, prepare for the wrath of the hostess.  It seemed to make her furious that not only did we eat dinner there, but we were also deliberately wasting even more of her time by being so inconsiderate as to order a dessert as well.",food,FOOD#QUALITY,positive,false,atmosphere,AMBIENCE#GENERAL,positive,false,yelp,service,SERVICE#GENERAL,negative,false,dessert,FOOD#QUALITY,positive,false,,,,,,,,,,,,,,,,,,,,,,,,,,,,,,,,,,,,
label,rFCfTfs9YvkyCjR5dQHVqw,5,"Probably the best thing about Target is that it isn't Wal Mart.  Target is awesome because it has everything from clothes to toys to electronics to makeup.   I usually stop in here (if I remember) to pick up my makeup, because it's at least $2-3 cheaper than other stores.  They have a great grocery section and their selection of household items (microwaves, etc.) is fantastic.  They are always good about having enough registers open for the number of shoppers in the place, and I rarely have to wait in a line.",makeup,RESTAURANT#MISCELLANEOUS,positive,false,grocery section,RESTAURANT#MISCELLANEOUS,positive,false,yelp,household items,RESTAURANT#MISCELLANEOUS,positive,false,,SERVICE#GENERAL,positive,true,,,,,,,,,,,,,,,,,,,,,,,,,,,,,,,,,,,,
label,GJyvMqGIj34vweJYsn3uhw,3,"I've been here several times because I live close. I love the rewards program. I get $1 off almost every time I go. I use to think this was the best fro-yo until I tried a really good place off of Prytania. Now Orange Leafs flavors don't have enough flavor for me. I still go because its a quick fix for my craving. The staff is wishy washy and if you want to try something, they hold on to those little cups for dear life. My other spot gives you a handful and let you have at it! All in all... It's ok for what it is.",rewards program,RESTAURANT#MISCELLANEOUS,positive,false,Orange Leafs flavors,FOOD#QUALITY,negative,false,yelp,,SERVICE#GENERAL,negative,true,quick fix,RESTAURANT#GENERAL,positive,false,,,,,,,,,,,,,,,,,,,,,,,,,,,,,,,,,,,,
label,cbcnrGl_ovi1egXLGRUS7A,5,"They have a drive through! Super convenient for my quick stop to bring some beignets back to Houston. Order came out hot & fresh pretty quickly. I got the powdered sugar in a separate bag so it wouldn't melt and wow they're not stingy! I had so much powdered sugar my little brother double dipped/tripled dip drowning out each bite. My family loved it, thumbs up!   Frozen coffee gave me enough energy for my long drive back to Houston and kept cold for hours!",drive through,RESTAURANT#GENERAL,positive,false,beignets,FOOD#QUALITY,positive,false,yelp,powdered sugar,FOOD#QUALITY,positive,false,frozen coffee,DRINKS#QUALITY,positive,false,,,,,,,,,,,,,,,,,,,,,,,,,,,,,,,,,,,,
label,b_IVmXYnwkCDnFAbrmUGHw,1,"Horrible, old, cigarette smelly (even tho we requested smoke-free); room was never serviced during our 2-night stay, toilet starting leaking the morning we left. Needs a complete, total, expensive remodel!!!",room,RESTAURANT#GENERAL,negative,false,,SERVICE#GENERAL,negative,true,yelp,toilet,RESTAURANT#MISCELLANEOUS,negative,false,,AMBIENCE#GENERAL,negative,true,,,,,,,,,,,,,,,,,,,,,,,,,,,,,,,,,,,,
label,AmPAwe3TwEKDFtHXUFjpGA,1,Place is going downhill. They raised the prices but not on the menu.   Served cheese whiz instead of Swiss.  Had to get out money back. Staff was rude when questioned.  Just about threw our money back at us.,prices,RESTAURANT#PRICES,negative,false,cheese whiz,FOOD#QUALITY,negative,false,yelp,Staff,SERVICE#GENERAL,negative,false,,,,,,,,,,,,,,,,,,,,,,,,,,,,,,,,,,,,,,,,
label,dA1LSJkJXf2zOGidFg_UBg,5,"Absolutely charming breakfast, brunch, and dinner spot. Happened it while in Philly for a conference and actually considered extending my stay just to explore their menu fully.  Food is elegant but has a warm, home cooked feel, coffee is strong, and the ambiance is great.  Gotta love a spot whose servers shout ""Opa"" when a guest breaks a glass!","breakfast, brunch, and dinner spot",RESTAURANT#GENERAL,positive,false,Food,FOOD#QUALITY,positive,false,yelp,coffee,DRINKS#QUALITY,positive,false,ambiance,AMBIENCE#GENERAL,positive,false,servers,SERVICE#GENERAL,positive,false,,,,,,,,,,,,,,,,,,,,,,,,,,,,,,,,
label,YE3ReOpGl3h4q2DJx_5tIw,3,"UPDATE - I am giving them a star back because it appears the owner keeps up with yelp comments and genuinely cares about reviews and customer satisfaction. This has impressed me enough to go back for another try (plus a craving for truffle fries that will not go away), hopefully, after my next visit i will be able to bump it up another star or two.  500, I will see you soon. Fellow yelpers, I will keep you posted.",owner,RESTAURANT#MISCELLANEOUS,positive,false,truffle fries,FOOD#QUALITY,positive,false,yelp,,,,,,,,,,,,,,,,,,,,,,,,,,,,,,,,,,,,,,,,,,,,
label,FMFZoES5LfumuwhsZbIDlQ,5,"I must admit, I wasn't expecting much. This place totally blew us away. This has to be one of the best Indian restaurants in the Tampa Bay. The ambience is wonderful including white table linens. The best part was the food, OMG. The chicken 65 was to die for, and the hot sour soup was rich and flavorful. The waitress (Angel) was friendly,  attentive and very pleasant. They opened just a week ago. I'm sure this will soon be the place foodies seek out for real Indian food.",place,RESTAURANT#GENERAL,positive,false,ambience,AMBIENCE#GENERAL,positive,false,yelp,food,FOOD#QUALITY,positive,false,chicken 65,FOOD#QUALITY,positive,false,hot sour soup,FOOD#QUALITY,positive,false,waitress (Angel),SERVICE#GENERAL,positive,false,,,,,,,,,,,,,,,,,,,,,,,,,,,,
label,4mQB_GKC-f5GPoDr3ZyxRA,4,"It's date night!! We would usually head down town, but had to drop little man off at the sister in law's.  Salad was not a salad. Lettuce and the ginger dressing :(. However they have a full bar. The atmosphere is nice. Tonight is a quiet night due to weather, so if you want to eat at the grill make a reservation. The food at the grill is excellent and you will have left overs.  Sushi is great!! Never disappointing. Ordered the soft shell crab for the first time as an app. It's ok. More breading then meat. Edamame is better!!  This is not the place got my low carb diet, but delicious!",salad,FOOD#QUALITY,negative,false,ginger dressing,FOOD#QUALITY,negative,false,yelp,full bar,DRINKS#STYLE_OPTIONS,positive,false,atmosphere,AMBIENCE#GENERAL,positive,false,food at the grill,FOOD#QUALITY,positive,false,sushi,FOOD#QUALITY,positive,false,soft shell crab,FOOD#QUALITY,neutral,false,edamame,FOOD#QUALITY,positive,false,,,,,,,,,,,,,,,,,,,,
label,cCVSPKPlYLN0azETtQHzrg,4,I love this place! The pizza is perfection due in part to the wood fired oven. The appetizers are great too. They use really ingredients and it shows. It is a simple neopalatin style pizza but the flavors all work well to make a great pizza. Service is great and they always have a amazing selection of beers.,place,RESTAURANT#GENERAL,positive,false,pizza,FOOD#QUALITY,positive,false,yelp,appetizers,FOOD#QUALITY,positive,false,ingredients,FOOD#QUALITY,positive,false,wood fired oven,FOOD#STYLE_OPTIONS,positive,false,neapolitan style pizza,FOOD#STYLE_OPTIONS,positive,false,Service,SERVICE#GENERAL,positive,false,beers,DRINKS#STYLE_OPTIONS,positive,false,,,,,,,,,,,,,,,,,,,,
label,onlgwy5qGDEzddsrnIvtWg,4,"Don't know what it is but If my tummy's feeling icky, I can count on Chipotle's stake to fix me up. I just have to remember not to go during full on lunch time. I usually go between 2 & 4 when it's peaceful and calm. Busy or not the service is always friendly and fast!",stake,FOOD#QUALITY,positive,false,,SERVICE#GENERAL,positive,true,yelp,,AMBIENCE#GENERAL,positive,true,,,,,,,,,,,,,,,,,,,,,,,,,,,,,,,,,,,,,,,,
label,YONIMR09r7NhlpP8z1OfWg,1,"DON'T BOTHER GETTING THE GROUPON. The sushi was terrible and they DIDN'T HONOR the Groupon because I didn't present it when I was seated. I've used many, many Groupons in other establishments and have never been refused. I called Groupon and got a refund from them and reported that Yakuza did not accept it.  BIG THUMBS DOWN for Yakuza, thumbs up for Groupon.",sushi,FOOD#QUALITY,negative,false,,SERVICE#GENERAL,negative,true,yelp,Groupon,RESTAURANT#MISCELLANEOUS,positive,false,Yakuza,RESTAURANT#GENERAL,negative,false,,,,,,,,,,,,,,,,,,,,,,,,,,,,,,,,,,,,
label,qVG8nSByP0TQ9Aw_KkjhhA,4,Excellent amount of food with their early bird specials from 2-5pm. Food was average at best. People were friendly and everything was clean. Prices were pretty good,food,FOOD#QUALITY,neutral,false,early bird specials,FOOD#STYLE_OPTIONS,positive,false,yelp,people,SERVICE#GENERAL,positive,false,,AMBIENCE#GENERAL,positive,true,prices,RESTAURANT#PRICES,positive,false,,,,,,,,,,,,,,,,,,,,,,,,,,,,,,,,
label,b9I7_AKw_CmmJoLeaKfm9Q,1,"People say ""lightning only strikes once"".  Well, guess what?  We were a party of six years ago at the old location.  They seated us at a huge booth.  We sat at that booth for 17 minutes with absolutely no contact with an employee.  We walked out.  Since this new location opened, we've dined as a family dozens of times with great results.  Tonight I entered by myself.  Seated near the bar at a four top, I sat at my table for nine minutes...no one, nothing.  So, again, I walk out to the prepubescent hostesses thanking me for coming.  Too much competition CD Romas...especially repeating a nasty habit the industry does not forgive you for...",,SERVICE#GENERAL,negative,true,,SERVICE#GENERAL,positive,true,yelp,CD Romas,RESTAURANT#MISCELLANEOUS,positive,false,,,,,,,,,,,,,,,,,,,,,,,,,,,,,,,,,,,,,,,,
label,f63URRJ9DCs2ymfRfXhcvw,1,I really don't like being told that the chef changed how something is made months ago and that I have been eating buttermilk for who knows how long.  That is not cool.  All of the seitan dishes were either removed from the menu or they were changed to include animal junk.  Basically this place has gone from being awesome to just another burrito shop for the vegan community.  Boo!,chef,SERVICE#GENERAL,negative,false,seitan dishes,FOOD#STYLE_OPTIONS,negative,false,yelp,menu,FOOD#STYLE_OPTIONS,negative,false,,RESTAURANT#GENERAL,negative,true,,,,,,,,,,,,,,,,,,,,,,,,,,,,,,,,,,,,
label,6j7TrxqNC9FtcRIPrDpRqQ,3,"My friend and I came here around 2pm on a Monday. It happened by default, as most of the restaurants on Main Street were closed. We sat ourselves down at the bar and got to drinking. After a few drinks, I ordered the pulled pork tacos and my friend had a burrito. Not bad, not stellar. Just a standard very place to drink and eat Mexican food. It's got a very college feel even in the middle of the day, so keep that in mind if that's not your thing.",pulled pork tacos,FOOD#QUALITY,neutral,false,burrito,FOOD#QUALITY,neutral,false,yelp,,AMBIENCE#GENERAL,neutral,true,,,,,,,,,,,,,,,,,,,,,,,,,,,,,,,,,,,,,,,,
label,dn8s5Kq5drzbkcSkEwPLEQ,3,"Lots of slots, you have to pay to park, the cocktail waitresses aren't cute, drinks take forever, and everyone smokes in there..... I'd still go back though",slots,RESTAURANT#MISCELLANEOUS,positive,false,park,RESTAURANT#PRICES,negative,false,yelp,cocktail waitresses,SERVICE#GENERAL,negative,false,,DRINKS#QUALITY,negative,true,,AMBIENCE#GENERAL,negative,true,,,,,,,,,,,,,,,,,,,,,,,,,,,,,,,,
label,Jm5zNjzGlmHcQaQGTlYRog,2,"This place has a good location in Hillsboro Village and lots of well-positioned tv screens (had a good time watching some world cup matches here).  However, the food is fairly bad.  Service is all right, sometimes slow.  Eh.",location,LOCATION#GENERAL,positive,false,tv screens,RESTAURANT#MISCELLANEOUS,positive,false,yelp,food,FOOD#QUALITY,negative,false,service,SERVICE#GENERAL,neutral,false,,SERVICE#GENERAL,negative,true,,,,,,,,,,,,,,,,,,,,,,,,,,,,,,,,
label,dByIA46uW9B7Z5vGTvAPig,1,"Really, you can't put meat on the side for a taco salad? And your justification is a stumble over a bunch of words? I don't understand??? I definitely won't be back!",meat on the side for a taco salad,FOOD#STYLE_OPTIONS,negative,false,,SERVICE#GENERAL,negative,true,yelp,,RESTAURANT#GENERAL,negative,true,,,,,,,,,,,,,,,,,,,,,,,,,,,,,,,,,,,,,,,,
label,dVDJWzxnnIgQqdG6XpKkfQ,4,"Got my haircut with Elijah ""Eli"" and I have to say that the vibe in this place is simply amazing, just a bunch of guys enjoying a good cut and laughing.  It was great, Eli was amazing and the price matches the quality! Definitely my new shop up here on the North Side.",vibe,AMBIENCE#GENERAL,positive,false,Eli,SERVICE#GENERAL,positive,false,yelp,price,RESTAURANT#PRICES,positive,false,,,,,,,,,,,,,,,,,,,,,,,,,,,,,,,,,,,,,,,,
label,E91iUqN6z_7Y0xUHBwM0yw,3,"Amazing food and drinks, good coffee. BUT there's flies everywhere. I eat here pretty often and that's always a problem.",food,FOOD#QUALITY,positive,false,drinks,DRINKS#QUALITY,positive,false,yelp,coffee,DRINKS#QUALITY,positive,false,flies,AMBIENCE#GENERAL,negative,false,,,,,,,,,,,,,,,,,,,,,,,,,,,,,,,,,,,,
label,SRF_nqNqo_-n--mPi4xk1Q,1,"Granted its a holiday ( valentines day) but my bf and I sat at the bar for 28 minutes with not so much as a look for either the bar back or bartender. The bartender looked like she was pissed at the world and even yelled at her barback to ""deal with the ppl"" behind her.  As lightning season ticket holders this was the 2nd disappointing experience at the BAR. Food is so amazing but always plan ahead and be prepared to wait........  not going to be gracing this establishment for a while as I sit down the sidewalk at Splittsville with food ordered and a drink in hand!!! Go SVille",,SERVICE#GENERAL,negative,true,bartender,SERVICE#GENERAL,negative,false,yelp,Food,FOOD#QUALITY,positive,false,,RESTAURANT#GENERAL,negative,true,,,,,,,,,,,,,,,,,,,,,,,,,,,,,,,,,,,,
label,Aj0UVTXgRLXAasN1X4qXuA,5,"Great food... Love the Fish tacos & Nachos are great  it's really a nice atmosphere for family settings and night or dates too.. Music beach bar, home made ice cream  & a little play ground - it's great",food,FOOD#QUALITY,positive,false,Fish tacos,FOOD#QUALITY,positive,false,yelp,Nachos,FOOD#QUALITY,positive,false,atmosphere,AMBIENCE#GENERAL,positive,false,,,,,,,,,,,,,,,,,,,,,,,,,,,,,,,,,,,,
label,chtDBb_3unH0Wcs3W2Iahw,5,"Some of the finest Mexican food I've had. The fried fish taco is WONDERFUL, as is all of the other food. My biggest regret is not buying their red sauce and birria to take home.   Also-there is no air conditioning. They do have ceiling fans, but we all know those aren't necessarily helpful in the monsoon season. The food is definitely worth the trip though!",Mexican food,FOOD#QUALITY,positive,false,fried fish taco,FOOD#QUALITY,positive,false,yelp,red sauce and birria,FOOD#QUALITY,positive,false,air conditioning,AMBIENCE#GENERAL,negative,false,,AMBIENCE#GENERAL,negative,true,,,,,,,,,,,,,,,,,,,,,,,,,,,,,,,,
label,xOLT8Z62v6el61dOQTOHdQ,4,"Great food! The wait was a bit long, and their wait list process is a bit confusing. But other than that it was nice, friendly, and quick service. And the food was fantastic.",food,FOOD#QUALITY,positive,false,,SERVICE#GENERAL,negative,true,yelp,,SERVICE#GENERAL,positive,true,,,,,,,,,,,,,,,,,,,,,,,,,,,,,,,,,,,,,,,,
label,GVEAispVyfwkjyuOkmBLvA,4,Rooms were better than expected judging by the exterior of hotel.  Great food in casino.  Great service all around.  Casino is way to smokey to the point it was hard to breathe.,exterior of hotel,LOCATION#GENERAL,negative,false,Rooms,RESTAURANT#MISCELLANEOUS,positive,false,yelp,food,FOOD#QUALITY,positive,false,service,SERVICE#GENERAL,positive,false,Casino,AMBIENCE#GENERAL,negative,false,,,,,,,,,,,,,,,,,,,,,,,,,,,,,,,,
label,aOCI7NVqcwf9mb0sGZxHJw,5,"They are really great with making cakes last minute, as I can attest to! I've had a sampling of most of their cakes, and they're all delicious. A little too sweet for my personal preference, but that's not a bad flaw to have!",cakes,FOOD#QUALITY,positive,false,cakes,FOOD#STYLE_OPTIONS,positive,false,yelp,,FOOD#QUALITY,negative,true,,,,,,,,,,,,,,,,,,,,,,,,,,,,,,,,,,,,,,,,
label,0wLjHPDXrJ4OKwwaKzl7BA,4,"I love their eggs! Their eggs taste better than any other restaurant eggs I've ever had. We always get the hash. Dawn Patrol is always super generous with the food portioning...with the hash, that is. My brother got a burger to go, and all it was was a piece of meat between two buns. However, he said the burger was really good, but still, I feel that they could've melted some cheese on top of the patty. All of their pastries, bread and jellies are homemade - and really delicious!",eggs,FOOD#QUALITY,positive,false,hash,FOOD#QUALITY,positive,false,yelp,burger,FOOD#QUALITY,positive,false,burger,FOOD#STYLE_OPTIONS,negative,false,"pastries, bread and jellies",FOOD#QUALITY,positive,false,food portioning,FOOD#STYLE_OPTIONS,positive,false,,,,,,,,,,,,,,,,,,,,,,,,,,,,
label,hEI3B7W1kPkHNrT4bIO9ww,1,"If I could give zero stars I would. Huge disappointment.  Terrible service all around. Front desk attendant upon my arrival was rude, couldn't find a luggage cart for me to use. I asked to be away from the elevator four times and was given a room that faced the elevator. The couch had a stain as did the walls. Could hear music and people talking from the lobby all night. I love Hilton hotels and always stay at one - this was a huge let down and I will be sure to never stay at this location again. For the price go somewhere else.",,RESTAURANT#GENERAL,negative,true,service,SERVICE#GENERAL,negative,false,yelp,front desk attendant,SERVICE#GENERAL,negative,false,room,AMBIENCE#GENERAL,negative,false,couch,AMBIENCE#GENERAL,negative,false,price,RESTAURANT#PRICES,negative,false,,,,,,,,,,,,,,,,,,,,,,,,,,,,
label,EmBi1PynV13wTPQZEzoDDw,1,"After reading all the glowing reviews, we stopped in for a drink on Sunday afternoon. The bartender was the worst we've experienced during our visit to NoLa. There was not a single ""friendly/neighborly"" vibe to be found. He was kind of a jerk who could care less about anyone sitting around his bar. We finished our drinks and promptly left.",bartender,SERVICE#GENERAL,negative,false,,SERVICE#GENERAL,negative,true,yelp,,AMBIENCE#GENERAL,negative,true,,,,,,,,,,,,,,,,,,,,,,,,,,,,,,,,,,,,,,,,
label,VjQl5idbz1Y9PNvVi7iHlQ,2,"Food was not very good and speed of service is very slow. Our waitress was very friendly tho. Granted We cane here on a Friday night, but it shouldn't take 1hr and half to serve dinner for two.  Poor execution on food and speed of service. I will not be coming here again.",Food,FOOD#QUALITY,negative,false,speed of service,SERVICE#GENERAL,negative,false,yelp,waitress,SERVICE#GENERAL,positive,false,,,,,,,,,,,,,,,,,,,,,,,,,,,,,,,,,,,,,,,,
label,PPgbLBvi34A6m7bKJfTwhw,1,Service and management terrible... After messing up all 4 of our orders the waiter got mad and started cursing... The manager offered our drinks to be free.. What a mess. The food was cold and nasty didn't even eat half of it and waited over an hour... I will never dine in any cracker barrel again after this experience...,Service and management,SERVICE#GENERAL,negative,false,waiter,SERVICE#GENERAL,negative,false,yelp,manager,SERVICE#GENERAL,negative,false,drinks,DRINKS#QUALITY,positive,false,food,FOOD#QUALITY,negative,false,,SERVICE#GENERAL,negative,true,,RESTAURANT#GENERAL,negative,true,,,,,,,,,,,,,,,,,,,,,,,,
label,WqqtROjIbnBPvZi9Q9tu8Q,4,"Tried The Wine Loft last night and had a complete different experience then what most reviewers had. Our service was phenomenal, wine was delicious, and the food we tried was tasty! My husband and I shared the brie and mini sliders. We also shared a bottle of a great cab that complimented our food well. They have a nice happy hour!",service,SERVICE#GENERAL,positive,false,wine,DRINKS#QUALITY,positive,false,yelp,food,FOOD#QUALITY,positive,false,brie and mini sliders,FOOD#QUALITY,positive,false,cab,DRINKS#QUALITY,positive,false,happy hour,RESTAURANT#MISCELLANEOUS,positive,false,,,,,,,,,,,,,,,,,,,,,,,,,,,,
label,VpO2y8sEzcUECZ2GA3Of1A,4,"Dorignac's is a great local grocery store.  They have tons of local products, as well as national brands.  The quality is pretty good.  The employees are friendly and helpful.  I only wish they had a couple more locations.  I only go here when I'm in the area, and that's not very often.",Dorignac's,RESTAURANT#GENERAL,positive,false,local products,FOOD#STYLE_OPTIONS,positive,false,yelp,quality,FOOD#QUALITY,positive,false,employees,SERVICE#GENERAL,positive,false,,LOCATION#GENERAL,negative,true,,,,,,,,,,,,,,,,,,,,,,,,,,,,,,,,
label,Q8Vz3ELyBKwFwelkSws75g,3,"If you're a fan of sweets, this spot is worth visiting.  They're well-known for their pralines, but there are plenty of other desserts to choose from here.  They even have guys in the front (or back?) of the store making pralines that you can watch.",spot,RESTAURANT#GENERAL,positive,false,pralines,FOOD#QUALITY,positive,false,yelp,desserts,FOOD#STYLE_OPTIONS,positive,false,,,,,,,,,,,,,,,,,,,,,,,,,,,,,,,,,,,,,,,,
label,wphbA_OQlOtP4AaT8oTeOw,4,"Food was a 3.5 or so, but our server Kiki pushed our rating up to 4.  Oysters on half shell were good (but so damn big!).   BBQ oysters were really tasty.   Turtle soup - solid and spicy.   BBQ shrimp - wife loved it, I thought just ok.",Food,FOOD#QUALITY,neutral,false,Kiki,SERVICE#GENERAL,positive,false,yelp,Oysters on half shell,FOOD#QUALITY,positive,false,BBQ oysters,FOOD#QUALITY,positive,false,Turtle soup,FOOD#QUALITY,positive,false,BBQ shrimp,FOOD#QUALITY,neutral,false,,,,,,,,,,,,,,,,,,,,,,,,,,,,
label,kXkoBcxhLJ058tTeBbUz6g,2,"I've been to Lucy's twice now. I don't usually do the whole going to bars thing but I was with friends .. This place gets WAY too packed for my liking. I don't really enjoy being pushed and shoved around while trying to make my way to the restroom.   I tried the food this go around and it was a huge disappointment. I asked for a medium burger and it came out well and dried, it also tasted like a brick. The nachos were gross. It's layers upon layers of chips and melted cheese, and it was cold by the time it got to me.  Overall, if I don't have to go back there EVER, I won't.",place,RESTAURANT#GENERAL,negative,false,,AMBIENCE#GENERAL,negative,true,yelp,food,FOOD#QUALITY,negative,false,burger,FOOD#QUALITY,negative,false,nachos,FOOD#QUALITY,negative,false,,,,,,,,,,,,,,,,,,,,,,,,,,,,,,,,
label,WwdgjZvARA-p7IU4I4Iqbw,5,I've been to this place in numerous occasions and I have never been disappointed! My friend and I are traveling to Puerto Rico and my mother in law wanted Tamales! They were very accommodating and gave us free samples and offer to cook them and pack them for us! Great place and very friendly staff!,place,RESTAURANT#GENERAL,positive,false,staff,SERVICE#GENERAL,positive,false,yelp,,,,,,,,,,,,,,,,,,,,,,,,,,,,,,,,,,,,,,,,,,,,
label,ccMORGjJYr3Mq7sjASl1iA,3,The food here was much better when it first opened.  Still a solid and easy BBQ and meat option just not enough to go 4 stars even.  The meat is good.  The sides are what has declined. Their biscuits aren't that great - a little too dense.  Nice selection of desserts.,food,FOOD#QUALITY,negative,false,meat,FOOD#QUALITY,positive,false,yelp,biscuits,FOOD#QUALITY,negative,false,desserts,FOOD#STYLE_OPTIONS,positive,false,,,,,,,,,,,,,,,,,,,,,,,,,,,,,,,,,,,,
label,2LeaIpYBnVZQudLUoqedyg,5,"Carne Seca burro was smokey, delicious and really filling. The price is great for what they give you. If only they automatically put some tomatoes and lettuce. :( Other than that, you have to stop by and try the carne seca burro, especially if you're just visiting the area. The tortilla is amazing - if I wasn't in the process of moving, I would have taken a few back home to eat. Don't forget to order an horchada - they serve one that is delicious!",Carne Seca burro,FOOD#QUALITY,positive,false,price,FOOD#PRICES,positive,false,yelp,tomatoes and lettuce,FOOD#STYLE_OPTIONS,negative,false,tortilla,FOOD#QUALITY,positive,false,horchada,DRINKS#QUALITY,positive,false,,,,,,,,,,,,,,,,,,,,,,,,,,,,,,,,
label,V0AVbSPBmpaDEn10CwSigQ,2,This place is dirty and old! If you go to the drive thru you'll get better service than if you go inside. Lunch time is the worst. It's like the found the slowest people to ring during the busiest time.,place,RESTAURANT#GENERAL,negative,false,,SERVICE#GENERAL,negative,true,yelp,,AMBIENCE#GENERAL,negative,true,,,,,,,,,,,,,,,,,,,,,,,,,,,,,,,,,,,,,,,,
label,bMficDLE7xpYS47EGPH3KA,3,Best pizza ever Worst service tho  I still keep coming because the pizza is still go but be ready to wait a hour or more and to wait in a long line for a refil of soda   On a slow night it's awesome no complaints,pizza,FOOD#QUALITY,positive,false,service,SERVICE#GENERAL,negative,false,yelp,,SERVICE#GENERAL,negative,true,soda,DRINKS#QUALITY,negative,false,,AMBIENCE#GENERAL,positive,true,,,,,,,,,,,,,,,,,,,,,,,,,,,,,,,,
label,quiZPC8t-iZs1uiMA1ovEQ,5,"Stopped in for the lunch menu with my girlfriend, place was extremely clean, food was ON POINT!  And AFFORDABLE Can't wait to go back!!",place,RESTAURANT#GENERAL,positive,false,food,FOOD#QUALITY,positive,false,yelp,,FOOD#PRICES,positive,true,,,,,,,,,,,,,,,,,,,,,,,,,,,,,,,,,,,,,,,,
label,F6TZRirbqYmzmHcvorR5-Q,1,"Smoke and Barrel BBQ, less than marginal at best, I don't think I will ever come again! They should have kept Pastavino. Tri tip was roasted not smoked or BBQ'd cut into one inch squares, bread was hard. The chicken was the only thing somewhat worth eating.",Smoke and Barrel BBQ,RESTAURANT#GENERAL,negative,false,Tri tip,FOOD#QUALITY,negative,false,yelp,bread,FOOD#QUALITY,negative,false,chicken,FOOD#QUALITY,positive,false,,,,,,,,,,,,,,,,,,,,,,,,,,,,,,,,,,,,
label,K2LXvZrJUHkOHTTTVv-ECQ,5,"Fiorello's is awesome! My daughter's graduation was this past Saturday 5/31 and we were looking for something in west chester for lunch after the graduation with easy parking and great food.  we had 16 people and we all had GREAT meals. the service was outstanding and the ambiance was perfect - casual but very, very nice. I can't say enough about what a great experience we had.",Fiorello's,RESTAURANT#GENERAL,positive,false,food,FOOD#QUALITY,positive,false,yelp,service,SERVICE#GENERAL,positive,false,ambiance,AMBIENCE#GENERAL,positive,false,,,,,,,,,,,,,,,,,,,,,,,,,,,,,,,,,,,,
label,W_PIVM-gVnd1QNUcWvz06w,5,"Service was awesome, food was delicious! Very busy place for brunch on weekends but the wait was well worth it",Service,SERVICE#GENERAL,positive,false,food,FOOD#QUALITY,positive,false,yelp,place,RESTAURANT#GENERAL,neutral,false,,,,,,,,,,,,,,,,,,,,,,,,,,,,,,,,,,,,,,,,
label,i-aMU53oKzRkspInjLrguQ,2,"It is ok. Nothing special. Drinks are good but they advertise 80's food. Well it was  2014 prices with 2014 quantity. I had the salmon, it was good but 23 dollars for a small piece of salmon with some three bean salad. My date had the 26 dollar lobster roll that had eight French fries. I was expecting 80's proportions at 2014 pricing. The only thing 80's was the movie on the tv. The food took forever the Caesar salad table side was expensive for what you received.",,RESTAURANT#GENERAL,neutral,true,Drinks,DRINKS#QUALITY,positive,false,yelp,salmon,FOOD#PRICES,negative,false,salmon,FOOD#QUALITY,positive,false,lobster roll,FOOD#PRICES,negative,false,food,FOOD#STYLE_OPTIONS,negative,false,,SERVICE#GENERAL,negative,true,Caesar salad,FOOD#PRICES,negative,false,,,,,,,,,,,,,,,,,,,,
label,rGXMJulixaOGNEZaFzOB6w,4,We are from out of town here on vacation. We really enjoyed the restaurant and the fish tank display. There is a lot of interesting Guy Harvey merchandise up front also.,restaurant,RESTAURANT#GENERAL,positive,false,fish tank display,AMBIENCE#GENERAL,positive,false,yelp,Guy Harvey merchandise,RESTAURANT#MISCELLANEOUS,positive,false,,,,,,,,,,,,,,,,,,,,,,,,,,,,,,,,,,,,,,,,
label,BMSxOuQByoq1W5d_5HXgoA,4,I loved it.... Food was good and I love the atmosphere drinks were great!!! It's really a upscale version of the Cheesecake Factory.,Food,FOOD#QUALITY,positive,false,atmosphere,AMBIENCE#GENERAL,positive,false,yelp,drinks,DRINKS#QUALITY,positive,false,,,,,,,,,,,,,,,,,,,,,,,,,,,,,,,,,,,,,,,,
label,vq6z2WRhYGLXtCeeIsG83g,1,"Twice I have wanted to order through the Internet and twice it has not worked. The first time I never even got my order. The second time I called and was told, "" oh yeah that happens"". And then, if you want to order it will be well over an hour for a pizza. WTF? This is pathetic. I really want to support locally owned businesses but not like this. I will gladly walk to Theo's and get a pizza before I try these guys again. Too bad, you're ruining local,business. I will NEVER EVER ORDER AGAIN.",Internet order,RESTAURANT#MISCELLANEOUS,negative,false,,SERVICE#GENERAL,negative,true,yelp,,FOOD#PRICES,negative,true,pizza,FOOD#QUALITY,negative,false,,RESTAURANT#GENERAL,negative,true,,,,,,,,,,,,,,,,,,,,,,,,,,,,,,,,
label,9IG9eB3K-RdIonPBuZ0psw,5,This is one of the busiest Chick fil A's I've seen but they always manage to be quick and have exceptional service! I seriously don't know how they can be so quick and great all the time! One of my favorite places!,Chick fil A,RESTAURANT#GENERAL,positive,false,,SERVICE#GENERAL,positive,true,yelp,,,,,,,,,,,,,,,,,,,,,,,,,,,,,,,,,,,,,,,,,,,,
label,29VbRhfPF1K8OHFK4NtvXg,4,"I am glad I was able to join friend for their reservations at Luke. The drinks were wonderful! First time having raw and fried oysters, I was told the raw oysters were less salty then regular which I appreciated. I had the crab bisque which was divine, tried my friends shrimp and grits, and the bread pudding, all were glorious and to top it off the serves was great.",drinks,DRINKS#QUALITY,positive,false,raw oysters,FOOD#QUALITY,positive,false,yelp,crab bisque,FOOD#QUALITY,positive,false,shrimp and grits,FOOD#QUALITY,positive,false,bread pudding,FOOD#QUALITY,positive,false,serves,SERVICE#GENERAL,positive,false,,,,,,,,,,,,,,,,,,,,,,,,,,,,
label,jMVnTfb6zWR9hbFd3g67_A,1,"I usually stay away from restaurants on piers since most are tourist traps but went to this one since it had so many good reviews. Calm chowder had good pieces of clam but the soup was pretty thick - it is ok, not as good as some reviews here claim.  Crab cakes were also ok.  The shrimp and scallops pasta was awful - small shrimps and scallops, definitely not fresh.  It was also sour, either from some wrong ingredient or some overdue sauce.",calam chowder,FOOD#QUALITY,neutral,false,crab cakes,FOOD#QUALITY,neutral,false,yelp,shrimp and scallops pasta,FOOD#QUALITY,negative,false,,,,,,,,,,,,,,,,,,,,,,,,,,,,,,,,,,,,,,,,
label,TkcqktnOSRRDOLcba0YIqQ,4,My wife and I have shopped here for years. They have the best available produce all the time - local when available and best source otherwise. We picked up sweet corn today and it was from Georgia. Last time it was California sweet corn because that was all that was available. The main reason we stopped was for Georgia peaches. Mmmm. They also have a small greenhouse and plants throughout the growing season.,produce,FOOD#QUALITY,positive,false,sweet corn,FOOD#QUALITY,positive,false,yelp,Georgia peaches,FOOD#QUALITY,positive,false,,,,,,,,,,,,,,,,,,,,,,,,,,,,,,,,,,,,,,,,
label,EU8WdSUTSSkyCOITxZxpng,1,The only great thing was the view! The food was okay! Nothing special. They called last call an hour an 15 minutes before they closed. The server was quick the get us in and out. I'm a server as well and wouldn't do half the things they did. Went to the bathroom before we left and when you walk in the people that work there are sitting down on their phone. Too many better places to go than here. It also took 30 mins to get our appetizer!,view,LOCATION#GENERAL,positive,false,food,FOOD#QUALITY,neutral,false,yelp,,SERVICE#GENERAL,negative,true,server,SERVICE#GENERAL,positive,false,,SERVICE#GENERAL,negative,true,,AMBIENCE#GENERAL,negative,true,appetizer,FOOD#QUALITY,negative,false,,,,,,,,,,,,,,,,,,,,,,,,
label,MbY_8Mv4GwpPuOpMK4GHSA,1,"This place is just awful. Great atmosphere, but food is just plain bad. I've given it too many tries. Done.",atmosphere,AMBIENCE#GENERAL,positive,false,food,FOOD#QUALITY,negative,false,yelp,place,RESTAURANT#GENERAL,negative,false,,,,,,,,,,,,,,,,,,,,,,,,,,,,,,,,,,,,,,,,
label,f2K0mmkgRxylGh2jFbhsng,4,Yummy food and fair prices for the Montecito area! Stopped by after a hike and enjoyed a glass of wine and veggie salad. Good service. Great ambiance.,food,FOOD#QUALITY,positive,false,prices,FOOD#PRICES,positive,false,yelp,wine,DRINKS#QUALITY,positive,false,veggie salad,FOOD#QUALITY,positive,false,service,SERVICE#GENERAL,positive,false,ambiance,AMBIENCE#GENERAL,positive,false,,,,,,,,,,,,,,,,,,,,,,,,,,,,
label,GG2-VZIt_fLqFd8V4n_1Ew,3,"I have been in this store twice.  It is clean, uncluttered and seems to have a wide variety of products. The clerks and service people need to work on smiling. They seem a little grim and preoccupied. Also items I was shopping for we're not clearly priced and the deli only had 2 sizes of containers. I think there is great potential but things need to come together.",store,RESTAURANT#GENERAL,neutral,false,,SERVICE#GENERAL,negative,true,yelp,prices,RESTAURANT#PRICES,negative,false,products,RESTAURANT#MISCELLANEOUS,positive,false,clerks and service people,SERVICE#GENERAL,negative,false,deli,FOOD#STYLE_OPTIONS,negative,false,,,,,,,,,,,,,,,,,,,,,,,,,,,,
label,N7QO4KNVOzYKyyizhKG4vg,2,"I wanted to like this place but it felt more like a mass chain than a great local find. The staff were great and no wait. The custom omelet was not done correctly (tomatoes inside when I asked for none and an onion or two that were not part of my order). Not terrible mistakes, but the worst was that the food came out luke warm. The complimentary corn muffins also seemed old. If you're looking for standard fare, no frills, this place is fine. That said, for the quality they are too expensive for brunch/breakfast in my opinion.",place,RESTAURANT#GENERAL,negative,false,staff,SERVICE#GENERAL,positive,false,yelp,custom omelet,FOOD#QUALITY,negative,false,complimentary corn muffins,FOOD#QUALITY,negative,false,,FOOD#PRICES,negative,true,,,,,,,,,,,,,,,,,,,,,,,,,,,,,,,,
label,pFrc3z4Q1i5GvPuQwH307g,5,"We were visiting from LA and found Crazy Sushi on Yelp. Probably the best presentation of Sushi I have seen. We ordered sashimi, a peacock roll and unagi...delicious!",presentation of Sushi,FOOD#QUALITY,positive,false,sashimi,FOOD#QUALITY,positive,false,yelp,peacock roll,FOOD#QUALITY,positive,false,unagi,FOOD#QUALITY,positive,false,,,,,,,,,,,,,,,,,,,,,,,,,,,,,,,,,,,,
label,lDhP7hZ-4x9EiuuNjCrYUw,2,"Not sure why the reviews are so high for this place.. Great live band, ok food and bad service. Only a few other tables taken but waited 10+ minutes to order drinks. The fish tacos were tasty; pan-seared scallops were over-seasoned and disappointing.",live band,AMBIENCE#GENERAL,positive,false,food,FOOD#QUALITY,neutral,false,yelp,,SERVICE#GENERAL,negative,true,fish tacos,FOOD#QUALITY,positive,false,pan-seared scallops,FOOD#QUALITY,negative,false,drinks,DRINKS#QUALITY,negative,false,,,,,,,,,,,,,,,,,,,,,,,,,,,,
label,w9AZ-yK5XgHIPCUiktt7jQ,5,We had a great meal after a day at the beach. The chicken tacos were great and my husband and so loved crab legs and oysters.,meal,FOOD#QUALITY,positive,false,chicken tacos,FOOD#QUALITY,positive,false,yelp,crab legs,FOOD#QUALITY,positive,false,oysters,FOOD#QUALITY,positive,false,,,,,,,,,,,,,,,,,,,,,,,,,,,,,,,,,,,,
label,KH9O1_ibrfH3Ted7FKr6Jw,4,Perfect place to take visitors. The plates are small and pricey but flavorful. Drinks are pretty much $10 across the board. The live music/atmosphere make the outing worth the cost. Make reservations if possible! Fun Fact: My husband and I met Bill Murray and Jon Favreau here.,place,RESTAURANT#GENERAL,positive,false,plates,FOOD#QUALITY,positive,false,yelp,plates,FOOD#PRICES,negative,false,drinks,DRINKS#PRICES,neutral,false,live music/atmosphere,AMBIENCE#GENERAL,positive,false,,,,,,,,,,,,,,,,,,,,,,,,,,,,,,,,
label,JGwX2Q3XtaG_IEPnZW6HNw,1,Just ate there and the meatloaf dinner. Absolutely f'n horrible. Diarrhea in 5 minutes. Worst dinner I've ever had. No stars.,meatloaf dinner,FOOD#QUALITY,negative,false,,,,,yelp,,,,,,,,,,,,,,,,,,,,,,,,,,,,,,,,,,,,,,,,,,,,
label,WJDYbdTXFKKSpALuOOktOA,4,"Came here once with friends and enjoyed the coconut margarita, the creamiest tableside  guacamole made to my liking served with yummy fresh and warm thin tortilla chips and free churros!! I ordered a salad but the chicken was dry and the dressing (requested on the side) didn't please me. I even asked for another dressing but still didn't quite hit the spot. I'd definitely come back for the margaritas, guac/chips and churros though!",coconut margarita,DRINKS#QUALITY,positive,false,tableside guacamole,FOOD#QUALITY,positive,false,yelp,tortilla chips,FOOD#QUALITY,positive,false,churros,FOOD#QUALITY,positive,false,chicken,FOOD#QUALITY,negative,false,dressing,FOOD#QUALITY,negative,false,,,,,,,,,,,,,,,,,,,,,,,,,,,,
label,oD2T4HLtcIJm8A0oPKN4pg,2,"Fried rice looks like brown rice about 2 1/4 in chunks of egg. No vegtibles to be recognized . Like they had a water gun of soy sauce and was randomly shooting the rice,  while they were drying it out.. I gave it 2 stars, because I am generous like that.",fried rice,FOOD#QUALITY,negative,false,egg,FOOD#QUALITY,negative,false,yelp,vegetables,FOOD#STYLE_OPTIONS,negative,false,soy sauce,FOOD#STYLE_OPTIONS,negative,false,,,,,,,,,,,,,,,,,,,,,,,,,,,,,,,,,,,,
label,RM0A5NaSc16fUgTOMf6-QA,1,Have been going there over 20 years & always had great friendly service which has resulted in 4-6 hours stay. Went there Sunday and the bartender Michelle was rude and uninterested in doing her job. There was only us and 3 of her friends in the bar. In the time we had 1 drink 4 couples walked in sat down & she never acknowledged them and of course they walked out. She was more interested in her friends and the music she was playing on her phone then making herself or the bar owner any money. I was disappointed and sad that a person like her was hired.,service,SERVICE#GENERAL,positive,false,Michelle,SERVICE#GENERAL,negative,false,yelp,,SERVICE#GENERAL,negative,true,,,,,,,,,,,,,,,,,,,,,,,,,,,,,,,,,,,,,,,,
label,pT-tX310TvUI9Hq4cEUzMw,2,"Wasn't impressed, yes it was a Sat night, yes the NHL playoffs were across the street so I expected a wait.  Only waited about 15 min for a table....then came the real wait and I couldn't say it was the waitress' fault she was attentive and sweet but she had nothing to give us, drinks weren't coming out fast enough food was ready.  Disappointed in the prices too, 2 dinners and app $68 no sodas no liquors....just another chain",wait,SERVICE#GENERAL,neutral,false,waitress,SERVICE#GENERAL,positive,false,yelp,drinks,DRINKS#QUALITY,negative,false,food,FOOD#QUALITY,negative,false,prices,RESTAURANT#PRICES,negative,false,,,,,,,,,,,,,,,,,,,,,,,,,,,,,,,,
label,z49KLFmNFVpfpQTLm6iU5Q,2,Lovely neighborhood gem but worth a drive if you're not local. Nice decor. Clean. Comfortable. Excellent menu and food. Binty is best server ever!  Binty left. Hmmmmm. 10-2014,neighborhood gem,RESTAURANT#GENERAL,positive,false,decor,AMBIENCE#GENERAL,positive,false,yelp,,AMBIENCE#GENERAL,positive,true,,AMBIENCE#GENERAL,positive,true,menu,FOOD#STYLE_OPTIONS,positive,false,food,FOOD#QUALITY,positive,false,Binty,SERVICE#GENERAL,positive,false,,,,,,,,,,,,,,,,,,,,,,,,
label,GNREgOUkqcrAeX-vNRqYNg,4,"Better than Hooters for both food and scenery.  The servers here are certainly friendlier.  The food is okay, basically pub food.  The menu is small, but who comes to a restaurant like this looking for an expansive menu?  We've been in a couple of times for lunch.  They usually are seating immediately.  The biggest downside is the parking lot.  Some of those potholes could swallow a car.",food,FOOD#QUALITY,positive,false,scenery,AMBIENCE#GENERAL,positive,false,yelp,servers,SERVICE#GENERAL,positive,false,food,FOOD#QUALITY,neutral,false,menu,FOOD#STYLE_OPTIONS,neutral,false,,SERVICE#GENERAL,positive,true,parking lot,LOCATION#GENERAL,negative,false,,,,,,,,,,,,,,,,,,,,,,,,
label,gx92zfKLC767cNBzw6D0-w,5,"What a cool place.  Great locally roasted coffee, fresh and delicious baked goods, cat products made by local artisans, and, CATS!  Where else can you have a coffee and snack with a friendly kitten sitting on your lap?  Fall in love with one of the felines?  The cats are all from the SPCA, have their shots and are fully adoptable!",place,RESTAURANT#GENERAL,positive,false,coffee,DRINKS#QUALITY,positive,false,yelp,baked goods,FOOD#QUALITY,positive,false,,,,,,,,,,,,,,,,,,,,,,,,,,,,,,,,,,,,,,,,
label,0XcLDuhP0X-0xWss3JT8ag,1,"although i live a stones throw away and love the concept, i can no longer support this establishment. the food is just too inconsistent and despite the reasonable prices, subpar quality. i guess its still better than Goldies but Sylvan Park deserves better.",food,FOOD#QUALITY,negative,false,prices,FOOD#PRICES,positive,false,yelp,,,,,,,,,,,,,,,,,,,,,,,,,,,,,,,,,,,,,,,,,,,,
label,BsbtDn_cFJF73y62R58pJQ,3,"Pool tables, darts, and karaoke which warrant a 5 star review. Some of the WORST bartenders I've ever experienced. I figure a 3 star review splits the difference. If you are ok with a great bar with slow, rude service and weak drinks once you complain, you'll be ok.","Pool tables, darts, and karaoke",RESTAURANT#MISCELLANEOUS,positive,false,bartenders,SERVICE#GENERAL,negative,false,yelp,,SERVICE#GENERAL,negative,true,drinks,DRINKS#QUALITY,negative,false,,,,,,,,,,,,,,,,,,,,,,,,,,,,,,,,,,,,
label,YvGP8BLTIEHgQ6NRDblENA,5,"I am a vegitarian and so finding good veggie rolls that i enjoy is hard, but the guys at icheban know how to do it right!  I go regularly becasue they know exactly what i like as soon as i get in, and they custom make my order becasue I don't eat fish. The sushi chefs are super funny and and hook it up everytime!  This is by far my favorite sushi restaurant in Santa Barbara... -GREAT FOOD -good prices -convienient location -good service!!  I LOVE ICHEBAN!!!!",veggie rolls,FOOD#QUALITY,positive,false,prices,FOOD#PRICES,positive,false,yelp,location,LOCATION#GENERAL,positive,false,service,SERVICE#GENERAL,positive,false,sushi chefs,SERVICE#GENERAL,positive,false,food,FOOD#QUALITY,positive,false,,,,,,,,,,,,,,,,,,,,,,,,,,,,
label,OB9FBVQTN5GlHL3F9tAALA,4,"Finally checked this place out last night. Really quaint with great ambiance. There is no cover charge to hear the great live music. They offer a small collection of wine and cheese. They will plate the cheese for an additional fee but well worth it as it comes with bread, nuts, jam, olives, and pickles. Definitely recommend sitting outside to enjoy the band. There are heaters for those extra chilly days/nights. The environment is pretty low key so its great for a date night and even groups. Didnt try any of the food but everything i saw looked delish. Will definitely return!",ambiance,AMBIENCE#GENERAL,positive,false,live music,RESTAURANT#MISCELLANEOUS,positive,false,yelp,no cover charge,RESTAURANT#PRICES,positive,false,wine and cheese,FOOD#STYLE_OPTIONS,positive,false,additional fee,FOOD#PRICES,positive,false,heaters,AMBIENCE#GENERAL,positive,false,environment,AMBIENCE#GENERAL,positive,false,,,,,,,,,,,,,,,,,,,,,,,,
label,A3RidKtnIjuu1Us4fJPP-A,1,First of all i wasn't greeted . Then we was serve on dirty trays that was wiped with dirty rags . Also the restroom was disgusting as well as table and chairs we sat on. Sorry but will not be coming back and definitely spreading the word of this place.,,SERVICE#GENERAL,negative,true,trays,SERVICE#GENERAL,negative,false,yelp,restroom,AMBIENCE#GENERAL,negative,false,table and chairs,AMBIENCE#GENERAL,negative,false,,,,,,,,,,,,,,,,,,,,,,,,,,,,,,,,,,,,
label,lEI3U6SZxAAzWI0JPe9Lhg,2,Not worth the 300+ a night they were charging.  When up the street to the Kempton Hotel for same price and stayed in luxury.,,RESTAURANT#PRICES,negative,true,,RESTAURANT#GENERAL,negative,true,yelp,,,,,,,,,,,,,,,,,,,,,,,,,,,,,,,,,,,,,,,,,,,,
label,LJfFwF9iLPnculjovMU6FQ,3,Comfort food and the right ambiance. I'm a sucker for cool restaurant setups and the look of this place is lovely. Try the grilled cheese and tomato soup on a chilly or foggy afternoon. Great lunch spot especially with friends or coworkers. The price is a tad steep for the simplicity of the food but not too bad once in awhile.,ambiance,AMBIENCE#GENERAL,positive,false,restaurant setups,RESTAURANT#GENERAL,positive,false,yelp,grilled cheese and tomato soup,FOOD#QUALITY,positive,false,the price,FOOD#PRICES,negative,false,lunch spot,RESTAURANT#GENERAL,positive,false,,,,,,,,,,,,,,,,,,,,,,,,,,,,,,,,
label,FyhYAlL1BzP-LQAIGJjSFw,3,"It was an overall pretty average dining experience. The wait staff was friendly but nothing special but we got served very quickly. The location was nice.  I had the Cajun Combination (cup of gumbo, small-and I do mean SMALL serving of jambalaya, and red beans and rice.)  The gumbo was pretty good. I was happy with it overall. The jambalaya was pretty awful. You're better off making a box of Zatarans.  The red beans and rice were okay. I wasn't unhappy with them but I wouldn't go out of my way.  I wouldn't highly recommend but I also wouldn't turn away. I could eat here again.",dining experience,RESTAURANT#GENERAL,neutral,false,wait staff,SERVICE#GENERAL,positive,false,yelp,location,LOCATION#GENERAL,positive,false,Cajun Combination,FOOD#QUALITY,neutral,false,gumbo,FOOD#QUALITY,positive,false,jambalaya,FOOD#QUALITY,negative,false,red beans and rice,FOOD#QUALITY,neutral,false,,SERVICE#GENERAL,positive,true,,,,,,,,,,,,,,,,,,,,
label,_2hLZ-CaSl2IEKA2fkoCIw,5,"Didn't make it to the main venue, but had lunch at the Den while in town for a conference at the convention center. Good food, huge selection of beer, and the most awesome bartender in NOLA!",food,FOOD#QUALITY,positive,false,beer,DRINKS#STYLE_OPTIONS,positive,false,yelp,bartender,SERVICE#GENERAL,positive,false,,,,,,,,,,,,,,,,,,,,,,,,,,,,,,,,,,,,,,,,
label,DOeEDBfsrNph0ktNkYYFnQ,5,Man. This place is nice. The bartender was awesome. Try the burger. It's fresh with all local ingredients. The plates of food I saw come out looked amazing as well.   The beer is cold. The drinks are mixed perfectly.  This is not a chain restaurant but a dedicated local place with good employees.,place,RESTAURANT#GENERAL,positive,false,bartender,SERVICE#GENERAL,positive,false,yelp,burger,FOOD#QUALITY,positive,false,plates of food,FOOD#QUALITY,positive,false,beer,DRINKS#QUALITY,positive,false,drinks,DRINKS#QUALITY,positive,false,employees,SERVICE#GENERAL,positive,false,,,,,,,,,,,,,,,,,,,,,,,,
label,89T8fLUl5qAv_XE1c63lpQ,2,"The food was fresh but I don't like the idea of creating your own dish, there are too many sauces to figure out if you're making your dish too salty or sweet.",food,FOOD#QUALITY,positive,false,,FOOD#STYLE_OPTIONS,negative,true,yelp,,,,,,,,,,,,,,,,,,,,,,,,,,,,,,,,,,,,,,,,,,,,
label,Jsb8cMAhM2IRa3QrCZuK7w,4,"Good but maybe a little over hyped. I got the Brussel sprouts and the shrimp and grits. The sauce on the sprouts is overwhelming. It was like eating spoonfuls of bbq sauce. Too sweet and too spicy. And the shrimp and grits was better, but also saucy. A little goes a long way.",Brussel sprouts,FOOD#QUALITY,negative,false,shrimp and grits,FOOD#QUALITY,positive,false,yelp,sauce on the sprouts,FOOD#QUALITY,negative,false,,RESTAURANT#GENERAL,neutral,true,,,,,,,,,,,,,,,,,,,,,,,,,,,,,,,,,,,,
label,t6I2vHIupT0yyx4KWmRq_Q,2,"I don't appreciate u calling me ""big guy"" b ! I was  pretty demanding but I wasn't rude about it.b",,SERVICE#GENERAL,negative,true,,,,,yelp,,,,,,,,,,,,,,,,,,,,,,,,,,,,,,,,,,,,,,,,,,,,
label,T4RBB13p0TcW9Ewgbr9tFw,4,"Finally, Berlin's Doner is adding some much needed excitement to the dismal food selection on the South Side. Both the beef-lamb and chicken are excellent whether in a sandwich, wrap, or salad.",Berlin's Doner,RESTAURANT#GENERAL,positive,false,beef-lamb,FOOD#QUALITY,positive,false,yelp,chicken,FOOD#QUALITY,positive,false,food selection,FOOD#STYLE_OPTIONS,negative,false,,,,,,,,,,,,,,,,,,,,,,,,,,,,,,,,,,,,
label,tEbj0ngS0OJY8KS1EYrkZA,3,"Okay, this is going to be a somewhat limited review, because we ordered a limited number of things. But we really liked what we got.   So here it is. We only got Grilled Cheese sandwhiches and soup.  Both were really good. I know, I know. How hard are either of these to make?  Well, they can still be made bad. And, Allegro made them good, and the price was great.  Update: Don't come here for the pizza. It's very average.",Grilled Cheese sandwhiches,FOOD#QUALITY,positive,false,soup,FOOD#QUALITY,positive,false,yelp,price,RESTAURANT#PRICES,positive,false,pizza,FOOD#QUALITY,negative,false,,,,,,,,,,,,,,,,,,,,,,,,,,,,,,,,,,,,
label,OMiCeDGT6qgzIbSdgtzwxQ,2,I had a cheeseburger and fries. The burger wasn't seasoned and the fries were sooo salty. Wont be going back definitely have had better burgers elsewhere like Axis pizza in uni city.,burger,FOOD#QUALITY,negative,false,fries,FOOD#QUALITY,negative,false,yelp,burger,FOOD#QUALITY,positive,false,,RESTAURANT#GENERAL,negative,true,,,,,,,,,,,,,,,,,,,,,,,,,,,,,,,,,,,,
label,0JsANzFPOn5Girp2jqr5Kg,2,"I have to agree with most of the previous reviewers.  It's unremarkable - literally.  There isn't much to say about it.  There isn't anything to commend nor anything to chastise.    It's on my walk home so I go in when I'm craving some Chinese.  I've tried others in the area but this is probably the best.  Sadly, the Chinese food scene in University City is kind of lame.",Chinese food,FOOD#QUALITY,positive,false,,RESTAURANT#GENERAL,neutral,true,yelp,Chinese food scene in University City,LOCATION#GENERAL,negative,false,,,,,,,,,,,,,,,,,,,,,,,,,,,,,,,,,,,,,,,,
label,XjxtaScSUKQYjWo1bwv3jw,4,"I had a date and Blue Sage and my favorite part was being able to eat ANYTHING off the menu!!! I loved not worrying about hidden bacon and things! The food was very good. We ordered a bunch of yummy stuff! The Yukon Quesadilla is what I had, and it was good, but a little greasy. Even my meat-loving bf loved this place! The only bad points were the greasiness and the tightness in the restaurant.",menu,FOOD#STYLE_OPTIONS,positive,false,food,FOOD#QUALITY,positive,false,yelp,Yukon Quesadilla,FOOD#QUALITY,neutral,false,,FOOD#QUALITY,negative,true,,AMBIENCE#GENERAL,negative,true,,,,,,,,,,,,,,,,,,,,,,,,,,,,,,,,
label,6Ro733k212Qm6N51BtyBww,3,Came here for an event. service was good. Drinks for happy hour were standard wine or lager. Food seemed interesting... but it was tastier in print then actuality. Truffle popcorn for example was nothing more than stale popcorn and some cheap truffle oil. Would go back to try their dinner menu though.  Maybe its just the apps that are forced?,service,SERVICE#GENERAL,positive,false,drinks,DRINKS#STYLE_OPTIONS,neutral,false,yelp,food,FOOD#QUALITY,negative,false,Truffle popcorn,FOOD#QUALITY,negative,false,,,,,,,,,,,,,,,,,,,,,,,,,,,,,,,,,,,,
label,qSCCNv6JsHpQL8_uJoL9zQ,5,This place was absolutely awesome. 75 cent oysters. After 2 dozen I moved to the excellent cheesy grits. Great place to eat. Even better during happy hour.,place,RESTAURANT#GENERAL,positive,false,oysters,FOOD#PRICES,positive,false,yelp,cheesy grits,FOOD#QUALITY,positive,false,happy hour,RESTAURANT#MISCELLANEOUS,positive,false,,,,,,,,,,,,,,,,,,,,,,,,,,,,,,,,,,,,
label,2qH5hkzrXvMmpr3oJL1mGA,3,"Well let's start with the good. Panera type restaurant with good food and laid back atmosphere. Now with the bad a focus on the staff. Every time I go up there the staff seems to really hate being there or has an attitude you'd prefer not to see when walking in a place. It actually makes me not want to go up there for food anymore. Definetly not world class customer service on any scale and the sad thing is, they barely have to interact with you.",food,FOOD#QUALITY,positive,false,atmosphere,AMBIENCE#GENERAL,positive,false,yelp,,SERVICE#GENERAL,negative,true,,,,,,,,,,,,,,,,,,,,,,,,,,,,,,,,,,,,,,,,
label,iWcI1EsQYiJip4AUNmrOJA,4,"So I'm not a huge Greek food fan, but the souvlaki from Zorba's was quite amazing. The restaurant is a classic little Philly spot that doesn't look like much from the outside, but let's it's food so the talking. The people i was with, who do like Greek food, were gushing about the excellent hummus and Greek salad...   I will happily return to Zorba's again.",souvlaki,FOOD#QUALITY,positive,false,hummus,FOOD#QUALITY,positive,false,yelp,Greek salad,FOOD#QUALITY,positive,false,restaurant,RESTAURANT#GENERAL,positive,false,,,,,,,,,,,,,,,,,,,,,,,,,,,,,,,,,,,,
label,zvoD7wAWnDPEuoX2VExqKA,2,Food was ok. Seemed to lack flavor. Potato salad was blah. They forgot to use our free Appetizer Yelp coupon. But since husbAnd checked us out I shouldn't complain. But it was a slow Sunday so not sure why.  Lots of other options on the river front to try.  So in general not great but not horrible.,Food,FOOD#QUALITY,neutral,false,Potato salad,FOOD#QUALITY,negative,false,yelp,,SERVICE#GENERAL,negative,true,river front,LOCATION#GENERAL,neutral,false,restaurant,RESTAURANT#GENERAL,negative,false,,,,,,,,,,,,,,,,,,,,,,,,,,,,,,,,
label,v-ZAxtbd6combJRkP_R7yg,5,"I had a small snafu with the Yelp coupon but after that? Food....and it was excellent.  The chicken caeser salad was great and heavy on the chicken.  The subs were fresh and tasty.   And, yes, they have beer!   But I had an old-fashioned Dr. Brown's cream soda because they have all their flavors.   Nicely located.   Just a mile from the Wagon Wheel flea market.",food,FOOD#QUALITY,positive,false,chicken caeser salad,FOOD#QUALITY,positive,false,yelp,subs,FOOD#QUALITY,positive,false,beer,DRINKS#QUALITY,positive,false,Dr. Brown's cream soda,DRINKS#STYLE_OPTIONS,positive,false,,LOCATION#GENERAL,positive,true,,,,,,,,,,,,,,,,,,,,,,,,,,,,
label,6ka6yLrIDvIP5NWeli89Yg,1,Ribeye was thin and chewy. I tried it again a few months later. I spit it out. Literally. Onto my plate. Easily worst I've ever had.,Ribeye,FOOD#QUALITY,negative,false,,,,,yelp,,,,,,,,,,,,,,,,,,,,,,,,,,,,,,,,,,,,,,,,,,,,
label,W9vzqX7qgUI62U8RnG0jNg,5,"O! Wings has the best wings!! Hot momma and the original for the win!! Oh! And the bulgogi wrap. My dad, who's very picky, even praised the wings and wrap!   Their service and attitude is very very friendly and accommodating.   I phoned in a to go order originally for 6 people. Later half an hour before the pick up time, I added 10 more entrees. They were very very accommodating and had me ready to go and out the door in 15 minutes!   Yumm! Can't wait to go back for more!",wings,FOOD#QUALITY,positive,false,bulgogi wrap,FOOD#QUALITY,positive,false,yelp,service,SERVICE#GENERAL,positive,false,attitude,SERVICE#GENERAL,positive,false,,,,,,,,,,,,,,,,,,,,,,,,,,,,,,,,,,,,
label,yESwqM-ryu4DEqocQF-eRw,4,My cholesterol went up when I walked in the door and looked at the menu. What mattered most was the food was so good. The waitstaff was helpful in helping me make a decision. Don't expect to eat at the location and the prices are cheap. Enjoy!,food,FOOD#QUALITY,positive,false,waitstaff,SERVICE#GENERAL,positive,false,yelp,prices,RESTAURANT#PRICES,positive,false,,,,,,,,,,,,,,,,,,,,,,,,,,,,,,,,,,,,,,,,
label,RghsE6WZFi3VXyOp8kAW8Q,3,"Definitely a fun atmosphere. There are few places in Exton where you can sit outside in a nice environment and not look directly at a parking lot. The games are fun as well. Despite the fact that they have a huge beer list, their choice of IPAs rarely corresponds with my taste and the food is not very good. With respect to the beer, I am impossibly fussy so I'll give them a pass but objectively the food needs work. Mostly I go for the atmosphere. Would give 3.5 stars if I could.",atmosphere,AMBIENCE#GENERAL,positive,false,environment,AMBIENCE#GENERAL,positive,false,yelp,games,RESTAURANT#MISCELLANEOUS,positive,false,beer list,DRINKS#STYLE_OPTIONS,positive,false,IPAs,DRINKS#QUALITY,negative,false,food,FOOD#QUALITY,negative,false,,,,,,,,,,,,,,,,,,,,,,,,,,,,
label,pGWguqKpuVyGRl4VmSVqog,1,"Not how you expect a business to be ran, un professional on so many levels. Just open your eyes and pay attention. Food is great, the cooks are just way to in consistent on cooking and presentation for the price you have to pay. Will never return back.",,SERVICE#GENERAL,negative,true,food,FOOD#QUALITY,positive,false,yelp,cooks,SERVICE#GENERAL,negative,false,price,FOOD#PRICES,negative,false,,,,,,,,,,,,,,,,,,,,,,,,,,,,,,,,,,,,
label,vOnch1Nz481VOlGZR7zxJQ,5,By far the best we experienced in Santa Barbara and it was the only free historic visit. Highly recommend. The view from the tower is beautiful.,visit,RESTAURANT#MISCELLANEOUS,positive,false,,RESTAURANT#PRICES,positive,true,yelp,view,AMBIENCE#GENERAL,positive,false,,,,,,,,,,,,,,,,,,,,,,,,,,,,,,,,,,,,,,,,
label,Mv3eIYcZmXFRNgwQtbYbcQ,2,It's FREEZING in the building and the employees said they can't control the temperature. You can hang meat in this place!,,AMBIENCE#GENERAL,negative,true,,SERVICE#GENERAL,negative,true,yelp,,,,,,,,,,,,,,,,,,,,,,,,,,,,,,,,,,,,,,,,,,,,
label,DGKX_0EB-GtZyPRW9n-6Zw,1,"We don't eat at KFC very often. I had the lame idea of trying it again. First off, the cashier, Michelle, had a SERIOUS attitude problem. Rude as the day is long. No smile, no hello, no thank you. Looked like she really hated her job. We told her our food was dine-in. It was put in a to go bag, no plates, butter, sporks, etc. I didn't dare ask for plates. Chicken was under-cooked. Slaw and potatoes were OK. Biscuits fair. Are we going back? NOPE!!! Bad attitudes don't fare well with me.",cashier,SERVICE#GENERAL,negative,false,,SERVICE#GENERAL,negative,true,yelp,chicken,FOOD#QUALITY,negative,false,slaw,FOOD#QUALITY,positive,false,potatoes,FOOD#QUALITY,positive,false,biscuits,FOOD#QUALITY,neutral,false,,,,,,,,,,,,,,,,,,,,,,,,,,,,
label,aCQlXITs1n3miHdaNz7VNQ,2,"Forced to eat a dog in the French Quarter since we got back too late to avoid the long lines to the better restaurants.  I have to say that every hot dog I've ever had was better than the Lucky Dog.  There is basically nothing wrong with it, just tasteless, perhaps too fatty and definitely overpriced!  A soda and dog was $11.00.  Can you imagine how I felt after paying that much knowing that were hundreds of restaurants nearby where for about the same amount of money (okay a little more) I could have feasted?!  I was starved so I went with the dog.  Eeek!",hot dog,FOOD#QUALITY,negative,false,Lucky Dog,RESTAURANT#GENERAL,negative,false,yelp,soda and dog,DRINKS#PRICES,negative,false,,RESTAURANT#PRICES,negative,true,,,,,,,,,,,,,,,,,,,,,,,,,,,,,,,,,,,,
label,n2V-OIurdlk5_gmgIUXclQ,4,"Not bad. Steak and ribs were great. Chili cuo also. But noisy shouty kinda place, ""Ya Know"", yee haw. Anyway, beer served in 22 oz is a favorite size with me, but was disappointed when they did not honor the advertized $2.99 22 oz ""Bubba Beer"" beer ""every day, all day"", posted on a board at the entrance. Huh?? Cmon! I didnt fuss- paid full price for my beer. Kinda deceptive, still, Id go back.  Oh- grilled pork was seasoned well with the right spice buy waaaay too salty. Wont order that again.",Steak and ribs,FOOD#QUALITY,positive,false,Chili cuo,FOOD#QUALITY,positive,false,yelp,,AMBIENCE#GENERAL,negative,true,22 oz beer,DRINKS#STYLE_OPTIONS,positive,false,$2.99 22 oz Bubba Beer,DRINKS#PRICES,negative,false,grilled pork,FOOD#QUALITY,negative,false,,RESTAURANT#MISCELLANEOUS,negative,true,,,,,,,,,,,,,,,,,,,,,,,,
label,YbMyvlDA2W3Py5lTz8VK-A,5,"Great burgers,fries and salad!  Burgers have a hint of salt and pepper flavor.  This location is very quaint. They only have outdoor seating  Friendly staff.  Street parking as well as parking lot in the back.",burgers,FOOD#QUALITY,positive,false,fries and salad,FOOD#QUALITY,positive,false,yelp,location,LOCATION#GENERAL,positive,false,,SERVICE#GENERAL,positive,true,,,,,,,,,,,,,,,,,,,,,,,,,,,,,,,,,,,,
label,pLffaOqWKZ0nmkNQWz3-rQ,5,"Amazing place for lassi and chaat. The chaat is elegantly presented and tastes like traditional Karachi chaat. However, the chaat isn't as nearly as good as the lassi. It is soft and creamy and sweetened beautifully. Will be coming back for sure next time I'm in the area.",place,RESTAURANT#GENERAL,positive,false,lassi,DRINKS#QUALITY,positive,false,yelp,chaat,FOOD#QUALITY,positive,false,chaat,FOOD#QUALITY,negative,false,,,,,,,,,,,,,,,,,,,,,,,,,,,,,,,,,,,,
label,mBwlViDWTwsWLEsQzdOnnA,1,This place is a scam. They serve drinks where you do not taste the alcohol. The bartenders complain about the tip you leave. I've never been to a bar that is so disrespectful to customers. I will never go there again bunch of young kids with no class. Place will be closed in 6 months.,place,RESTAURANT#GENERAL,negative,false,drinks,DRINKS#QUALITY,negative,false,yelp,,SERVICE#GENERAL,negative,true,,,,,,,,,,,,,,,,,,,,,,,,,,,,,,,,,,,,,,,,
label,uoq8diGbYjoWatu0q4roug,1,"Basic old diner style food stuck in 70's...  Decor is beyond dated, but can be extremely retro and funky with just a little care and cleaning... Menu was laminated and greasy. Toast was lathered in artificial margarine tasting substance that didn't melt on the not so toasted white bread...  My cheese omelete left a whole lot to be desired. It was as thin as a crepe and over cooked.   There isn't much of a selection in the area for early morning breakfast, but I would go a little further south on 352 and hit up the McDonald's for breakfast next time.",food,FOOD#STYLE_OPTIONS,negative,false,Decor,AMBIENCE#GENERAL,negative,false,yelp,Menu,RESTAURANT#MISCELLANEOUS,negative,false,Toast,FOOD#QUALITY,negative,false,cheese omelete,FOOD#QUALITY,negative,false,,,,,,,,,,,,,,,,,,,,,,,,,,,,,,,,
label,S5tCkC5EtKD6OgLz4w3WLg,1,Horrible service. Ordered a pizza online. Saw email confirmation and called them 4 minutes later because it wasn't what we ordered. Was told they couldn't change the order because it was already in the oven. Got a great Pizza from ABC Pizza instead!,service,SERVICE#GENERAL,negative,false,,,,,yelp,,,,,,,,,,,,,,,,,,,,,,,,,,,,,,,,,,,,,,,,,,,,
label,mhXnmcYcmNHWfpzFs7X38w,4,"The setting is very interesting and reminded me of a Mexican restaurant: bar area, music, and ambiance. However, the food really does justice and there were plenty to choose from. I was craving for dinuguan and although it was cooked well, I was expecting the traditional sour taste. The bicol express was both sweet and spicy, which was a good combination. If you are craving for filipino food, this place will suffice.",setting,AMBIENCE#GENERAL,positive,false,food,FOOD#QUALITY,positive,false,yelp,dinuguan,FOOD#QUALITY,neutral,false,bicol express,FOOD#QUALITY,positive,false,place,RESTAURANT#GENERAL,positive,false,,,,,,,,,,,,,,,,,,,,,,,,,,,,,,,,
label,olE4krXhdHesUI6vBM-DNg,4,"Walked by this place and decided to check it out. Great beer and burger place, made even better knowing many things were organic. You can order from the menu, or create your own burger. They also have rotating beers and specials. Nice atmosphere and staff. Burgers don't come with anything, so order from the sides if you want some fries. (There's also sandwiches and salads if you don't want a burger) Vegetarian friendly.",beer,DRINKS#QUALITY,positive,false,burger,FOOD#QUALITY,positive,false,yelp,atmosphere,AMBIENCE#GENERAL,positive,false,staff,SERVICE#GENERAL,positive,false,,,,,,,,,,,,,,,,,,,,,,,,,,,,,,,,,,,,
label,SoYWh6Ps92GO3OBSI5u5Cg,4,"I went here for happy hour a few weeks ago, and as I was disappointed that there was no ""happy hour"" I was not disappointed in  my experience in village whiskey. The drinks were fantastic- great exotic combinations. The veggie burger was probably the best I have ever consumed. I have been here several times when I cannot even get in for a seat, so be prepared. The drinks are small and expensive but delicious, but hte food is reasonably priced. I will definitely be back!",happy hour,DRINKS#PRICES,negative,false,drinks,DRINKS#QUALITY,positive,false,yelp,veggie burger,FOOD#QUALITY,positive,false,,SERVICE#GENERAL,positive,true,drinks,DRINKS#PRICES,negative,false,food,FOOD#PRICES,positive,false,,,,,,,,,,,,,,,,,,,,,,,,,,,,
label,9JiECNgOrmjN-wLBn8-5pw,4,Emerald is a fantastic dive bar with a long history. It's the neighborhood St. Pete bar and all demographics venture into this place.,Emerald,RESTAURANT#GENERAL,positive,false,dive bar,AMBIENCE#GENERAL,positive,false,yelp,,,,,,,,,,,,,,,,,,,,,,,,,,,,,,,,,,,,,,,,,,,,
label,Vgf5v4VPDHe-XXdqDlKhnQ,3,"This is a great Italian BYOB, with quite the tasting menu deal. We paid $40 each for four well-portioned courses, and definitely did not leave hungry. I definitely recommend this place for a yummy meal at a reasonable price. Overall, we had very good food that I am still thinking about days later. That's a good sign!",tasting menu deal,FOOD#PRICES,positive,false,four well-portioned courses,FOOD#QUALITY,positive,false,yelp,a reasonable price,RESTAURANT#PRICES,positive,false,this place,RESTAURANT#GENERAL,positive,false,food,FOOD#QUALITY,positive,false,,,,,,,,,,,,,,,,,,,,,,,,,,,,,,,,
label,1fWh-u2danTIGgqWc4dC-A,3,"Very expensive!  $10.00 for a 4"" steak sandwich, chips and a drink WTF.  The service wasn't that good.  The two female employees behind the counter weren't friendly.  SMILE sometimes!  If you don't like your job then QUIT!!!!   All that being said, the sandwich was very good.  Just a bit of sticker shock.",,RESTAURANT#PRICES,negative,true,"$10.00 for a 4"" steak sandwich, chips and a drink",FOOD#PRICES,negative,false,yelp,service,SERVICE#GENERAL,negative,false,the sandwich,FOOD#QUALITY,positive,false,,,,,,,,,,,,,,,,,,,,,,,,,,,,,,,,,,,,
label,zLZhO9tn2eQhhkJYlx0jmg,4,"This target is conveniently located and has what we are looking for.  There is a large parking lot so no need to worry about finding a spot to park.  We can get in and out quickly, and those are the main things I look for at Target.",location,LOCATION#GENERAL,positive,false,parking lot,RESTAURANT#MISCELLANEOUS,positive,false,yelp,,,,,,,,,,,,,,,,,,,,,,,,,,,,,,,,,,,,,,,,,,,,
label,ukv2XBhA8qN61MocwiWIhA,1,Bad food and bad service. More costly than it is worth.  I have been there for breakfast and was happy.  This is not a place to go to for lunch or supper.   Disappointed.,food,FOOD#QUALITY,negative,false,service,SERVICE#GENERAL,negative,false,yelp,,RESTAURANT#PRICES,negative,true,,,,,,,,,,,,,,,,,,,,,,,,,,,,,,,,,,,,,,,,
label,o1c_U0lLIpSE5OXFxT7LWw,5,"incredibly good on a second visit as well. the chicken curry is consistent -- perfectly spiced, garlicy. the goat biryani is phenomenal!",chicken curry,FOOD#QUALITY,positive,false,goat biryani,FOOD#QUALITY,positive,false,yelp,,,,,,,,,,,,,,,,,,,,,,,,,,,,,,,,,,,,,,,,,,,,
label,IoD-bb3f5RQVLg3FRl-Wdg,3,I ordered the dragon phoenix it was my first time coming back to this place since 2008. I used to order from them almost everyday when I was pregnant. It only had 2 pieces of shrimp. I decied to give them one more try. the egg roll was good. The sauce was ok. but they do give you big piece of chicken. The one thing I do like ......... you can pick your own amount of sauces. They aren't cheap there .,dragon phoenix,FOOD#QUALITY,negative,false,egg roll,FOOD#QUALITY,positive,false,yelp,sauce,FOOD#QUALITY,neutral,false,chicken,FOOD#QUALITY,positive,false,,SERVICE#GENERAL,positive,true,,RESTAURANT#PRICES,negative,true,,,,,,,,,,,,,,,,,,,,,,,,,,,,
label,vwRiVcPC97IByHuoNxsmAQ,2,"Overview: 2/10 service, 3/10 food, 5/10 ambiance  Would not recommend.   To be honest this place is mediocre at best... The service was really slow and the chef was on his phone right in my face! He didn't even answer me when I tried to get his attention. The food was fine I guess... Overall I would not recommend this place. If you're looking for somewhat authentic Japanese food look elsewhere! As an American, I spoke more Japanese than the entire staff combined. There's plenty of great food in Santa Barbara so just go somewhere else.",service,SERVICE#GENERAL,negative,false,food,FOOD#QUALITY,neutral,false,yelp,ambiance,AMBIENCE#GENERAL,positive,false,,SERVICE#GENERAL,negative,true,place,RESTAURANT#GENERAL,negative,false,food,FOOD#STYLE_OPTIONS,negative,false,,,,,,,,,,,,,,,,,,,,,,,,,,,,
label,_049kQuwekkDCYHfq6pNww,3,"This place could be a lot better!  From the service to the meal...service was extremely slow and my Tom Yum Shrimp Soup was very lackluster.  It hardly had any flavor, except for heat, which I do enjoy spicy, but for some reason on a scale of 1-5, this particular evening I decided to go with a 2...so I certainly should have been able to taste flavor over the spicy heat.",service,SERVICE#GENERAL,negative,false,Tom Yum Shrimp Soup,FOOD#QUALITY,negative,false,yelp,,,,,,,,,,,,,,,,,,,,,,,,,,,,,,,,,,,,,,,,,,,,
label,7UKdq8GrzNkpgGHAzE4APA,4,"Topa topa, amazing open space with great beers. The Weekender Session IPA is my favorite beer in town!! I love the open tab system!!!  However... if you sit at the bar there is a serious bleach smell that is overwhelming from the glass dishwasher. I'm not even sure bleach should be used in a high temperature dish cleaner, since the high temp kills the bleach...hope they can fix this, it's a major turn off when you're trying to enjoy the smell and taste of your beer.",open space,AMBIENCE#GENERAL,positive,false,beers,DRINKS#QUALITY,positive,false,yelp,The Weekender Session IPA,DRINKS#QUALITY,positive,false,open tab system,RESTAURANT#MISCELLANEOUS,positive,false,,AMBIENCE#GENERAL,negative,true,glass dishwasher,SERVICE#GENERAL,negative,false,,,,,,,,,,,,,,,,,,,,,,,,,,,,
label,_18vRkLmdqVuAwjI__mDaA,5,Huge mall didn't get to see it all but what I did see was awesome. People were really nice. I will definitely visit again,mall,LOCATION#GENERAL,positive,false,People,SERVICE#GENERAL,positive,false,yelp,,,,,,,,,,,,,,,,,,,,,,,,,,,,,,,,,,,,,,,,,,,,
label,SZUscLQYenYn4HnxoQ7axw,5,"I could write a lengthy review, persuasive and layered to hit all the right points. But why do that when Lee How Fook makes food that does it for you? Long story short they have some of the best general tso chicken I have eaten to date. Try it for yourself and get back at me. - Coolie",food,FOOD#QUALITY,positive,false,general tso chicken,FOOD#QUALITY,positive,false,yelp,,,,,,,,,,,,,,,,,,,,,,,,,,,,,,,,,,,,,,,,,,,,
label,fJEh5S8078RMX3Z6wCIeXw,2,Not what I expected.  The wait staff was slow and rude.  Ordered a peach tea bar drink.  No alcohol was tasted. Menu said to voice food allergies and I did.  Waiter disappeared for awhile and returned with a 4 page list of menu items with ingredients.  Food was good.  We declined dessert and then was ask to leave due to other reservations scheduled.  Even though there were several other open tables.  Will not return.,,SERVICE#GENERAL,negative,true,wait staff,SERVICE#GENERAL,negative,false,yelp,peach tea bar drink,DRINKS#QUALITY,negative,false,food,FOOD#QUALITY,positive,false,,RESTAURANT#GENERAL,negative,true,,,,,,,,,,,,,,,,,,,,,,,,,,,,,,,,
label,vYKa4veJpNQLZgNcsq_3dA,4,"Don't let the outside fool you-this place is much cuter and nicer inside than you would expect!   Food is good and reasonably  priced. We ordered papaya salad, triple flavor duck, and king tofu soup. Papaya salad is always refreshing, but this place overdoes it on the fish sauce. Anything triple flavor is always a safe but delicious choice. I would say their king soup, with choice of protein, is a winner.   And also, BYO!",outside,AMBIENCE#GENERAL,negative,false,inside,AMBIENCE#GENERAL,positive,false,yelp,Food,FOOD#QUALITY,positive,false,food,FOOD#PRICES,positive,false,papaya salad,FOOD#QUALITY,neutral,false,triple flavor duck,FOOD#QUALITY,positive,false,king tofu soup,FOOD#QUALITY,positive,false,BYO,RESTAURANT#MISCELLANEOUS,positive,false,,,,,,,,,,,,,,,,,,,,
label,O2j4KpLz8GUix3M-FZd9sA,4,"Good, casual, homemade bistro fare at a very reasonable price.  Everything was made from scratch - the bacon, the mustard, etc.  The atmosphere was nice.  Just a really solid place.  If I lived in New Orleans, I'd be a regular!",bistro fare,FOOD#STYLE_OPTIONS,positive,false,price,RESTAURANT#PRICES,positive,false,yelp,atmosphere,AMBIENCE#GENERAL,positive,false,,,,,,,,,,,,,,,,,,,,,,,,,,,,,,,,,,,,,,,,
label,U1BRYyASugNxx5pYZrAfZA,2,"Being very generous with even two stars. It's a nice place to be to listen to entertainment and have a drink, however to eat.. is not acceptable. I was waiting over two hours to be seated and then when we were finally seated we were sitting down for over 30 minutes before we had to ask for a manager to even get us some drinks. Waited over an hour to even receive food, my salad was room temperature if not warm. My entree was pretty good, however the rest of my party's food wasn't even cooked properly. Drinks are strong which is great but i will never be returning here, ever.",place,RESTAURANT#GENERAL,positive,false,,SERVICE#GENERAL,negative,true,yelp,drink,DRINKS#QUALITY,positive,false,,SERVICE#GENERAL,negative,true,salad,FOOD#QUALITY,negative,false,entree,FOOD#QUALITY,positive,false,food,FOOD#QUALITY,negative,false,drinks,DRINKS#QUALITY,positive,false,,,,,,,,,,,,,,,,,,,,
label,I6wWdesofRaarzYwCtF2Tg,5,I have groen up eating Italian food and i have not come across a more legit place than Mazzaros! Love their sauce and meatballs.,place,RESTAURANT#GENERAL,positive,false,sauce,FOOD#QUALITY,positive,false,yelp,meatballs,FOOD#QUALITY,positive,false,,,,,,,,,,,,,,,,,,,,,,,,,,,,,,,,,,,,,,,,
label,DBiqVd-kDH-cF9n4GkC8Qg,2,Place looks nice but really isn't. The rooms are low quality and small.   Our toilet is the same as a toilet from a Seven Eleven. Our window is cracked as well.  They charge you to park your car as well. In my opinion when you pay $200+ for a room parking should be free.,place,RESTAURANT#GENERAL,negative,false,rooms,RESTAURANT#MISCELLANEOUS,negative,false,yelp,toilet,RESTAURANT#MISCELLANEOUS,negative,false,window,RESTAURANT#MISCELLANEOUS,negative,false,parking,RESTAURANT#PRICES,negative,false,,,,,,,,,,,,,,,,,,,,,,,,,,,,,,,,
label,oUrKJzj_qZybqqPatE9q1A,2,"Let me start by saying the service is AWESOME!! The breakfast buffet not so much. The eggs were rubbery and dry, the potatoes, hash browns and biscuits and gravy were all void of any real flavor except for grease. Maybe the off the menu items are good?? Skip the buffet. The place is clean but the tables and booths are Tiny. Uncomfortable for a 4 person party. A Tucson landmark that needs a major re-work or will probably die.",service,SERVICE#GENERAL,positive,false,breakfast buffet,FOOD#QUALITY,negative,false,yelp,eggs,FOOD#QUALITY,negative,false,"potatoes, hash browns and biscuits and gravy",FOOD#QUALITY,negative,false,place,RESTAURANT#GENERAL,negative,false,tables and booths,AMBIENCE#GENERAL,negative,false,,,,,,,,,,,,,,,,,,,,,,,,,,,,
label,FiBTxmPrJ1RDouZ38GDQqA,4,"I've been to Mirna's about four times over the past few years and never been disappointed. The portions are HUGE, especially for the modest price tag. Do yourself a favor and get a pasta dish, I can assure you that you'll be glad you did. I've had fish there too, which wasn't bad by any means, but the pasta plates are definitely their specialty. A couple of the times I've been there they treated us to free hummus and pita, which is always a plus. BYOB!  Only knock on the place is that it's pretty small, so make sure to call ahead to reserve a table or check for a wait.",Mirna's,RESTAURANT#GENERAL,positive,false,portions,FOOD#QUALITY,positive,false,yelp,price tag,FOOD#PRICES,positive,false,pasta dish,FOOD#QUALITY,positive,false,fish,FOOD#QUALITY,neutral,false,hummus and pita,FOOD#QUALITY,positive,false,,SERVICE#GENERAL,positive,true,place,RESTAURANT#MISCELLANEOUS,negative,false,BYOB,RESTAURANT#MISCELLANEOUS,positive,false,,,,,,,,,,,,,,,,
label,0g1gi5MANr_JDKLUOJuv6Q,5,"Several people recommended this place to us so we have it a try with a takeout pizza. It was delicious! A little thicker than traditional NY style but not ""doughy"". A few weeks later we discovered we were in the delivery area and again got a pizza and also tried the Stromboli. Everything arrived hot within the promised time frame. Stromboli was loaded with cheese and toppings. Definitely our go to pizza place!",pizza,FOOD#QUALITY,positive,false,Stromboli,FOOD#QUALITY,positive,false,yelp,,SERVICE#GENERAL,positive,true,,,,,,,,,,,,,,,,,,,,,,,,,,,,,,,,,,,,,,,,
label,JE1B7pcraucwiLDkrETIUA,3,"A decent coffeehouse with lots of seats & tables for working, but there's no WiFi, which makes it kind of a useless cafe if you want to do work. Both of the green teas sold here were very refreshing though.",coffeehouse,RESTAURANT#GENERAL,positive,false,seats & tables,AMBIENCE#GENERAL,positive,false,yelp,,AMBIENCE#GENERAL,negative,true,green teas,DRINKS#QUALITY,positive,false,,,,,,,,,,,,,,,,,,,,,,,,,,,,,,,,,,,,
label,51JP2_ZDsoZ-y3JlJSGHnQ,2,"Stopped at this diner because of all the great reviews, however, it didn't live up to the reviews I read, at least not for us.   One, as soon as you walk in there was a bucket & newspapers because the roof was leaking. Now, this is not uncommon weather for it to constantly rain. If you looked up at the ceiling you could see how the tiles were holding on to water as if could fall at any second.   Second, food was flavorless. However, food arrived promptly and the service was okay.",diner,RESTAURANT#GENERAL,negative,false,bucket & newspapers,AMBIENCE#GENERAL,negative,false,yelp,food,FOOD#QUALITY,negative,false,service,SERVICE#GENERAL,positive,false,,,,,,,,,,,,,,,,,,,,,,,,,,,,,,,,,,,,
label,KsiKb3qtqMYdE7ossXKsdQ,4,"This Chef only buys fried chicken from this place. My only Soul food spot, good & consistant. ALWAYS call ahead!",fried chicken,FOOD#QUALITY,positive,false,,SERVICE#GENERAL,positive,true,yelp,Soul food spot,RESTAURANT#GENERAL,positive,false,,,,,,,,,,,,,,,,,,,,,,,,,,,,,,,,,,,,,,,,
label,WLBaiYKNRuOGVQZipJMvCw,1,The last 3 times I've been to this Taco Bell/KFC they've messed up my order each time. 1. They put tomatoes on my crunch wrap supreme after ordering no tomatoes (receipt confirmed) and they only have us 1 of the 2 crunch wrap supremes we ordered. 2. Same tomato issue from above. 3. Gave me the complete wrong order.  The worst part was that all of this was through the drive thru so I didn't realize until I was home.  Fail.,,SERVICE#GENERAL,negative,true,drive thru,SERVICE#GENERAL,negative,false,yelp,order,SERVICE#GENERAL,negative,false,,,,,,,,,,,,,,,,,,,,,,,,,,,,,,,,,,,,,,,,
label,ADdT0e8k_ZfSr44uWhX54Q,4,"I'm only giving four stars because in comparison to other locations, this one has some damn friendly and fast staff.  The food is on par with what you would expect. The only gripe I have is that I asked for extra pickles and they only gave me one extra one. Wah :(",staff,SERVICE#GENERAL,positive,false,food,FOOD#QUALITY,neutral,false,yelp,,SERVICE#GENERAL,negative,true,,,,,,,,,,,,,,,,,,,,,,,,,,,,,,,,,,,,,,,,
label,dSuL6efBAT1JUT5Uacze5Q,1,"I went in here the other day for a rehearsal dinner and it was the worst service. 2 waiters had our table but we still had empty cups the whole time had to ask for breadsticks about 4 times, nothing we had was got it was all room temp, and he messed the bill up in the end.",service,SERVICE#GENERAL,negative,false,,SERVICE#GENERAL,negative,true,yelp,,FOOD#QUALITY,negative,true,,SERVICE#GENERAL,negative,true,,,,,,,,,,,,,,,,,,,,,,,,,,,,,,,,,,,,
label,LmNnpLYCwRqGSvGXfXljxg,1,"Coming from a person who's whole family is from the bayous of Louisiana it's ok. The roux on the gumbo is a little to thick. Gumbo over jambalaya is almost insulting. Po boy wasn't a po boy it was more like a Hoagie with Cole slaw a semi blackened chicken. The flavor is kinda close (if you are a rookie to this food). If you have never had REAL creole/Cajun food you'll love it. I am of creole descent and I grew up on this food ,but like I said if you go to Louisiana (especially bayous were it started not new Orleans) you'll know what I'm talking about. For rookie creole/Cajun palates it's descent though.",gumbo,FOOD#QUALITY,negative,false,jambalaya,FOOD#QUALITY,positive,false,yelp,po boy,FOOD#QUALITY,negative,false,creole/Cajun food,FOOD#STYLE_OPTIONS,negative,false,,RESTAURANT#GENERAL,negative,true,,,,,,,,,,,,,,,,,,,,,,,,,,,,,,,,
label,aPbv7bXQ_dlaQ2PD8vRutw,5,"This location is by far the best of all the Café Du Monde I've tried during my visit in NOLA. The beignets are consistently not oily and freshly cooked whenever we came here. (Been in this location 3 times in 6 days back in Dec 2017) what's more, there ice mocha and cafe mocha are also really good it's not too sweet and works well with the beignets. Wish they would open a location in SoCal.",location,LOCATION#GENERAL,positive,false,beignets,FOOD#QUALITY,positive,false,yelp,ice mocha,DRINKS#QUALITY,positive,false,cafe mocha,DRINKS#QUALITY,positive,false,,,,,,,,,,,,,,,,,,,,,,,,,,,,,,,,,,,,
label,68wPx3XqwfPnFRanRFA1Fw,2,"DISMAL. 1st medium rare steak was cooked so much it was shoeleather. Brown all the way through. The manager John offered to colk another himself. Atfer 15 mins a RARE steak xame out. John then made excuses and asked if I wanted a cupcake.. saying ""At least I know they are good."" Avoid at all costs until a real chef is working there.",steak,FOOD#QUALITY,negative,false,,SERVICE#GENERAL,positive,true,yelp,,SERVICE#GENERAL,negative,true,,,,,,,,,,,,,,,,,,,,,,,,,,,,,,,,,,,,,,,,
label,r-dSoC1rlwBaQ_qmo2pL1Q,1,"When a review is only 1 star, then there really isn't too much to write. The service was inattentive, the cheeseburgers were cooked on the surface of the sun (evidently, based on how charred they were), and there was a large roach that crawled across our table after we were served our food.  A note of warning to waiters: you ARE, in fact, responsible to ensure that the food you serve is a reasonable approximation of how it is ordered, especially if it is visibly cooked less or more than requested of you.",service,SERVICE#GENERAL,negative,false,cheeseburgers,FOOD#QUALITY,negative,false,yelp,,,,,,,,,,,,,,,,,,,,,,,,,,,,,,,,,,,,,,,,,,,,
label,OklyV0LjXni_Wsa-ChkAwA,3,"Fun, low key place to hang out in old city. They have a decent sized bar downstairs, with a separate dining area that has a lot of tables. There is a small bar and weird mosh-pit esque dancefloor upstairs, but that bar is cash only. Great selection of draft beers. The biggest drawback is that if all the seats at the bar are full, there's not really much room to stand unless you sit in the dining area, but that definitely has a different vibe. I heard the food is really good do I will probably be back to check that out.",place,RESTAURANT#GENERAL,positive,false,bar,AMBIENCE#GENERAL,positive,false,yelp,bar,DRINKS#STYLE_OPTIONS,positive,false,draft beers,DRINKS#QUALITY,positive,false,bar,AMBIENCE#GENERAL,negative,false,dining area,AMBIENCE#GENERAL,neutral,false,food,FOOD#QUALITY,positive,false,,,,,,,,,,,,,,,,,,,,,,,,
label,5vmJtjKgb3hcLWjf3d8YXA,2,"The food is good, but the service sucks!    It took them 15 minutes before anybody check on us.   Another 30 minutes before the food arrived.   Servers are rude!",food,FOOD#QUALITY,positive,false,service,SERVICE#GENERAL,negative,false,yelp,,SERVICE#GENERAL,negative,true,,SERVICE#GENERAL,negative,true,,,,,,,,,,,,,,,,,,,,,,,,,,,,,,,,,,,,
label,Pt8QpgaoQLztl8jf7XzWZg,2,"The decor and the neighborhood were really nice, but the food was on the sweet side. I had beef kabobs with roasted potatoes, but they were soaked with some kind of sweet sauce that ruined it for me. The portions are smaller than usual. This place is probably more a bar than a restaurant.",decor,AMBIENCE#GENERAL,positive,false,neighborhood,LOCATION#GENERAL,positive,false,yelp,food,FOOD#QUALITY,negative,false,portions,FOOD#QUALITY,negative,false,,,,,,,,,,,,,,,,,,,,,,,,,,,,,,,,,,,,
label,IWMk_Thy74Be4dEQW2QFrw,4,"Ate breakfast here 11/13/2013. The line mid-morning on a weekday was a bummer, but testament to the popularity of the place - and for good reason. Forget everything else on the menu, just be sure to order the sweet potato pancakes with the cinnamon cream. It's the best experience you'll ever have with your clothes on. Service was prompt (once seated) if a little brusque. Dining area is clean and attractive. Food came out hot and well presented. The eggs were fine, the sausage nothing brilliant. My partner had some southwest style cornmeal pancakes and loved them. But forget all that. The place is a 3 star rating at best but the pancakes make it a special meal.",line,SERVICE#GENERAL,negative,false,sweet potato pancakes,FOOD#QUALITY,positive,false,yelp,service,SERVICE#GENERAL,neutral,false,dining area,AMBIENCE#GENERAL,positive,false,eggs,FOOD#QUALITY,neutral,false,sausage,FOOD#QUALITY,negative,false,southwest style cornmeal pancakes,FOOD#QUALITY,positive,false,,,,,,,,,,,,,,,,,,,,,,,,
label,p8nZV43cpAVnwoRLCcLmAw,4,This place is a hidden gem.  The food here is a bit trendy but very well prepared.  The drink menu has original drinks from their bar.  I found the atmosphere very relaxing.  I would highly recommend you check this place out.  It's not cheap but I  found my meal worth the money and I am looking forward to returning for another. meal.,place,RESTAURANT#GENERAL,positive,false,food,FOOD#QUALITY,positive,false,yelp,drink menu,DRINKS#STYLE_OPTIONS,positive,false,atmosphere,AMBIENCE#GENERAL,positive,false,,RESTAURANT#PRICES,neutral,true,meal,FOOD#PRICES,positive,false,,,,,,,,,,,,,,,,,,,,,,,,,,,,
label,ttnvGjfaoMF2eAEQySunYA,1,"Extremely disappointing experience. Upon entering, I asked one of the store workers about their recommended pastry. Appearing extremely confused, he had no idea what to recommend and left me to make my own decision. After selecting my various items on my own, I was presented with a total of about $13.50. In pulling out my credit card, the same cashier let me know that they have a $15 minimum for all purchases. His suggestions were either to used the ATM with ""high fees"" behind me or to buy something additional.  I asked him where the minimum was posted - he responded that it wasn't. I promptly asked for my credit card, abandoned my purchase and left.",,SERVICE#GENERAL,negative,true,store workers,SERVICE#GENERAL,negative,false,yelp,cashier,SERVICE#GENERAL,negative,false,,RESTAURANT#PRICES,negative,true,,,,,,,,,,,,,,,,,,,,,,,,,,,,,,,,,,,,
label,gTBmyv_0E8LaCujbzP_oOw,5,"My friends at work (connoisseurs of good food in the St. Louis area) introduced me to yet another very nice restaurant and that's Brio's!! I like everything about it - starting from the complimentary bread and chips to the bruschetta, pasta and salads !! Beautiful place.. The service adds to the charm !!",complimentary bread and chips,FOOD#QUALITY,positive,false,bruschetta,FOOD#QUALITY,positive,false,yelp,pasta,FOOD#QUALITY,positive,false,salads,FOOD#QUALITY,positive,false,place,RESTAURANT#GENERAL,positive,false,service,SERVICE#GENERAL,positive,false,,,,,,,,,,,,,,,,,,,,,,,,,,,,
label,-mrb4ThJmMJZY3OLKrBXmw,3,"Every night at The Barbary is a different experience. The general mood is ""foggy"" and depending on the night, there are a lot of hands in the air slapping the fog to the bass. Every time I would come here, I would see a classmate, Jay Blinsky. It was like it was his home, and I would feel comfortable knowing he was there. Jay wasn't there last night. That is my only complaint. If you get there early, you can get $1 PBRs. The music is always good.",,AMBIENCE#GENERAL,neutral,true,PBRs,DRINKS#PRICES,positive,false,yelp,music,AMBIENCE#GENERAL,positive,false,,,,,,,,,,,,,,,,,,,,,,,,,,,,,,,,,,,,,,,,
label,NaZ74XtFtwemvpkCPGW0OQ,2,What's up with quality here? Really bad. I got a small mac n cheese and it was cold! Salad box was half full - seriously like 1/2 cup of salad and 2 tiny wedges of tomato (Greek). Not up to quality of other Panera s. Maybe they are a victim of own success. They are swamped at lunch - which could explain the poor quality. Maybe check out sub depot or pie 5 - more Lunch restaurants are opening in the area. Time to try them.,mac n cheese,FOOD#QUALITY,negative,false,salad box,FOOD#QUALITY,negative,false,yelp,,SERVICE#GENERAL,negative,true,,,,,,,,,,,,,,,,,,,,,,,,,,,,,,,,,,,,,,,,
label,B7oJ823S4CSlHydsgeTdng,1,"We normally love the tavern and eat here often. Cooks really are responsible for the customer experience as much as front of the house. When something is improperly cooked, the kitchen's job is to fix it. When I asked for my raw dish to be cooked a bit more, I received it incredibly overcooked. A translucent egg is raw. That is not sunny side up. A cool red center is not medium. That is medium rate. There are so many wonderful choices on Nashville, that kind of kitchen attitude is certainly bad for business.   At the very least, the waitress could have sent a manager over at my obvious displeasure. Perhaps customer service is not important with the ""midtown"" crowd.",cooks,SERVICE#GENERAL,negative,false,kitchen,SERVICE#GENERAL,negative,false,yelp,waitress,SERVICE#GENERAL,negative,false,dish,FOOD#QUALITY,negative,false,,,,,,,,,,,,,,,,,,,,,,,,,,,,,,,,,,,,
label,v40J4Va3O-aK5oEY5tgl2A,3,"Been here numerous times. The food is usually always good. Be aware that you will wait a whole for your food, and the waitresses are never the best, a lot of waiting. Their food is great and the atmosphere is great. However, after going there tonight and getting the smallest wings ever and burgers that were about the size of McDonald's burgers, I may not be going there for a while.",food,FOOD#QUALITY,positive,false,,SERVICE#GENERAL,negative,true,yelp,waitresses,SERVICE#GENERAL,negative,false,atmosphere,AMBIENCE#GENERAL,positive,false,wings,FOOD#QUALITY,negative,false,burgers,FOOD#QUALITY,negative,false,,,,,,,,,,,,,,,,,,,,,,,,,,,,
label,-xi5fBwlqxBY1B2a1ZsE7A,1,"I love Jet's, but I'm saying goodbye to this location. I've ordered from this location once a week for a year and this places continues to go down hill. I have not had even a semi-warm pizza delivered from this Jet's location.  2 hour delivery times every time I call. I've even tried calling earlier in the day to schedule a delivery time that they guarantee for that evening, but they're still over an hour late. The drivers overly apologize and state each time that it's the management that won't hire more drivers.  I am just now speaking up because all fingers seem to point to the management that does not seem to care.",pizza,FOOD#QUALITY,negative,false,,SERVICE#GENERAL,negative,true,yelp,delivery times,SERVICE#GENERAL,negative,false,management,RESTAURANT#GENERAL,negative,false,drivers,SERVICE#GENERAL,neutral,false,,,,,,,,,,,,,,,,,,,,,,,,,,,,,,,,
label,nbFqFRJ165_HP0FV-KLGpQ,2,"This place is sub par at best. I've had better pancakes at my local diner. I ordered the blueberry pancakes thinking they would be these fluffy pancakes oozing of warm delicious blueberries. Well, they were about silver dollar size and had like 3 blueberries per pancake- I kid you not! Don't get duped like we did. Go somewhere else! Not even close to worth the wait.",place,RESTAURANT#GENERAL,negative,false,pancakes,FOOD#QUALITY,negative,false,yelp,,SERVICE#GENERAL,negative,true,,RESTAURANT#PRICES,negative,true,,,,,,,,,,,,,,,,,,,,,,,,,,,,,,,,,,,,
label,HoHgGhVnCz9suTkoNldHMg,2,"I went here for a birthday dinner, when I called they stated they would put me in for a window table.  No I realize this is what they do ""put"" you in, your are not guaranteed the table. The ambiance is very nice, but you don't have to be dressed up as the site says, people were in shorts, tee shirts...ugh.... To top it of I was put next to a table of 6 who were loud, we were moved after I complained.  When you Google 5 star restaurants in Philadelphia, this comes up, I should have gone to Devon...will not go back was not impressed!",ambiance,AMBIENCE#GENERAL,positive,false,,SERVICE#GENERAL,negative,true,yelp,table,RESTAURANT#GENERAL,negative,false,,RESTAURANT#GENERAL,negative,true,,,,,,,,,,,,,,,,,,,,,,,,,,,,,,,,,,,,
label,uDqEGGx9AZp2w3Hju5mQ_Q,4,This place is a treat. I found this place on yelp during my trip to the beloved Nola. It was a last stop on Christmas Eve. It was very elegant and exquisite. The wine was good in quality and flavor. The food was very fresh and delectable. I tried the pate and it was a culinary experience. That ended up being my main meal since my sweetheart did not want any. I also tried the bread pudding which was amazing. The ice cream was made fresh. The drizzling and pecans  where the best part. I can't wait to go back and try more offerings.,place,RESTAURANT#GENERAL,positive,false,,AMBIENCE#GENERAL,positive,true,yelp,wine,DRINKS#QUALITY,positive,false,food,FOOD#QUALITY,positive,false,pate,FOOD#QUALITY,positive,false,bread pudding,FOOD#QUALITY,positive,false,ice cream,FOOD#QUALITY,positive,false,,,,,,,,,,,,,,,,,,,,,,,,
label,egeersiBSKDB6c_x1KeMeA,5,"The Habit Burger is a straight up legit burger place.  It's always been a toss up for me between in n out and habit burger.  I got me a double char and choco shake at the goleta habit and it was as usual, delicious.  The onion rings are very good also.",Habit Burger,RESTAURANT#GENERAL,positive,false,double char,FOOD#QUALITY,positive,false,yelp,choco shake,DRINKS#QUALITY,positive,false,onion rings,FOOD#QUALITY,positive,false,,,,,,,,,,,,,,,,,,,,,,,,,,,,,,,,,,,,
label,639vTktJXYz4RQsokG8n2Q,4,Now this location has a good twist to an old college pub.  Great place to watch a game.  Not a bad seat around.  Appears to be great for families too.    Hoping the wine list improves.,location,LOCATION#GENERAL,positive,false,place,RESTAURANT#GENERAL,positive,false,yelp,,AMBIENCE#GENERAL,positive,true,wine list,DRINKS#STYLE_OPTIONS,negative,false,,,,,,,,,,,,,,,,,,,,,,,,,,,,,,,,,,,,
label,Q12U2QUTTr1jExUJj-cR0Q,4,"We went here and got the Cuban sandwich, it was really good. The employee ( I think the owner) was friendly. I'm not sure about all the other reviews on here. We will be going back to try the bagels.",Cuban sandwich,FOOD#QUALITY,positive,false,employee,SERVICE#GENERAL,positive,false,yelp,,,,,,,,,,,,,,,,,,,,,,,,,,,,,,,,,,,,,,,,,,,,
label,DAbb8KQydrwTe7wSgf9Hbg,3,"Neat diner, unlike other diners as it's quaint and has a good feel to it. I had the Yankee pot roast....which was ok....mashed potatoes were just ok and the meat was kind of bland. The veggies were excellent, fresh, not out of a can.  My wife had an omelette which she said was good. Service was excellent.",diner,RESTAURANT#GENERAL,positive,false,,AMBIENCE#GENERAL,positive,true,yelp,Yankee pot roast,FOOD#QUALITY,neutral,false,mashed potatoes,FOOD#QUALITY,neutral,false,meat,FOOD#QUALITY,negative,false,veggies,FOOD#QUALITY,positive,false,omelette,FOOD#QUALITY,positive,false,service,SERVICE#GENERAL,positive,false,,,,,,,,,,,,,,,,,,,,
label,VxDw6KWHrK99yQ3l553Lsw,4,"Great gelateria on Grand. Also a cafe, but did not try their coffee. Nice cozy atmosphere, cute patio, and friendly service.  The salty caramel is out of this world. Being a connoisseur of this flavor, I would even go so far as to say it is possibly the best salty caramel flavor iced dessert concoction that I have ever had. The pistachio, raspberry, and lemon are also pretty darn good.  They set up with their gelato cart at Tower Grove Farmers market Saturday mornings. I am pretty sure that gelato is an acceptable breakfast food, especially on a hot summer day.  Also, they have Cheerwine and Sun Drop, which I've never seen outside of the Carolinas!",gelateria,RESTAURANT#GENERAL,positive,false,atmosphere,AMBIENCE#GENERAL,positive,false,yelp,patio,AMBIENCE#GENERAL,positive,false,service,SERVICE#GENERAL,positive,false,salty caramel,FOOD#QUALITY,positive,false,pistachio,FOOD#QUALITY,positive,false,raspberry,FOOD#QUALITY,positive,false,lemon,FOOD#QUALITY,positive,false,Cheerwine,DRINKS#QUALITY,positive,false,Sun Drop,DRINKS#QUALITY,positive,false,,,,,,,,,,,,
label,0FzzYApBIlw58v0cnlwIpA,4,"To update, the business owner has been in contact and has apologized and made up for it. Overall the Bareburger experience in Center City does have potential to be a good restaurant to check out.",Bareburger experience,RESTAURANT#GENERAL,positive,false,,,,,yelp,,,,,,,,,,,,,,,,,,,,,,,,,,,,,,,,,,,,,,,,,,,,
label,1imXKGZSlBau2PCeBiyBwA,3,Service and girls are great! On the negative we got a couples dance and two young security guys first asked me why was there while my wife got her dance. We explained and then it was fine. However another guy came during my turn and asked my wife the same thing and was very rude. We will go back because no drink minimum and no cover. Also the talent was good. Management said the would address the issue.,Service,SERVICE#GENERAL,positive,false,girls,SERVICE#GENERAL,positive,false,yelp,,SERVICE#GENERAL,negative,true,no drink minimum,DRINKS#PRICES,positive,false,no cover,RESTAURANT#PRICES,positive,false,talent,RESTAURANT#MISCELLANEOUS,positive,false,,,,,,,,,,,,,,,,,,,,,,,,,,,,
label,huLfiw2bImtevbLgUEO2Bg,3,"Friendly staff. I had the brown stewed chicken which was good but I prefer the taste of another place in town. Portion size was just right. The chicken was very tender, fell right off the bone. Overall not a bad place.",staff,SERVICE#GENERAL,positive,false,brown stewed chicken,FOOD#QUALITY,positive,false,yelp,portion size,FOOD#QUALITY,positive,false,,RESTAURANT#GENERAL,neutral,true,,,,,,,,,,,,,,,,,,,,,,,,,,,,,,,,,,,,
label,-qaHVIS4FJvVhgVxqZQETw,1,"My order has been either incorrect, overcharged, or cold each and every time I have come. If you are fine sacrificing quality of food and service for a cheaper price though, this could be the place for you. Just don't speak up about a mistake if you fear the staff and/or manager will give you attitude, because it may happen.",order,SERVICE#GENERAL,negative,false,food,FOOD#QUALITY,negative,false,yelp,price,RESTAURANT#PRICES,positive,false,staff,SERVICE#GENERAL,negative,false,manager,SERVICE#GENERAL,negative,false,,,,,,,,,,,,,,,,,,,,,,,,,,,,,,,,
label,i8nVcu3u2-e0szyCS7PY1g,4,Love the sweet spiral plain pies at Franzones.  Can't go wrong with plain.  I tried the white pizza with onions in addition and it was a pleasant surprise.  The onions were a great addition to the pizza.  Same Franzone's as the Bridgeport one I grew up with.,sweet spiral plain pies,FOOD#QUALITY,positive,false,white pizza with onions,FOOD#QUALITY,positive,false,yelp,onions,FOOD#QUALITY,positive,false,,,,,,,,,,,,,,,,,,,,,,,,,,,,,,,,,,,,,,,,
label,pu3SZNd22f7eXLKNz6Pruw,4,I gave 4 stars because I agree they did a great job of bringing this place back up to date. I have been for lunch 5 different times now. Working my way down the menu is fun. I haven't found anything I don't like yet. The price is reasonable and the staff is friendly. Plus it's in the neighborhood!,price,RESTAURANT#PRICES,positive,false,staff,SERVICE#GENERAL,positive,false,yelp,,,,,,,,,,,,,,,,,,,,,,,,,,,,,,,,,,,,,,,,,,,,
label,qbBF6ytQTNXOlx0JMQFwzA,4,"After another visit, I'm bumping Batter'd & Fried up to a 4.  The sushi is better than a lot of places, and while it's not the BEST sushi in Nashville, it's plenty good and reasonably priced.  And I really dig the atmosphere.  See my original review for a more complete description of likes and dislikes.",sushi,FOOD#QUALITY,positive,false,sushi,FOOD#PRICES,positive,false,yelp,atmosphere,AMBIENCE#GENERAL,positive,false,,,,,,,,,,,,,,,,,,,,,,,,,,,,,,,,,,,,,,,,
label,AYVxN-txWRL_jfKi42yOlg,1,"Even the beer tastes better at the tap room.. Of you want a true schlafly experience head downtown to the tap room.  Better food, better service all around better experience. Every time.",beer,DRINKS#QUALITY,positive,false,food,FOOD#QUALITY,positive,false,yelp,service,SERVICE#GENERAL,positive,false,,,,,,,,,,,,,,,,,,,,,,,,,,,,,,,,,,,,,,,,
label,xypL0vVaPyE9bWMSW6cdAg,3,"Took awhile for me to get service from the people working because they were busy talking in the back so that made me kinda annoyed, but other then that it was a good meal..Nothing really special.",,SERVICE#GENERAL,negative,true,meal,FOOD#QUALITY,positive,false,yelp,,,,,,,,,,,,,,,,,,,,,,,,,,,,,,,,,,,,,,,,,,,,
label,6JU2jAGdVkZCSRC0k9dZiw,2,This place is incredibly pricey $14 for a Moscow Mule? Especially one that was very week just tastes like ginger beer it was not enjoyable at all. Our bartender was nice but he kept touching his hair and then proceeded to grab ice with his bare hands and put that in customers glasses (really!) total disappointment especially because we love this hotel!!!,place,RESTAURANT#PRICES,negative,false,Moscow Mule,DRINKS#QUALITY,negative,false,yelp,Moscow Mule,DRINKS#PRICES,negative,false,bartender,SERVICE#GENERAL,positive,false,,SERVICE#GENERAL,negative,true,,,,,,,,,,,,,,,,,,,,,,,,,,,,,,,,
label,BXQcBN0iAi1lAUxibGLFzA,4,"This is nice little Chinese bakery in the heart of Philadelphia's Chinatown! The female cashier was very friendly (flirtatious!) and the pastries shown in nicely adorned display cases. I stopped by early one evening had a sesame ball, which was filled with bean paste. The glutinous rice of the ball was nicely flavored, similar to Bai Tang Gao. Definitely as place worth stopping at if you are in the area.",Chinese bakery,RESTAURANT#GENERAL,positive,false,female cashier,SERVICE#GENERAL,positive,false,yelp,pastries,FOOD#QUALITY,positive,false,sesame ball,FOOD#QUALITY,positive,false,glutinous rice,FOOD#QUALITY,positive,false,display cases,AMBIENCE#GENERAL,positive,false,,,,,,,,,,,,,,,,,,,,,,,,,,,,
label,e9ud_GdX_jSjSApl7zmoWw,4,"Generally a great Starbucks. There are large amounts of seating inside including both tables and comfier options including leather chairs and sofas. The outside seating is nice, but the ambiance is disrupted by large amount of traffic on Hazel Dell and 116th.  The staff is generally really friendly and the service is quick. This place is crazy on the weekends, with 10+ cars waiting for the drive through, so I would definitely park and stand in the line inside (it's generally a shorter wait).  As Starbucks go, this is a good one.",Starbucks,RESTAURANT#GENERAL,positive,false,seating,AMBIENCE#GENERAL,positive,false,yelp,outside seating,AMBIENCE#GENERAL,negative,false,staff,SERVICE#GENERAL,positive,false,service,SERVICE#GENERAL,positive,false,,,,,,,,,,,,,,,,,,,,,,,,,,,,,,,,
label,NlFFWrn7A_TrG8DLF_SfWg,3,"Met a friend for dinner there about 5pm, based on his recommendation.  We tried some of the craft beer - the porter was very good.  Ordered dinner, ribs and brisket combination.  The brisket was moist and held together well, but not too fatty.  The ribs were flavorful as well.  What was disappointing though, was the portion size.  My friend and I both, almost simultaneously, mentioned how small the serving size was for the price. Our server was prompt, attentive and friendly. Will I go back next time I'm in town?  Probably.  But next time I'll try lunch and a sandwich.",porter,DRINKS#QUALITY,positive,false,brisket,FOOD#QUALITY,positive,false,yelp,ribs,FOOD#QUALITY,positive,false,,FOOD#PRICES,negative,true,,RESTAURANT#PRICES,negative,true,server,SERVICE#GENERAL,positive,false,,,,,,,,,,,,,,,,,,,,,,,,,,,,
label,2QLcXtfzQCBv0j7gbI_T7g,4,"Best margaritas around, freshly made (not concentrate or artificial tasting sour mixes) from real limes. Best of all, only $5 at late night or after-work happy hour.  Definitely my new favorite special.  Guacamole is awesome and the spicy salsa they serve it with adds the perfect kick. I also had the squid hot-pot which was tasty, but I could probably eat dinners here of just the guac.",margaritas,DRINKS#QUALITY,positive,false,margaritas,DRINKS#PRICES,positive,false,yelp,guacamole,FOOD#QUALITY,positive,false,spicy salsa,FOOD#QUALITY,positive,false,squid hot-pot,FOOD#QUALITY,positive,false,,,,,,,,,,,,,,,,,,,,,,,,,,,,,,,,
label,hhN45ngR3Sk9aTSpfX-y5Q,3,Many brews and a friendly crowd.  Located inside the Eldorado and hoppin' at night and on the weekends.  Nice spot...check it out.,brews,DRINKS#STYLE_OPTIONS,positive,false,crowd,AMBIENCE#GENERAL,positive,false,yelp,spot,RESTAURANT#GENERAL,positive,false,,,,,,,,,,,,,,,,,,,,,,,,,,,,,,,,,,,,,,,,
label,yzAC50YF40m_Z3xLTCZtNw,5,Best pizza I've ever had with even better service! A must place to eat in Indiana! It is fairly priced as well and caters to a variety of tastes.,pizza,FOOD#QUALITY,positive,false,service,SERVICE#GENERAL,positive,false,yelp,place,RESTAURANT#GENERAL,positive,false,,RESTAURANT#PRICES,positive,true,,,,,,,,,,,,,,,,,,,,,,,,,,,,,,,,,,,,
label,YFH17b5Guhg9yJaOH4ReIQ,2,"so bummed!  we ordered our favorite cheese steaks from Wimpy's on Thursday (3/17). While the meat, peppers and onions were to usual standards(yummy)...the bun was AWFUL!!!! Part of the whole Philly cheese steak mystique is that the roll adds to the whole experience. The new roll is a wicked, cheap, flavorless wrapping. It REALLY takes away from the rest of the sandwich....Did they also change the great bun on the burger, too? Gotta find a better  source for cheese steaks in Delco. So sad!","meat, peppers and onions",FOOD#QUALITY,positive,false,bun,FOOD#QUALITY,negative,false,yelp,roll,FOOD#QUALITY,negative,false,,,,,,,,,,,,,,,,,,,,,,,,,,,,,,,,,,,,,,,,
label,WbYrceJVHCmKnV2szhgG7w,1,"You will wait at least over 30 minutes in the drive thru! Go to ANY other Taco Bell and you wont! I have tried several times through the years and it never fails! They don't care about how long you wait! Wasn't even offered a apology for the wait! I asked why in the world is always so long of a wait here? Brooke just shrugged her shoulders and said,"" we are just short handed.."" which seems to always be the case! I wish they would just shut it down! Worse service ever! Laughing and flirting with other employees at the window! Never ever go here again!",,SERVICE#GENERAL,negative,true,wait,SERVICE#GENERAL,negative,false,yelp,service,SERVICE#GENERAL,negative,false,,,,,,,,,,,,,,,,,,,,,,,,,,,,,,,,,,,,,,,,
label,_8HS9Y8YeCbT_Tqb302Obw,2,"We happen to stop here after a visit to Cabela's sporting goods next door.  The Sundance offers traditional American cafe food serving breakfast , lunch, and dinner.    I was not very hungry after walking around and around the sporting goods store.  Walking to our table, we pass the salad bar; which did not look appetizing.  The only appetizing item on the menu was the buffalo wings.  The wings were a bit salty and wasn't hot at all.  Meh, I have had much better.  At least, it wasn't greasy and over cooked.  What can you expect when you are miles and miles from anywhere.",salad bar,FOOD#STYLE_OPTIONS,negative,false,buffalo wings,FOOD#QUALITY,neutral,false,yelp,,RESTAURANT#GENERAL,neutral,true,,,,,,,,,,,,,,,,,,,,,,,,,,,,,,,,,,,,,,,,
label,z7i6dzUcJ5VcdOYR1IVHzA,3,"nice restaurant, but small. the lighting is not good for us 40+...smile. there were 6 of us and we were at a back table, quite snug. I had buffalo wings & fries, which were good. they could have taken the tips off though. my family members had salmon, a burger, & duck. they enjoyed their meals.  I may be back for the wings.",restaurant,RESTAURANT#GENERAL,positive,false,,AMBIENCE#GENERAL,negative,true,yelp,buffalo wings & fries,FOOD#QUALITY,positive,false,salmon,FOOD#QUALITY,positive,false,burger,FOOD#QUALITY,positive,false,duck,FOOD#QUALITY,positive,false,,,,,,,,,,,,,,,,,,,,,,,,,,,,
label,BZi-1yBaflNIl11IrBIa9A,2,The food was decent tasting but came to us cold. We actually got our entrées first and then got our appetizers. The waitress was horrible with the service. Another customer or possibly friend of hers was more helpful to us getting our drinks and getting us things that we needed or even checking to see how we were doing. We don't think we'll ever return :/,food,FOOD#QUALITY,neutral,false,food,FOOD#QUALITY,negative,false,yelp,,SERVICE#GENERAL,negative,true,waitress,SERVICE#GENERAL,negative,false,drinks,DRINKS#QUALITY,positive,false,,RESTAURANT#GENERAL,negative,true,,,,,,,,,,,,,,,,,,,,,,,,,,,,
label,wl7uoCeGWFtNsA03zwK40Q,4,"Super quick,easy,tasty and consistent. Their lunch specials are something to crave and offer great value. Always try for a booth if available. Their wifi password is 80545517722",,SERVICE#GENERAL,positive,true,,FOOD#QUALITY,positive,true,yelp,lunch specials,FOOD#PRICES,positive,false,lunch specials,FOOD#QUALITY,positive,false,,RESTAURANT#GENERAL,positive,true,,,,,,,,,,,,,,,,,,,,,,,,,,,,,,,,
label,P_NZRZPHP3k-HnYacdUtwQ,2,"Unfortunately, the other reviews said it all. This location is not someplace we'll likely return to.  The soup was cold.  They were out of several types of cookies... But the cookies were awesome as always, especially coconut chocolate chip.",location,LOCATION#GENERAL,negative,false,soup,FOOD#QUALITY,negative,false,yelp,cookies,FOOD#QUALITY,positive,false,,,,,,,,,,,,,,,,,,,,,,,,,,,,,,,,,,,,,,,,
label,BtSsA38lOajizNbcrrsLZw,2,"Complicated ordering process. Pastries here. Hot line there. Menu items at the cashier (who was making salads and not available for several minutes).  Greasiest bacon I've seen in quite some time. Two people with nothing special, regular coffees, $26. Too much $ for too little service and quality. Used to be much better back in the day.",,SERVICE#GENERAL,negative,true,pastries,FOOD#QUALITY,neutral,false,yelp,bacon,FOOD#QUALITY,negative,false,,RESTAURANT#PRICES,negative,true,,SERVICE#GENERAL,negative,true,,,,,,,,,,,,,,,,,,,,,,,,,,,,,,,,
label,qUhB-W4h-7d2q2pKBviqZw,2,My burger was extremely greasy and my fries were very cold. The waitress was also not helpful to me and my fiancés friends. She seemed preoccupied talking to other waitresses and the hostess.,burger,FOOD#QUALITY,negative,false,fries,FOOD#QUALITY,negative,false,yelp,waitress,SERVICE#GENERAL,negative,false,,,,,,,,,,,,,,,,,,,,,,,,,,,,,,,,,,,,,,,,
label,uL7aKc4NBHKT7MRZezeccA,3,"I only wish it was as good as its counterpart in Northeast Philly, but alas, it is not.  Tried the twin broiled lobster tails, and they were very undercooked.  Nevertheless, the service was good as is the beer menu.",,RESTAURANT#GENERAL,negative,true,twin broiled lobster tails,FOOD#QUALITY,negative,false,yelp,service,SERVICE#GENERAL,positive,false,beer menu,DRINKS#STYLE_OPTIONS,positive,false,,,,,,,,,,,,,,,,,,,,,,,,,,,,,,,,,,,,
label,OsioSPpIJbqgqkOlNCCORg,3,The atmosphere is great! Drinks are unique. The reason I'm giving 3 stars is because I feel like the food quality had gone down hill. The last couple times I have eaten there the food has come out cold. I guess it's better to go during lunchtime instead of dinner.,atmosphere,AMBIENCE#GENERAL,positive,false,Drinks,DRINKS#STYLE_OPTIONS,positive,false,yelp,food quality,FOOD#QUALITY,negative,false,food,FOOD#QUALITY,negative,false,,,,,,,,,,,,,,,,,,,,,,,,,,,,,,,,,,,,
label,QU0IE32PTOuy7cNPBWpWEQ,2,Usually enjoy this place a lot. I asked for burger medium and it was close to burnt. Burgers are usually spot on.,burger,FOOD#QUALITY,negative,false,Burgers,FOOD#QUALITY,positive,false,yelp,,,,,,,,,,,,,,,,,,,,,,,,,,,,,,,,,,,,,,,,,,,,
label,-hUSEnmdCiz1gvgWsjUBFg,4,"We previously ordered traditional Greek fare here - gyros, spanakopita, falafel. Tonight I tried the blackened tilapia-- so glad I did -- it was fantastic. Delicious meal and good service from Sarah","gyros, spanakopita, falafel",FOOD#STYLE_OPTIONS,neutral,false,blackened tilapia,FOOD#QUALITY,positive,false,yelp,meal,FOOD#QUALITY,positive,false,service,SERVICE#GENERAL,positive,false,,,,,,,,,,,,,,,,,,,,,,,,,,,,,,,,,,,,
label,ryeN_mDStRaUWlxfkuDejA,3,"The beer and nachos are great here. However, the service that I experienced while ordering nachos on June 20 at about 4-5pm was horrible. The guy taking my order at the kitchen (wearing a mustache) obviously hated his job. I was extremely nice to him and he treated me like s***. This is my first time writing a Yelp review and he is the reason why.   I would definitely go back but would not order any food if I saw him there.",beer,DRINKS#QUALITY,positive,false,nachos,FOOD#QUALITY,positive,false,yelp,service,SERVICE#GENERAL,negative,false,,,,,,,,,,,,,,,,,,,,,,,,,,,,,,,,,,,,,,,,
label,50P3DXJI2XZHzPMB_8epMA,5,Sooo good I love this place literally All the flavors are good but the bees knees is amazing it's lavender and honey I strongly suggest that you should go there,this place,RESTAURANT#GENERAL,positive,false,All the flavors,FOOD#QUALITY,positive,false,yelp,the bees knees,FOOD#QUALITY,positive,false,,,,,,,,,,,,,,,,,,,,,,,,,,,,,,,,,,,,,,,,
label,uZn77qojiUo0-1Nrc9spUA,2,"Every time I come to this location is a different disappointment. Sometimes, they don't have MOCHA, who runs out of Mocha in a coffee place? Plus, their coffee at this location is watery compared to others. I may just stop coming here altogether!",this location,LOCATION#GENERAL,negative,false,Mocha,DRINKS#QUALITY,negative,false,yelp,their coffee,DRINKS#QUALITY,negative,false,,,,,,,,,,,,,,,,,,,,,,,,,,,,,,,,,,,,,,,,
label,OrBVcwr3CsCruZPPwJPc2w,1,What kind of business do these guys run? They don't update their website and they don't tell you where the truck is located. It's a shame because I was craving some Korean food.,website,RESTAURANT#MISCELLANEOUS,negative,false,,LOCATION#GENERAL,negative,true,yelp,Korean food,FOOD#STYLE_OPTIONS,positive,false,,,,,,,,,,,,,,,,,,,,,,,,,,,,,,,,,,,,,,,,
label,6sDS0ppawBJXETbmDk_7tQ,2,"Well... the girl at the counter did not know what a pour over was. That should tell anyone looking for a good coffee how much of a ""coffee house"" this is. So I ordered an iced americano instead, extra room for cream. She brought me three little creamer pods.... Anyway, I've had worse. But I've also had much much better. Not a coffee house with an expertise in coffee, that's for sure.",girl at the counter,SERVICE#GENERAL,negative,false,coffee house,RESTAURANT#GENERAL,negative,false,yelp,iced americano,DRINKS#QUALITY,neutral,false,creamer pods,SERVICE#GENERAL,negative,false,coffee,DRINKS#QUALITY,positive,false,,,,,,,,,,,,,,,,,,,,,,,,,,,,,,,,
label,5v1q4VmKTeQ93gNqTtXj-Q,2,Staff is unorganized.  Rooms are mediocre.  Prices in the hotel in general are marked up and the elevators sound like the are on their last leg.  Many other options in the area to enjoy.,Staff,SERVICE#GENERAL,negative,false,Rooms,RESTAURANT#MISCELLANEOUS,negative,false,yelp,Prices,RESTAURANT#PRICES,negative,false,,AMBIENCE#GENERAL,negative,true,,,,,,,,,,,,,,,,,,,,,,,,,,,,,,,,,,,,
label,Joi6NuKCR70xnnftIsxsfQ,1,I wanted to like the food here. We ordered fish and chips and lamb stew. Let's just say I won't be recommending it. Go there for a pint or two on the main floor but the second floor dining room was a bit of a mess and drafty too.,food,FOOD#QUALITY,negative,false,a pint or two,DRINKS#QUALITY,positive,false,yelp,second floor dining room,AMBIENCE#GENERAL,negative,false,,,,,,,,,,,,,,,,,,,,,,,,,,,,,,,,,,,,,,,,
label,b42SD7bOhgDY6QZGdq29ZQ,4,"First time here and I got the turkey burger bc it was a special. I regret it. Not that it wasn't good but I'm not a big fan of turkey burgers. My own fault. However, the fries were yummy and fresh and like the name of the place is called you build your own burger. I will highly come back here to try their beef burger or salmon burger.",turkey burger,FOOD#QUALITY,neutral,false,fries,FOOD#QUALITY,positive,false,yelp,,RESTAURANT#GENERAL,positive,true,,,,,,,,,,,,,,,,,,,,,,,,,,,,,,,,,,,,,,,,
label,AvCbW9WAH4mKTuzlCnS9LA,1,"Had the late night hungries. This was the only place serving food around us. The beer was cold, the bartenders were drunk. One was in training so yeah, that's what he was teaching her. The hallway to the bathroom is creepy, FYI. After ordering,  a couple of our group members motioned to the floor. The bartender laughed and said, ""Which one did you see? Since they are working on the streets, it's stirring them up and they are everywhere."" I asked what they were talking about.  RATS!! And on cue our food arrived.  OH, HE'LL NO! Exist stage left. Gross AF.",beer,DRINKS#QUALITY,positive,false,bartenders,SERVICE#GENERAL,negative,false,yelp,hallway to the bathroom,AMBIENCE#GENERAL,negative,false,,FOOD#QUALITY,negative,true,,AMBIENCE#GENERAL,negative,true,,,,,,,,,,,,,,,,,,,,,,,,,,,,,,,,
label,NLY-ESHohB09por6GYK-bg,5,"I truly enjoyed the atmosphere, the service (Connor) and my dinner meal. I had the cakes for an appetizer, a cup of barley soup and the shrimp ravioli. Malbec glass of wine was perfect. First time here. Thrilled to know they serve breakfast, lunch and dinner!  Highly recommend. I will most certainly be back.",atmosphere,AMBIENCE#GENERAL,positive,false,service,SERVICE#GENERAL,positive,false,yelp,dinner meal,FOOD#QUALITY,positive,false,cakes,FOOD#QUALITY,positive,false,barley soup,FOOD#QUALITY,positive,false,shrimp ravioli,FOOD#QUALITY,positive,false,Malbec,DRINKS#QUALITY,positive,false,"breakfast, lunch and dinner",FOOD#STYLE_OPTIONS,positive,false,,,,,,,,,,,,,,,,,,,,
label,2Wjq5_cwlkYQFxwxm-POxA,4,"Went to this place with a coworker 2 days ago...very impressed by the sushi there because they are very freshly made with good variety. They have good price for lunch special - $13 for 3 rolls and $9 for 2 rolls...however, the portion is a bit small for those non-special sushies. I will go back again for sure...",sushi,FOOD#QUALITY,positive,false,lunch special,FOOD#PRICES,positive,false,yelp,non-special sushies,FOOD#PRICES,negative,false,portion,FOOD#QUALITY,negative,false,,,,,,,,,,,,,,,,,,,,,,,,,,,,,,,,,,,,
label,_sxeiVGkwB7QRcQXb1nv8g,1,Horrible waitress. Went around 2 pm on a Saturday and were seated quickly. Waited an exceedingly long time for our food to arrive; Lukewarm at best. Took my parents and the waitress was very short and snippy with my father who was having trouble deciding.  Have eaten at the Red Lobster in Marion IL and was vastly better. Will not be returning here again.,waitress,SERVICE#GENERAL,negative,false,,SERVICE#GENERAL,positive,true,yelp,,FOOD#QUALITY,negative,true,waitress,SERVICE#GENERAL,negative,false,Red Lobster in Marion IL,RESTAURANT#GENERAL,positive,false,here,RESTAURANT#GENERAL,negative,false,,,,,,,,,,,,,,,,,,,,,,,,,,,,
label,JWzhHnAjFydyG5R6xcqfcw,2,I went there a few times the food was good. last time I went I was upset because. ... dishes and silverware were dirty food very greasy and undrained and  unappetizing. Left  me with a bad view of the restaurant and staff.,food,FOOD#QUALITY,positive,false,dishes and silverware,RESTAURANT#MISCELLANEOUS,negative,false,yelp,food,FOOD#QUALITY,negative,false,restaurant and staff,RESTAURANT#GENERAL,negative,false,,,,,,,,,,,,,,,,,,,,,,,,,,,,,,,,,,,,
label,VQgUlzIlXDiWUwZkI-psQQ,1,"The nachos were seriously disgusting... Probably the grossest food I've had in a long time. The waitress was rude, unresponsive, and had a bad attitude. I will not return.",nachos,FOOD#QUALITY,negative,false,food,FOOD#QUALITY,negative,false,yelp,waitress,SERVICE#GENERAL,negative,false,,,,,,,,,,,,,,,,,,,,,,,,,,,,,,,,,,,,,,,,
label,tqRor_STA8vWCSKOA7EfVQ,2,Be prepared to be unimpressed. Front desk lost our reservation. That should have been my first clue. Second is the musty mold smell that greets you at the elevator bank. Third is the ill maintained room. My stay here is due to a medical appointment for my son in the morning. My family and drove 8 hours to be here. We are tired and just looking for a place to get a good night's sleep before a long day of assessment. It will be our last visit.,,RESTAURANT#GENERAL,negative,true,front desk,SERVICE#GENERAL,negative,false,yelp,musty mold smell,AMBIENCE#GENERAL,negative,false,room,RESTAURANT#MISCELLANEOUS,negative,false,,,,,,,,,,,,,,,,,,,,,,,,,,,,,,,,,,,,
label,BqWMGs_aQ5C6ohW4HTNVSg,3,"The food is good, but the service here is AWFUL.  There are long lines and the staff has zero sense of urgency so you wait to order, and then you wait for your food...for a long time.  A good work around is to order online and then just go pick it up.",food,FOOD#QUALITY,positive,false,service,SERVICE#GENERAL,negative,false,yelp,,SERVICE#GENERAL,negative,true,,,,,,,,,,,,,,,,,,,,,,,,,,,,,,,,,,,,,,,,
label,_99iV9vW6E3PDRUn4jX8iA,4,"Chicken Marsalis, fajitas,smoked salmon were what I enjoyed today along with my Mimosas  of course. Only thing that made me leave off a star was that the crab legs were tasteless and no butter was available to give them some flavor and my mimosas  were a little slow coming but that could just be me.",Chicken Marsalis,FOOD#QUALITY,positive,false,fajitas,FOOD#QUALITY,positive,false,yelp,smoked salmon,FOOD#QUALITY,positive,false,Mimosas,DRINKS#QUALITY,positive,false,crab legs,FOOD#QUALITY,negative,false,Mimosas,DRINKS#QUALITY,negative,false,,SERVICE#GENERAL,negative,true,,,,,,,,,,,,,,,,,,,,,,,,
label,DKSdzpU90aqfr1dFv29wCQ,5,"This is the can't miss taco stop in Santa Barbara. Homemade corn tortillas served on the best steak, pork and chicken tacos you'll ever have the pleasure of devouring. Perfectly portioned, seasoned and priced. I've eaten a lot of tacos in my time here on Earth and these rank among the very best. Oh, and that salsa bar is still giving me daydreams.",taco stop,RESTAURANT#GENERAL,positive,false,homemade corn tortillas,FOOD#QUALITY,positive,false,yelp,"steak, pork and chicken tacos",FOOD#QUALITY,positive,false,"portioned, seasoned and priced",FOOD#PRICES,positive,false,salsa bar,FOOD#QUALITY,positive,false,,,,,,,,,,,,,,,,,,,,,,,,,,,,,,,,
label,rhLP-MxjtiIziTdkKDZu1A,4,Great for late night dinning or romantic diner.    +Customer Service is amazing & prom!!!  +Food is delicious big thank's to a great chef!!!  +Cocktail are made perfect every time with consistent fresh garnishing. Bartender licensed in fine mixology school.  + Large complimentary valet parking     - Price Range $$$ but feels like $$$$,Customer Service,SERVICE#GENERAL,positive,false,Food,FOOD#QUALITY,positive,false,yelp,Cocktail,DRINKS#QUALITY,positive,false,valet parking,RESTAURANT#MISCELLANEOUS,positive,false,Price Range,RESTAURANT#PRICES,negative,false,,,,,,,,,,,,,,,,,,,,,,,,,,,,,,,,
label,xlNMcilP5F6Agymc2TwgRg,5,"One of my favorites to take out of town guests to, or for any special occasion. Intimate setting that it great for conversation and the food is exceptional. Friendly, family-oriented restaurant that you can tell has stood the test of time for a reason. This place is an experience! Be sure to wear stretchy pants because you will be FULL when you leave. :)",setting,AMBIENCE#GENERAL,positive,false,food,FOOD#QUALITY,positive,false,yelp,,SERVICE#GENERAL,positive,true,restaurant,RESTAURANT#GENERAL,positive,false,,,,,,,,,,,,,,,,,,,,,,,,,,,,,,,,,,,,
label,66KUpAcnKRA3BB_BNSgjpw,5,Steamed buns for the adults. Beef & Broccoli for the kids. Great service. Good for kids. Food holds up if you opt to take out. Our favorite to go spot.,Steamed buns,FOOD#QUALITY,positive,false,Beef & Broccoli,FOOD#QUALITY,positive,false,yelp,service,SERVICE#GENERAL,positive,false,,RESTAURANT#GENERAL,positive,true,,,,,,,,,,,,,,,,,,,,,,,,,,,,,,,,,,,,
label,oVvOc2K-1lNBoW8kwI0MPQ,5,"We just moved to Narberth and had our first meal at this neighborhood gem. What a wonderful surprise. This restaurant is quiet and unassuming. When you enter it is busy, warm and down to earth. The service was excellent and the food a fantastic surprise. I enjoyed the Rosemary Chicken and Artichoke over Bowtie Pasta. It was savory, fresh and fragrant with herbs. My dinner partners enjoyed their dishes, too-  Shrimp with Andouille Sausage, Grilled Wild Striped Bass and a Veal dish. There were many homemade dessert options. We tried a generous portioned Chocolate Mousse cake. Definitely recommend this place and will return to check out the weekend brunch menu!",neighborhood gem,RESTAURANT#GENERAL,positive,false,quiet and unassuming,AMBIENCE#GENERAL,positive,false,yelp,"busy, warm and down to earth",AMBIENCE#GENERAL,positive,false,service,SERVICE#GENERAL,positive,false,food,FOOD#QUALITY,positive,false,Rosemary Chicken and Artichoke over Bowtie Pasta,FOOD#QUALITY,positive,false,Shrimp with Andouille Sausage,FOOD#QUALITY,positive,false,Grilled Wild Striped Bass,FOOD#QUALITY,positive,false,Veal dish,FOOD#QUALITY,positive,false,homemade dessert options,FOOD#STYLE_OPTIONS,positive,false,Chocolate Mousse cake,FOOD#QUALITY,positive,false,,RESTAURANT#GENERAL,positive,true,,,,
label,7srM9878vf2MRIu2GIlv7A,1,"Read all the reviews and was very excited to try this restaurant. So cute and adorable as we approached. Unfortunately we were not able to try it. We were turned away at the door with a ""no dogs"" rule because of my fully registered, trained and vested service dog. I asked the hostess if she realized it was illegal to deny a service animal. She said they had recently had an issue and installed the rule of ""absolutely no dogs."" Can't enjoy a place that won't allow me to responsibly take care of myself.",restaurant,RESTAURANT#GENERAL,positive,false,,SERVICE#GENERAL,negative,true,yelp,,RESTAURANT#MISCELLANEOUS,negative,true,,,,,,,,,,,,,,,,,,,,,,,,,,,,,,,,,,,,,,,,
label,U2U2bx-wqN9GGR-qqnoLcQ,5,"Despite being a staunch meat-eater, I can say without question this place rocks! My brother and a friend (both vegans) also enjoy this place. So, it's safe to say that this is a great spot to get food in general -- whether you're a vegan or otherwise!",this place,RESTAURANT#GENERAL,positive,false,,,,,yelp,,,,,,,,,,,,,,,,,,,,,,,,,,,,,,,,,,,,,,,,,,,,
label,Qlga0zAS39p1k8t-aalB8w,5,"ONE OF THE BEST FOOD TRUCKS IN PHILADELPHIA!  This is coming from a person that doesn't like trying to things, extremely picky, and not very daring... EVERYTHING on their menu is so good and filling! My favorites are veggie burger wrap which is $5 (instead of veggie burger, it'll be in a tortilla, but somehow 10x better) and chicken satay tacos (2 for $7). Their thai bubble tea is extremely tasty too!   Beware of the long lines though (try to avoid going anytime from 11:45-12:30, if you do, expect a long wait, and no you cannot call ahead and order). If you're a Drexel student, go in between class, guaranteed no line!   CASH ONLY",EVERYTHING on their menu,FOOD#QUALITY,positive,false,veggie burger wrap,FOOD#QUALITY,positive,false,yelp,veggie burger wrap,FOOD#PRICES,positive,false,chicken satay tacos,FOOD#QUALITY,positive,false,chicken satay tacos,FOOD#PRICES,positive,false,thai bubble tea,DRINKS#QUALITY,positive,false,,SERVICE#GENERAL,negative,true,,,,,,,,,,,,,,,,,,,,,,,,
label,6T39wGjrDrQSwRso-oAk5Q,3,Tried this place because Pho 75 was closed at the time.  A nice suprise. Very clean and the menu was huge.  Im not a pho expert but it was a decent inexpensive meal.,place,RESTAURANT#GENERAL,positive,false,,AMBIENCE#GENERAL,positive,true,yelp,menu,FOOD#STYLE_OPTIONS,positive,false,,FOOD#PRICES,positive,true,,,,,,,,,,,,,,,,,,,,,,,,,,,,,,,,,,,,
label,UdREKGErnjt-3rPv0eRvxQ,5,"Romantic experience, fun and relaxing.  Great for a date night.  Music was good, food was good.  We will be back",,AMBIENCE#GENERAL,positive,true,Music,AMBIENCE#GENERAL,positive,false,yelp,food,FOOD#QUALITY,positive,false,,,,,,,,,,,,,,,,,,,,,,,,,,,,,,,,,,,,,,,,
label,A78Fz-Zqwhe1aSjYFeKimw,4,"Service was a little slow but food makes up for it. I had the shepherd pie and my husband had the trout. Wow, it was super tasty!",,SERVICE#GENERAL,negative,true,food,FOOD#QUALITY,positive,false,yelp,,,,,,,,,,,,,,,,,,,,,,,,,,,,,,,,,,,,,,,,,,,,
label,idagMMjysGHSlC6YnIZpiw,4,Loved our breakfast here. They created a fresh veggie scramble for me that was delicious! Very friendly worker.  Could use a bit more deep cleaning and decor but overall we all enjoyed our meal.,breakfast,FOOD#QUALITY,positive,false,fresh veggie scramble,FOOD#QUALITY,positive,false,yelp,worker,SERVICE#GENERAL,positive,false,,AMBIENCE#GENERAL,negative,true,meal,FOOD#QUALITY,positive,false,,,,,,,,,,,,,,,,,,,,,,,,,,,,,,,,
label,8x4WVgu2t2MD48_ftQXrLw,4,"Wawa is like a beacon in a cold, dark world.  I grew up around Sheetz locations, but I have to admit that I prefer Wawa.  The sandwiches are really good, and they have the typical snacks/drinks you would expect from a convenience store.  This particular location is not quite as friendly as the one I go to near the office, but whatever.  I can still walk out with all of my snacking requirements.",Wawa,RESTAURANT#GENERAL,positive,false,sandwiches,FOOD#QUALITY,positive,false,yelp,snacks/drinks,FOOD#STYLE_OPTIONS,neutral,false,,SERVICE#GENERAL,negative,true,,,,,,,,,,,,,,,,,,,,,,,,,,,,,,,,,,,,
label,kB_t5NMQTK7pOivLE-Sb_w,4,My family and I ate at Bub's today.  The burgers and milk shakes were very good.  The service was excellent.  We will be going back.,burgers,FOOD#QUALITY,positive,false,milk shakes,DRINKS#QUALITY,positive,false,yelp,service,SERVICE#GENERAL,positive,false,,,,,,,,,,,,,,,,,,,,,,,,,,,,,,,,,,,,,,,,
label,5RRgyOx99KsN2_Bj4mV59w,2,"Mildly charming building; the food however is bad and overpriced.The baked artichokes were greasy and my pasta tasted of cardboard. The salad was nice but over dressed. Portions are very big, perhaps that's why it has good reviews.",building,LOCATION#GENERAL,positive,false,food,FOOD#QUALITY,negative,false,yelp,food,FOOD#PRICES,negative,false,baked artichokes,FOOD#QUALITY,negative,false,pasta,FOOD#QUALITY,negative,false,salad,FOOD#QUALITY,positive,false,salad,FOOD#STYLE_OPTIONS,negative,false,,FOOD#PORTION_SIZES,positive,true,,RESTAURANT#PRICES,negative,true,,,,,,,,,,,,,,,,
label,yqJv_8CoXNb-NpaEiTY4yw,5,Great new location on Central. Great staff and atmosphere! Looks like they have found a place where they will thrive.,location,LOCATION#GENERAL,positive,false,staff,SERVICE#GENERAL,positive,false,yelp,atmosphere,AMBIENCE#GENERAL,positive,false,,,,,,,,,,,,,,,,,,,,,,,,,,,,,,,,,,,,,,,,
label,_S0_7CKLbq5mo1HACy4NOA,5,I love raw oysters and the Happy Hour oysters are a great deal at 50 cents each.  We were seated in the back room which was nice and had the best server.  The back room is much quieter and made for a great place to enjoy our food and chat with our friends.  Our table ordered 48 oysters to start and the order came out in decent time.  I really enjoyed the oyster feast.,raw oysters,FOOD#QUALITY,positive,false,Happy Hour oysters,FOOD#PRICES,positive,false,yelp,server,SERVICE#GENERAL,positive,false,back room,AMBIENCE#GENERAL,positive,false,,SERVICE#GENERAL,positive,true,,,,,,,,,,,,,,,,,,,,,,,,,,,,,,,,
label,C3Msq-y2OacmQigWQE1mRQ,4,"As a fan of the late night kabab, shwarma or gyro in nyc, I made a stop through Ali ba ba's on one occasion and ended up here again near the end of the trip as it hits the spot!  They are bigger in size of the ones I get in NYC and double the price ($6) but I can imagine the cost is a factor of limited demand (small lines) and pallets in NOLA for a gyro vs a po boy.  They only have rooster sauce for hot sauce which is a knock and they can be slow to serve but the gyros are better than the $5 slice next door or the $5+ lucky dogs on the corner.","kabab, shwarma or gyro",FOOD#QUALITY,positive,false,gyro,FOOD#PRICES,negative,false,yelp,rooster sauce,FOOD#STYLE_OPTIONS,negative,false,,SERVICE#GENERAL,negative,true,gyros,FOOD#QUALITY,positive,false,,,,,,,,,,,,,,,,,,,,,,,,,,,,,,,,
label,XiGS9kY5haniQ6YxiL2xdg,1,Their drive-thru is so slow it hurts. I recommend bringing food from the Wendy's next door because by the time you get your food you'll be hungry again.,drive-thru,SERVICE#GENERAL,negative,false,,SERVICE#GENERAL,negative,true,yelp,food,FOOD#QUALITY,negative,false,,,,,,,,,,,,,,,,,,,,,,,,,,,,,,,,,,,,,,,,
label,liWnObQxCckRGAyFbaI7oQ,1,"I went once and wont go back.  Nothing was absolutely terrible about this place, but it wasnt very good.  They packed their rolls with rice and lacked personality.",place,RESTAURANT#GENERAL,negative,false,rolls,FOOD#QUALITY,negative,false,yelp,,RESTAURANT#GENERAL,negative,true,,,,,,,,,,,,,,,,,,,,,,,,,,,,,,,,,,,,,,,,
label,cLZYOOYH_fnIMp7VJzKm3A,5,"we stopped in just to randomly check for a few things -- who knew you could find birch beer in Arizona! other than that, we snagged some Vosges chocolate (Mo's Bacon Bar is the BEST!), strawberry Pocky, and random other goodies. The prices are a bit high, but most items are imported or hard to find, so it's kind of understandable. I think we drooled over the bakery section for about 20 minutes -- everything looked AMAZING! nice place to find unusual ingredients, and really fresh meat and seafood.",birch beer,DRINKS#QUALITY,positive,false,Vosges chocolate,FOOD#QUALITY,positive,false,yelp,strawberry Pocky,FOOD#QUALITY,positive,false,prices,RESTAURANT#PRICES,negative,false,bakery section,FOOD#STYLE_OPTIONS,positive,false,meat and seafood,FOOD#QUALITY,positive,false,place,RESTAURANT#GENERAL,positive,false,,,,,,,,,,,,,,,,,,,,,,,,
label,2hRrx58bBu9qH041WKkHpg,4,"I have eaten at Vecchia Osteria twice in the last few weeks, once in the restaurant and then for take out. Both experiences were very good. When dining-in the service was prompt and the owner very friendly and accommodating to a large party. The place has a very nice atmosphere with outside seating available.   Some stand-out dishes were the lamb chops, gorgonzola gnocchi, and the desserts were great - amazing cannolis, tiramisu, and a lemon cake. It is a bit pricey, but fair in comparison to other local italian restaurants.",service,SERVICE#GENERAL,positive,false,owner,SERVICE#GENERAL,positive,false,yelp,atmosphere,AMBIENCE#GENERAL,positive,false,lamb chops,FOOD#QUALITY,positive,false,gorgonzola gnocchi,FOOD#QUALITY,positive,false,desserts,FOOD#QUALITY,positive,false,cannolis,FOOD#QUALITY,positive,false,tiramisu,FOOD#QUALITY,positive,false,lemon cake,FOOD#QUALITY,positive,false,prices,RESTAURANT#PRICES,neutral,false,,,,,,,,,,,,
label,fMgfMUUH2e_eOK_DFRrlrw,2,"If you're not a food snob, but like good Mexican food, you'll still be sorry you came.   The salsa is clearly canned stewed tomatoes with jarred diced jalapeños... Nothing authentic. That's your initial experience before the food arrives.   It doesn't get better. I got shrimp tacos. It came as 4 tacos, two tortillas each. 8 tortillas for about 8 shrimp!? $15. Rice and beans were truly sub par.  I did not risk eating the guacamole because it was half bright green and half brownish black mixed together. The lettuce had old brown edges. The diced fresh tomatoes were barely ripe, and crunchy.  My favorite part was the Diet Coke. Seriously. Oh, and leaving.",salsa,FOOD#QUALITY,negative,false,shrimp tacos,FOOD#QUALITY,negative,false,yelp,tortillas,FOOD#QUALITY,negative,false,rice and beans,FOOD#QUALITY,negative,false,guacamole,FOOD#QUALITY,negative,false,lettuce,FOOD#QUALITY,negative,false,Diet Coke,DRINKS#QUALITY,positive,false,,RESTAURANT#GENERAL,negative,true,shrimp tacos,FOOD#PRICES,negative,false,,,,,,,,,,,,,,,,
label,hB-MuoQS5CekTvy71Z1mAQ,4,"For food truck food this place is hit or miss.  They end up outside Ms. Mae's a lot.  Have had the pig sandwich, the bacon barbecue burger and the crawfish mac and cheese.  Some is more delicious than others but a good options for the late night crowd.",pig sandwich,FOOD#QUALITY,neutral,false,bacon barbecue burger,FOOD#QUALITY,neutral,false,yelp,crawfish mac and cheese,FOOD#QUALITY,neutral,false,food truck food,FOOD#STYLE_OPTIONS,neutral,false,,RESTAURANT#GENERAL,positive,true,,,,,,,,,,,,,,,,,,,,,,,,,,,,,,,,
label,rSb5ddG7z-yvyytPkjBvmA,2,"I wound up eating here because every other spot in the area had a line out the door and I was starving.  Perhaps that should have been a hint.  There were only a handful of customers so I was seated quickly and service was prompt.  The food was edible, but not good.  My omelette was completely unseasoned and adding my own salt and pepper didn't improve the taste.  There was no side of fruit or hashbrowns to create a more filling meal, just stale white bread toast.  First of all, who still eats white bread and if that's the only option why would anyone want it stale?  Given the portion size and lack of flavor the price was too high.",,SERVICE#GENERAL,positive,true,food,FOOD#QUALITY,negative,false,yelp,omelette,FOOD#QUALITY,negative,false,bread toast,FOOD#QUALITY,negative,false,,RESTAURANT#PRICES,negative,true,,,,,,,,,,,,,,,,,,,,,,,,,,,,,,,,
label,I1rcoz7_p4z2hXjpno5RHw,3,"The ramen is okay, nothing spectacular. Service is okay. Good place for a quick stop but wouldn't go if there were other choices. Been here twice, will continue to go.",ramen,FOOD#QUALITY,neutral,false,service,SERVICE#GENERAL,neutral,false,yelp,place,RESTAURANT#GENERAL,positive,false,,,,,,,,,,,,,,,,,,,,,,,,,,,,,,,,,,,,,,,,
label,0d6zYBqT5TFKxBGetwDHFA,4,"Well my boyfriend and I gave Cheddars a second chance recently, because the time before we had awful service. The food has always been pretty good and that's why we choose to go back. We had great service this time and the drinks and food were great!! The only complaint I would have is that we ordered an appetizer and barely had the chance to eat any of it before our dinner came out. We were still charged for the appetizer. All and all its reasonable and family friendly place to go!",service,SERVICE#GENERAL,negative,false,food,FOOD#QUALITY,positive,false,yelp,service,SERVICE#GENERAL,positive,false,drinks,DRINKS#QUALITY,positive,false,food,FOOD#QUALITY,positive,false,,SERVICE#GENERAL,negative,true,,RESTAURANT#PRICES,positive,true,place,RESTAURANT#GENERAL,positive,false,,,,,,,,,,,,,,,,,,,,
label,MM7K3u0ZLMS6jTUMz4oGVQ,3,Ordered a burger and fries great tasting. The staff is straight and to the point you might even think there rude. They just come off that way. When you get there sit down and order ; weather your taking out or eating there it's faster.,burger,FOOD#QUALITY,positive,false,fries,FOOD#QUALITY,positive,false,yelp,staff,SERVICE#GENERAL,negative,false,,,,,,,,,,,,,,,,,,,,,,,,,,,,,,,,,,,,,,,,
label,A497ZSdY_rzhvi5UvzyXgQ,3,"Was here the other night and chose to eat outside. My friend and I were both craving burgers so we both got the London burger. Burger itself was cooked to satisfaction and was quite tasty but the English muffin was certainly a curious touch as a bun. No big deal, but as expected it didn't hold up to the burger so I would have preferred a regular bun. Server was semi pushy, in an off putting way, which kind of made this experience worse than it should have been. Overall it was incredibly mediocre.",outside,AMBIENCE#GENERAL,neutral,false,London burger,FOOD#QUALITY,positive,false,yelp,English muffin,FOOD#STYLE_OPTIONS,negative,false,,SERVICE#GENERAL,negative,true,,RESTAURANT#GENERAL,negative,true,,,,,,,,,,,,,,,,,,,,,,,,,,,,,,,,
label,YQZlvpXLKo8XcN_f81Qwfw,4,"You'll enjoy it more if you go with your laid back friends who don't complain about waiting in lines and go with the flow. It's a cool atmosphere and the bands are sit and chill types. I just went with my husband and we only got 4 things before we were full, so make sure your crew is cool enough to share food. Also, even though it starts at 6, many trucks weren't ready til 6:30..longer line waits the later you go but everything is running.",atmosphere,AMBIENCE#GENERAL,positive,false,bands,AMBIENCE#GENERAL,positive,false,yelp,food,FOOD#STYLE_OPTIONS,positive,false,,SERVICE#GENERAL,neutral,true,,,,,,,,,,,,,,,,,,,,,,,,,,,,,,,,,,,,
label,gny50CjEIqzI7Qa4LZzd5Q,2,"Pizza was great and service was even polite......but the issue i had was with this coupon $10 for $20.....i purchased it and tried to use it and was only given $10 off my total bill.......FALSE Advertising....if youre only getting $10 off your bill why would you take the time to purchase this ""DEAL""......I will return because the pizza and service was great but will NEVER buy a deal from them again....",pizza,FOOD#QUALITY,positive,false,service,SERVICE#GENERAL,positive,false,yelp,coupon,RESTAURANT#MISCELLANEOUS,negative,false,,,,,,,,,,,,,,,,,,,,,,,,,,,,,,,,,,,,,,,,
label,PXHNKUDzIQO_0kjuCvx3Lw,5,"Just the BEST sandwiches in Tucson. A good variety. Great menu... and it is exciting to see the place is getting a makeover to make getting sandwiches faster and better! A nice neighborhood place. And they deliver! On-line ordering available, but I prefer to call.",sandwiches,FOOD#QUALITY,positive,false,menu,FOOD#STYLE_OPTIONS,positive,false,yelp,place,RESTAURANT#GENERAL,positive,false,,SERVICE#GENERAL,positive,true,,,,,,,,,,,,,,,,,,,,,,,,,,,,,,,,,,,,
label,cWIVbtHF-b73rxjcaUB0cA,4,I had takeout because it was about 45 min prior to closing . I ordered the puttanesca. It was delicious . Perfect combo of salty spiciness. There was such a wide variety of menu combos or you could get the fold and creat your own . Genius ! My only gripe is they need to come up with a gluten free dough option. My tummy will pay for this gluttony later .,puttanesca,FOOD#QUALITY,positive,false,menu combos,FOOD#STYLE_OPTIONS,positive,false,yelp,,FOOD#PRICES,neutral,true,gluten free dough option,FOOD#STYLE_OPTIONS,negative,false,,,,,,,,,,,,,,,,,,,,,,,,,,,,,,,,,,,,
label,DWbmJF84jRrGaJRmlSSnYQ,4,"My go-to spot on a Saturday night! I was real bummed that lucys closed, but was pleasantly surprised by this bar just across the street! Their food is better than expected. I always get wings and fries. (be careful of the wtf sauce though) Sometimes it takes a real long time to get the bartenders attention, but the place is usually packed. And if you're lucky the always sunny crew will pop in!",food,FOOD#QUALITY,positive,false,wings and fries,FOOD#QUALITY,positive,false,yelp,wtf sauce,FOOD#QUALITY,negative,false,,SERVICE#GENERAL,negative,true,bar,RESTAURANT#GENERAL,positive,false,,,,,,,,,,,,,,,,,,,,,,,,,,,,,,,,
label,MBELEXco6QI0D2KrEz_yJQ,1,Had a grilled chicken sandwich on bun to go. Couldn't hold sandwich due to bottom bun being soggy.  So I decided to just eat the meat.  I saw a piece of hair as I removed the meat. I haven't ate there in years and will not eat there again.  Zero stars from me.,grilled chicken sandwich,FOOD#QUALITY,negative,false,bottom bun,FOOD#QUALITY,negative,false,yelp,,FOOD#QUALITY,negative,true,,RESTAURANT#GENERAL,negative,true,,,,,,,,,,,,,,,,,,,,,,,,,,,,,,,,,,,,
label,M5unN9Y4QKjgiKM5ty0ebw,1,This place is overrated for sure. The food is mediocre at best. We had the French toast which was soggy and had little flavor. The location is loud and stuffy. They have Too many tables for the space. Also tried the watermelon lemonade which was full of sugar and had a slice of rotten and spoiled watermelon on it. Won't be coming back.,food,FOOD#QUALITY,negative,false,French toast,FOOD#QUALITY,negative,false,yelp,location,LOCATION#GENERAL,negative,false,,AMBIENCE#GENERAL,negative,true,watermelon lemonade,DRINKS#QUALITY,negative,false,,RESTAURANT#GENERAL,negative,true,,,,,,,,,,,,,,,,,,,,,,,,,,,,
label,3l2LLRhZr861RZQui-G3sA,3,"This has to be one of the strangest business decisions ever. Take your very popular B-B-Q joint at the corner of 12th and Porter and move it to a totally out of the way, falling down, probably-soon-to-be-demolished minor league baseball stadium.  WHAT?!?!?  Was this the only space available after Whitt's opened their location at the airport 's C-Concourse? I mean seriously, I was so bummed to hear that they moved here. (If  you can't tell.)  Anyway, the food is generally good. The tamales are bland and gluey. The brisket is highly recommended. The diablo beans should be avoided if you don't have an office with a door that you can close.",location,LOCATION#GENERAL,negative,false,,RESTAURANT#MISCELLANEOUS,negative,true,yelp,food,FOOD#QUALITY,positive,false,tamales,FOOD#QUALITY,negative,false,brisket,FOOD#QUALITY,positive,false,diablo beans,FOOD#QUALITY,negative,false,,,,,,,,,,,,,,,,,,,,,,,,,,,,
label,0jK_XF0mWBOnnTL55UO1nA,5,"This is the best Vietnamese restaurant in town! I've seen them (Saigon) transition from a grocery store to restaurant. Their food is always amazing and you can never go wrong. The service can be sometimes feisty but it's all worth it. If you're new to Asian food you can never go wrong with the Viet (chicken, pork, etc.) grilled sandwich or the pho.",restaurant,RESTAURANT#GENERAL,positive,false,food,FOOD#QUALITY,positive,false,yelp,service,SERVICE#GENERAL,positive,false,Viet grilled sandwich,FOOD#QUALITY,positive,false,pho,FOOD#QUALITY,positive,false,,,,,,,,,,,,,,,,,,,,,,,,,,,,,,,,
label,Q51DgdvptnqHb2Q0LFj20A,1,"Hi Caitlin,   Thank you for your reply.  I appreciate your attention to the issues. I forgot to mention the name of the waitress that was so rude and unwelcoming.  Her name is Erin.   Best, Mariza.",waitress,SERVICE#GENERAL,negative,false,,,,,yelp,,,,,,,,,,,,,,,,,,,,,,,,,,,,,,,,,,,,,,,,,,,,
label,CzqjdvdDIscS7zgGVw7Zxg,4,"It's good diner food. period.  Nothing fancy, just simple food made well. Breakfast is a must. Homemade Belgium waffle covered in TONS of fruit....amazing.  Simple Said...it's good diner food at a good price with friendly waitresses. On a Saturday morning...what more could you ask for?!",diner food,FOOD#QUALITY,positive,false,Belgium waffle,FOOD#QUALITY,positive,false,yelp,price,RESTAURANT#PRICES,positive,false,waitresses,SERVICE#GENERAL,positive,false,,,,,,,,,,,,,,,,,,,,,,,,,,,,,,,,,,,,
label,dLKW8qHvywI7yud2BaXx5g,4,"When my bf and I looked at the rating for this place I thought, wow how come we've never gone there? Then, we finally visited Prohibition Taproom: it is a true beer place! No wonder -- I'm not a beer person.  But the experience was good. From my point of view, it looked like heaven for the beer-and-sports people.   I liked the vibe and service, so I'm givin' it 4!",experience,RESTAURANT#GENERAL,positive,false,vibe,AMBIENCE#GENERAL,positive,false,yelp,service,SERVICE#GENERAL,positive,false,,,,,,,,,,,,,,,,,,,,,,,,,,,,,,,,,,,,,,,,
label,rZ_ueS0k33XBb4DUoHzx2g,5,"Delicious food, relaxed atmosphere, cocktails refreshing and Katie our waitress very friendly and knowledgeable on the menu and helped us make the right choice .5 stars",food,FOOD#QUALITY,positive,false,atmosphere,AMBIENCE#GENERAL,positive,false,yelp,cocktails,DRINKS#QUALITY,positive,false,Katie,SERVICE#GENERAL,positive,false,,,,,,,,,,,,,,,,,,,,,,,,,,,,,,,,,,,,
label,QSqgKgMhBT0rq8XlCZtaZA,5,"My go-to spot for low key take out/sit in sushi.  Excellent food, quick turn around and contemporary inside.  Highly recommend.  Only suggestion would be to add much more soy sauce packets in the to-go bag :)",sushi,FOOD#QUALITY,positive,false,food,FOOD#QUALITY,positive,false,yelp,,SERVICE#GENERAL,positive,true,inside,AMBIENCE#GENERAL,positive,false,soy sauce packets,FOOD#STYLE_OPTIONS,negative,false,,,,,,,,,,,,,,,,,,,,,,,,,,,,,,,,
label,WGYS4K1IKMgHTVejpe27hg,3,"Great location at the end of the wharf. Get a table outside (on the side where you can drink alcohol). Be prepared to wait for a long time for these spots. Interesting to watch them prepare and cook the crabs. Shared an assortment of food. Calamari and rock crab were delicious. Lobster bisque was not very flavorful (too creamy, not enough lobster) and bread bowl was very dry.",location,LOCATION#GENERAL,positive,false,,SERVICE#GENERAL,negative,true,yelp,calamari,FOOD#QUALITY,positive,false,rock crab,FOOD#QUALITY,positive,false,lobster bisque,FOOD#QUALITY,negative,false,bread bowl,FOOD#QUALITY,negative,false,,,,,,,,,,,,,,,,,,,,,,,,,,,,
label,gVyOccpgIOuaBuRhfQtKzw,4,"We really enjoyed this restaurant!  We started with hummus and feta cheese mixed with roasted red peppers, super tasty!  We also had their Philly cheesesteak sandwich and a BLT and Brie, both sandwiches were amazing!  The BLT had thick perfectly cooked bacon.  The only reason I didn't give it 5 stars is its a little pricey.",restaurant,RESTAURANT#GENERAL,positive,false,hummus and feta cheese mixed with roasted red peppers,FOOD#QUALITY,positive,false,yelp,Philly cheesesteak sandwich,FOOD#QUALITY,positive,false,BLT and Brie,FOOD#QUALITY,positive,false,bacon,FOOD#QUALITY,positive,false,,RESTAURANT#PRICES,negative,true,,,,,,,,,,,,,,,,,,,,,,,,,,,,
label,rx2ItPviBRadsPw6wcOMmg,2,"Seriously! Came here with tickets to see a show at 6, The bands are in 2 places! No signs and could have seen 2 for free in the street! Very misleading!!",,RESTAURANT#MISCELLANEOUS,negative,true,,,,,yelp,,,,,,,,,,,,,,,,,,,,,,,,,,,,,,,,,,,,,,,,,,,,
label,ljlip5S2hqb76p_pIlLPSg,4,"Beautiful atmosphere with locally sourced kitchen made everything . Located right in the middle of 12th south and the popular angel wings mural - great place for brunch/lunch if you're in the area. Fries were nice and crispy while the lavender hibiscus tea was gentle and refreshing . This time I ordered safe but I can't wait to come back and try something new, maybe for dinner as our waiter suggested.",atmosphere,AMBIENCE#GENERAL,positive,false,kitchen,FOOD#QUALITY,positive,false,yelp,fries,FOOD#QUALITY,positive,false,lavender hibiscus tea,DRINKS#QUALITY,positive,false,waiter,SERVICE#GENERAL,positive,false,,,,,,,,,,,,,,,,,,,,,,,,,,,,,,,,
label,cRGUTdUs8cgG6a_8N5xtSA,1,"Ordered from grubhub waited an hour and a half for delivery so I called naturally no one picked up for another 20 minutes then when the guy answers his explanation was that they were on break and hadn't made my order yet and gave me the "" oh well"" attitude and didn't offer any kind of compensation.",,SERVICE#GENERAL,negative,true,delivery,SERVICE#GENERAL,negative,false,yelp,,,,,,,,,,,,,,,,,,,,,,,,,,,,,,,,,,,,,,,,,,,,
label,dGW0K1OMEf30HdrFREE3dQ,1,If it wasn't bad enough that the Hard Rock just increased their menu prices but now you must pay $10 just to park where you want to just have dinner or gamble.... as if they aren't making enough money..   Sorry we will not be going back....,menu prices,FOOD#PRICES,negative,false,,RESTAURANT#PRICES,negative,true,yelp,,RESTAURANT#GENERAL,negative,true,,,,,,,,,,,,,,,,,,,,,,,,,,,,,,,,,,,,,,,,
label,oQ2wM3ibdAnCMBmhfwAi9A,4,"This is my favourite place to get fish tacos! It's all I ever order, along with the occasional queso or beans which are also delicious. My friend was visiting from out of town and he ordered the beef taco and chicken fajitas and thought they were pretty average. However, he agreed that the fish tacos were amazing. Since 2 full me up and they're only like $2.60 each it's a pretty happy visit all round for me! Plus the interior and patio are awesome (And there's Ben and Jerry's right next door for dessert)",fish tacos,FOOD#QUALITY,positive,false,queso,FOOD#QUALITY,positive,false,yelp,beans,FOOD#QUALITY,positive,false,beef taco,FOOD#QUALITY,neutral,false,chicken fajitas,FOOD#QUALITY,neutral,false,fish tacos,FOOD#PRICES,positive,false,interior,AMBIENCE#GENERAL,positive,false,patio,AMBIENCE#GENERAL,positive,false,,,,,,,,,,,,,,,,,,,,
label,yOR8YEh_aXYJdz0pLX6gJg,5,Little puzzled by some of the negative reviews. I ordered the BBQ sub this afternoon and it was pretty epic. Would definitely order again!,BBQ sub,FOOD#QUALITY,positive,false,,,,,yelp,,,,,,,,,,,,,,,,,,,,,,,,,,,,,,,,,,,,,,,,,,,,
label,pASf53j-2Fc4MWcx2uLibA,3,"Definitely get in line before 8:30am. We waited about 30 minutes. Pancakes were fine. My friends got the raspberry pancakes, the sweet potato pancakes and the san antonio. I got the sugar and spice pancakes. All were well and fine, a bit dry. I don't understand the hype, but if the line isn't too long it's not bad for normal breakfast food. If the line is longer I would highly recommend skipping this place and heading down the street to Fido - insanely good coffee and great breakfast food.",,SERVICE#GENERAL,negative,true,pancakes,FOOD#QUALITY,neutral,false,yelp,,RESTAURANT#GENERAL,neutral,true,line,SERVICE#GENERAL,negative,false,coffee,DRINKS#QUALITY,positive,false,breakfast food,FOOD#QUALITY,positive,false,,,,,,,,,,,,,,,,,,,,,,,,,,,,
label,KEd1hpSzOXsudyY6p_n8vw,3,"This place is alright.  Pretty soon it will  be the top chinese food around, because everywhere else is closing.  I've seen the quality decline over the years, but I'd still give this place a chance.  It's good enough?",this place,RESTAURANT#GENERAL,neutral,false,chinese food,FOOD#QUALITY,positive,false,yelp,,RESTAURANT#GENERAL,negative,true,,,,,,,,,,,,,,,,,,,,,,,,,,,,,,,,,,,,,,,,
label,akDh6AELDnCo17CIE0gHuA,1,"If you go here, beware.  If the bar attended is a blond with the name of Celina, sit at a table and be waited on my someone else.  If the bar attendant is a lady named Jessica, sit at the bar and enjoy the best bartender that I have ever had in my fifty years of drinking.  She will never let you run out of beer.  And the owner opened a bar in Murfreesboro, so his appearances here are few and far between.   Jennifer is the daytime barkeep and also manages the place in the owner's absence.  She does a good job of it, but Celina and one other person behind the bar would never work for me.",Celina,SERVICE#GENERAL,negative,false,Jessica,SERVICE#GENERAL,positive,false,yelp,beer,DRINKS#QUALITY,positive,false,Jennifer,SERVICE#GENERAL,positive,false,,,,,,,,,,,,,,,,,,,,,,,,,,,,,,,,,,,,
label,EybCX3U3K20euM7oT_-ZZA,3,"This place is small, actually it's tiny. But it's cool! check out the wall mural !   I like their business philosophy, check it out on the back of their menu.   As for the food, Asian fusion , that's all I can tell you.   Miso Ramen - The broth was actually decent, it's creamy and tasty. The pork shoulder falls apart with the grab of chopsticks. nicely done.   Brisket Ramen - two big slices of Brisket, quantity over powers quality. To be honest Brisket was flavorless. This bowl contains Kimichi, kimichi with ramen how interesting.",place,RESTAURANT#GENERAL,positive,false,wall mural,AMBIENCE#GENERAL,positive,false,yelp,business philosophy,RESTAURANT#MISCELLANEOUS,positive,false,Asian fusion,FOOD#STYLE_OPTIONS,neutral,false,Miso Ramen,FOOD#QUALITY,positive,false,broth,FOOD#QUALITY,positive,false,pork shoulder,FOOD#QUALITY,positive,false,Brisket Ramen,FOOD#QUALITY,negative,false,Brisket,FOOD#QUALITY,negative,false,Kimichi,FOOD#QUALITY,neutral,false,,,,,,,,,,,,
label,vCXmS2gLX93_ukrI2J9zlA,5,my favorite pizza place in the area . friendly staff and the biggest slices of pizza anywhere . For 4.50 you can get any one of up to 10 different gourmet slices . the margherita and the buffalo chicken are not to be missed . great outdoor dining area I frequently ride my bicycle there have a slice and Ride it off home. nice small dining room in the back .,pizza place,RESTAURANT#GENERAL,positive,false,staff,SERVICE#GENERAL,positive,false,yelp,slices of pizza,FOOD#QUALITY,positive,false,gourmet slices,FOOD#STYLE_OPTIONS,positive,false,margherita,FOOD#QUALITY,positive,false,buffalo chicken,FOOD#QUALITY,positive,false,outdoor dining area,AMBIENCE#GENERAL,positive,false,dining room,AMBIENCE#GENERAL,positive,false,4.50,FOOD#PRICES,positive,false,,,,,,,,,,,,,,,,
label,GmgtuYeyL9hpWzOKDcyEqA,5,Very helpful employees and they have a great selection of beer! I always go to Ed's over any other local beer distributor.,employees,SERVICE#GENERAL,positive,false,selection of beer,DRINKS#STYLE_OPTIONS,positive,false,yelp,,,,,,,,,,,,,,,,,,,,,,,,,,,,,,,,,,,,,,,,,,,,
label,R_A16STMTt2oZGmpH0R0lA,3,"We went at a slow time on a weekday afternoon for a late lunch because we were all wanting sandwiches. So between us all we had: the Bird & Pig, BBQ quesadilla, ahi BLT, clubhouse and kids pbj. All the sandwiches were great! Service was a bit slow though. If I was in the area again I may try again but I would not go out of my way to eat here.",sandwiches,FOOD#QUALITY,positive,false,Service,SERVICE#GENERAL,negative,false,yelp,,RESTAURANT#GENERAL,neutral,true,,,,,,,,,,,,,,,,,,,,,,,,,,,,,,,,,,,,,,,,
label,PB0jpInvz1mtMAkRWmw-kQ,3,"Ordered via Bite Squad delivery. Food is good for the most part. Chicken I received was pretty fatty, very unappetizing. Ordered a side salad with no onions or peppers (not that it should matter, but I have an allergy). Apparently ""no onions/peppers"" means ""extra of both"" so in the trash it went. Delivery guy also got lost on the way to my house, which is literally two miles straight up Hillsborough Ave. Not impressed.",Food,FOOD#QUALITY,positive,false,Chicken,FOOD#QUALITY,negative,false,yelp,side salad,FOOD#QUALITY,negative,false,,SERVICE#GENERAL,negative,true,,,,,,,,,,,,,,,,,,,,,,,,,,,,,,,,,,,,
label,lcVrh-t54GgV0lQmgpPBNw,4,We love the craft cocktails and craft beers. The food is hit and miss. The batter on the fish and chips doesn't hold up. It's soggy and gross. The quality of the fish is good but a new batter recipe is mandatory. Their classic burger is good and so are the fries.,craft cocktails,DRINKS#QUALITY,positive,false,craft beers,DRINKS#QUALITY,positive,false,yelp,food,FOOD#QUALITY,neutral,false,batter on the fish and chips,FOOD#QUALITY,negative,false,fish,FOOD#QUALITY,positive,false,classic burger,FOOD#QUALITY,positive,false,fries,FOOD#QUALITY,positive,false,,,,,,,,,,,,,,,,,,,,,,,,
label,9H9gt2FWXSihoALX6Ma_Kg,3,"Good service, good margaritas. I wasn't impressed with the food. The fried pickles were greasy and soggy. The shrimp nachos were soggy from too much crema. I heard the veggie wings are good so maybe I will have to give their food another chance.",service,SERVICE#GENERAL,positive,false,margaritas,DRINKS#QUALITY,positive,false,yelp,food,FOOD#QUALITY,negative,false,fried pickles,FOOD#QUALITY,negative,false,shrimp nachos,FOOD#QUALITY,negative,false,veggie wings,FOOD#QUALITY,positive,false,,,,,,,,,,,,,,,,,,,,,,,,,,,,
label,SIMrSEHYPNC-uTd11Itf-Q,4,Just what we were looking for.  A neighborhood bar with better than average bar food.  The meatloaf sandwich was delicious!  Sara was a wonderful bartender and gave honest suggestions.  Great find!,bar food,FOOD#QUALITY,positive,false,meatloaf sandwich,FOOD#QUALITY,positive,false,yelp,Sara,SERVICE#GENERAL,positive,false,,RESTAURANT#GENERAL,positive,true,,,,,,,,,,,,,,,,,,,,,,,,,,,,,,,,,,,,
label,p6a0RpE7E3ydxpUHeFB1-Q,4,This calzone shop offers an array of calzones and sauces on the side to choose from. There are enough options to offer variety but not so many that younger overwhelmed. The atmosphere is great with several community tables or tables to easily seat larger parties. We went at dinner time on a Saturday and had no problem finding a seat.,calzones and sauces,FOOD#STYLE_OPTIONS,positive,false,atmosphere,AMBIENCE#GENERAL,positive,false,yelp,community tables or tables,AMBIENCE#GENERAL,positive,false,,,,,,,,,,,,,,,,,,,,,,,,,,,,,,,,,,,,,,,,
label,5dHofDrDH45QXfUzHiGkYg,4,For me it was easy and fast to order on my way to go.. delicious and best lamb biryani I ever had,order,SERVICE#GENERAL,positive,false,lamb biryani,FOOD#QUALITY,positive,false,yelp,,,,,,,,,,,,,,,,,,,,,,,,,,,,,,,,,,,,,,,,,,,,
label,TM1PkkUDSMpb0ijfePRmBQ,4,"This is a great breakfast sandwich spot. Affordable prices and tasty bagels, my favorite is garlic. I wasn't blown away with the lunch options but I would recommend this place for breakfast to my friends and family. Their quality is WAY better than Dunkin Donuts sandwiches. However, the man and woman behind the counter are very rude and it's a shame becuase the owner seems like such a nice man. They have ignored customers standing in a long line to hold conversations and move extremely slow as if no one has anywhere to go. Don't bother calling an order ahead becuase chances are they won't answer the phone during breakfast hours.",breakfast sandwich,FOOD#QUALITY,positive,false,prices,FOOD#PRICES,positive,false,yelp,bagels,FOOD#QUALITY,positive,false,lunch options,FOOD#STYLE_OPTIONS,negative,false,,SERVICE#GENERAL,negative,true,owner,RESTAURANT#GENERAL,positive,false,man and woman behind the counter,SERVICE#GENERAL,negative,false,phone,RESTAURANT#MISCELLANEOUS,negative,false,,,,,,,,,,,,,,,,,,,,
label,vk3dm7QF8N46JQ9wd5UWTg,2,"Just any-old-bar.  I went for a networking happy hour, and the service sucked...I mean, they kept giving drinks to the wrong tables, etc.  Crowded and blah.",bar,RESTAURANT#GENERAL,negative,false,service,SERVICE#GENERAL,negative,false,yelp,,AMBIENCE#GENERAL,negative,true,,,,,,,,,,,,,,,,,,,,,,,,,,,,,,,,,,,,,,,,
label,V8dVnEHMdDNxCX6yFFam2Q,5,"This Chipotle location was great! I wanted to thank Chipotle for recognizing teachers for Teacher Appreciation Week!  The line was very small and they served quickly as a pose to another location that had the line wrapped around the store!  Their food is always fresh, tasteful and fulfilling!  My go to is always the bowl with white cilantro lime rice,black beans, steak and all the toppings!  Must eat with a bag of fresh tortilla chips!!",Chipotle location,RESTAURANT#GENERAL,positive,false,,SERVICE#GENERAL,positive,true,yelp,food,FOOD#QUALITY,positive,false,tortilla chips,FOOD#QUALITY,positive,false,,,,,,,,,,,,,,,,,,,,,,,,,,,,,,,,,,,,
label,mbcEuLja0PwdODatSx50dg,2,If you're contemplating on going over there because the wait at breakfast & Burger is too long think again. Just wait your turn and get a table at breakfast & Burger that's all I can say.,breakfast & Burger,RESTAURANT#GENERAL,positive,false,,SERVICE#GENERAL,negative,true,yelp,,,,,,,,,,,,,,,,,,,,,,,,,,,,,,,,,,,,,,,,,,,,
label,jfMeI1d2AONLj5qRyrE1PQ,3,"The burger was good.. however is was too small for the price, and I left hungry. $30 for a burger, zucchini fries and a beer and I should not have to go to Steak and Shake later for more food.",burger,FOOD#QUALITY,positive,false,burger,FOOD#PRICES,negative,false,yelp,,SERVICE#GENERAL,negative,true,zucchini fries,FOOD#QUALITY,neutral,false,beer,DRINKS#QUALITY,neutral,false,$30,RESTAURANT#PRICES,negative,false,,,,,,,,,,,,,,,,,,,,,,,,,,,,
label,UWe8KXRmzNGUp3fKsFxuoQ,5,"We recently moved from Brooklyn, NY and have been in search of some really good pizza...and here it is! We were so happy to bite into a thin crispy crust! It was awesome, the service was amazing and we couldn't be more pleased. I highly recommend this place if you love great pizza and excellent customer service! They will surely get our business again and again.",pizza,FOOD#QUALITY,positive,false,crust,FOOD#QUALITY,positive,false,yelp,service,SERVICE#GENERAL,positive,false,customer service,SERVICE#GENERAL,positive,false,place,RESTAURANT#GENERAL,positive,false,,,,,,,,,,,,,,,,,,,,,,,,,,,,,,,,
label,rcuvpXb75km8m0YixC6Wdg,2,Must have changed management. I go about twice a month. Last two times pasta was under cooked to point of being crunchy  sent it back ask for another which never came. Then they screwed up hot dog order.  Then didn't take sent back dish off check. Finally got it removed from bill paid & left.,pasta,FOOD#QUALITY,negative,false,hot dog order,FOOD#QUALITY,negative,false,yelp,,SERVICE#GENERAL,negative,true,,,,,,,,,,,,,,,,,,,,,,,,,,,,,,,,,,,,,,,,
label,W5nAOOFVzVAkerS9MX9L2Q,2,Went there again on a Wednesday night and once again NO OYSTERS! I'm beginning to think this is part of their ploy to cut costs. Charging regular prices everyday of the week but only having expensive items on the weekend (Friday and Saturday). Don't charge people regular price everyday of the week when you aren't going to deliver on the promise of having expensive items like oysters. It makes people feel cheated!,oysters,FOOD#QUALITY,negative,false,,RESTAURANT#PRICES,negative,true,yelp,,,,,,,,,,,,,,,,,,,,,,,,,,,,,,,,,,,,,,,,,,,,
label,BROR1DlKTeWaE8knFLsyVg,4,"We hit this place late night for dinner when we got back late from a tour. It was right near our hotel so that helped. The raw bar selections were very good, local oysters, giant shrimp and king crab. Service was excellent as well. The burger my wife and son split was good, but nothing to write home about but I wouldn't have come here for just that. Decent bar scene as well.",raw bar selections,FOOD#STYLE_OPTIONS,positive,false,"local oysters, giant shrimp and king crab",FOOD#QUALITY,positive,false,yelp,Service,SERVICE#GENERAL,positive,false,burger,FOOD#QUALITY,neutral,false,bar scene,AMBIENCE#GENERAL,positive,false,,,,,,,,,,,,,,,,,,,,,,,,,,,,,,,,
label,4rc8qeht1lqIxiH7psDObg,3,"Your options are kinda limited in jenkintown I feel. This place is pretty swell. Good menu. Nothing mind blowing. Service was actually significantly slow for lunch. prob took like 80 minutes to eat. Food was solid. Nice chicken salad club with poppy seeds?? in it. My friends omlette looked good. Got some onions rings. Uncharacteristic for me, but I was mildly pleased with them. Bill was a little pricey I felt. Cost me like 19 bucks with tip. That's all I got.",menu,FOOD#STYLE_OPTIONS,positive,false,Service,SERVICE#GENERAL,negative,false,yelp,Food,FOOD#QUALITY,positive,false,chicken salad club,FOOD#QUALITY,positive,false,onions rings,FOOD#QUALITY,positive,false,bill,RESTAURANT#PRICES,negative,false,,,,,,,,,,,,,,,,,,,,,,,,,,,,
label,u7ZPpKtRexbTpNqgtW_nAA,4,"The sushi here is so much fun! I love seeing stuff like sunflower seeds and kiwi on top of the rolls. Very clever stuff. I had a great meal here. Twice! Lots of fun. I didn't try the fried stuff, so I can't speak to that.",sushi,FOOD#QUALITY,positive,false,sunflower seeds,FOOD#STYLE_OPTIONS,positive,false,yelp,kiwi,FOOD#STYLE_OPTIONS,positive,false,,FOOD#STYLE_OPTIONS,positive,true,meal,FOOD#QUALITY,positive,false,,,,,,,,,,,,,,,,,,,,,,,,,,,,,,,,
label,5CRsvFVWYtLEMSSfZQjNKQ,2,Not friendly at all. Girl forgot to give me my cup so I asked for a cup. She asked me questions like I took a cup. Is she for real? Bad customer service. Has gone downhill since new ownership.,,SERVICE#GENERAL,negative,true,customer service,SERVICE#GENERAL,negative,false,yelp,,,,,,,,,,,,,,,,,,,,,,,,,,,,,,,,,,,,,,,,,,,,
label,-1R1XmgqcJ01OFHl1mVBng,2,"Not a great vibe, employees were pretty rude minus the bartender, and all in all probably will never go back.",vibe,AMBIENCE#GENERAL,negative,false,,SERVICE#GENERAL,negative,true,yelp,,,,,,,,,,,,,,,,,,,,,,,,,,,,,,,,,,,,,,,,,,,,
label,pOUlMuu-iF35w_gB5QbECA,2,"This was not the best, at least the salad.  The dressing just did not taste good and they were out of two of the toppings I wanted.  It was really dry and an overall disappointment.  Stir fries looked much better.",salad,FOOD#QUALITY,negative,false,dressing,FOOD#QUALITY,negative,false,yelp,,SERVICE#GENERAL,negative,true,,,,,,,,,,,,,,,,,,,,,,,,,,,,,,,,,,,,,,,,
label,HMKp7VRzUX1IBbg8-jhPlg,3,"Wasn't wowed and a little less than disappoint. Even on a busy day our food wasn't warm. Food is extremely overpriced, a single taco for $5?? Maybe Reno is that starved to call something Mexican food, but I you can hold out (and you really should) then don't come here.  I came during the lavender and honey festival and the lavender mojitos and margaritas were delicious. Maybe the drinks are worth it!",food,FOOD#QUALITY,negative,false,food,FOOD#PRICES,negative,false,yelp,lavender mojitos and margaritas,DRINKS#QUALITY,positive,false,,RESTAURANT#GENERAL,negative,true,,,,,,,,,,,,,,,,,,,,,,,,,,,,,,,,,,,,
label,ehSAa6UjQzChIY4Jyh7PFA,4,4.5 stars for Bucks County.  I lived in NYC for 8 years and it's not as good as NYC pizza but it's awfully close.  The plus to this place is they make other things equally as good.  The cheesesteaks are better than any I've ever had in NYC.  I prefer the Margherita pizza or something with meat on it.  The plain cheese pizza well done is what we usually get.  I think they deliver on weekends as well.  The price is right on this pizza as well.    The people who work their are pretty friendly and they generally offer some garlic knots.,pizza,FOOD#QUALITY,positive,false,cheesesteaks,FOOD#QUALITY,positive,false,yelp,pizza,FOOD#PRICES,positive,false,people,SERVICE#GENERAL,positive,false,garlic knots,FOOD#STYLE_OPTIONS,positive,false,,,,,,,,,,,,,,,,,,,,,,,,,,,,,,,,
label,C1Raue3tkmHln0drWhLNfA,3,"Clean and fun, but major loss of points when they stopped letting you bring drinks onto the dance floor. Some of us need a little liquid rhythm.  I like the new outdoor patio-- its a little better for conversation than inside.",dance floor,AMBIENCE#GENERAL,negative,false,,DRINKS#STYLE_OPTIONS,negative,true,yelp,outdoor patio,AMBIENCE#GENERAL,positive,false,,,,,,,,,,,,,,,,,,,,,,,,,,,,,,,,,,,,,,,,
label,qVU-orwdD0vY2njn3Mm-jw,5,"Without a doubt Jimboy's has the best ground beef deep fried tacos in all of Reno.  The are pack full of beef and cheese and talk about a crisp crunch when you bit into them!  Just amazing......   For under $6 you can get two good size tacos and a drink, it's a great lunch value!!!!!!!!!",ground beef deep fried tacos,FOOD#QUALITY,positive,false,tacos and a drink,FOOD#PRICES,positive,false,yelp,tacos and a drink,DRINKS#PRICES,positive,false,,,,,,,,,,,,,,,,,,,,,,,,,,,,,,,,,,,,,,,,
label,lXGNW4Wg_ibUDa9Um98GCg,1,"Ok, you know that smell of wet dog, thats how the wings taste. Most of my family had burgers and all of them were dry and not good.",wings,FOOD#QUALITY,negative,false,burgers,FOOD#QUALITY,negative,false,yelp,,,,,,,,,,,,,,,,,,,,,,,,,,,,,,,,,,,,,,,,,,,,
label,XHBLM-wUZORthSxauhqusw,2,The regular pizza wasn't hot-n-ready we would've needed to wait 15-20min for 1 pizza that's crazy for a place that offers hot-n-ready pizza,pizza,FOOD#QUALITY,negative,false,,SERVICE#GENERAL,negative,true,yelp,,,,,,,,,,,,,,,,,,,,,,,,,,,,,,,,,,,,,,,,,,,,
label,JJTjHYMvWtTh7dTmjGDqOQ,2,"Nope. Terrible service, terrible food. This is the second time we've made the mistake of going here because I meant to call it into the GOOD thai restaurant 30 seconds down the street but called this one by accident. They forgot the main part of our takeout order and didn't even apologize when I called. Most of the vegetables in my soup were rotting. Never coming back.",service,SERVICE#GENERAL,negative,false,food,FOOD#QUALITY,negative,false,yelp,,SERVICE#GENERAL,negative,true,vegetables,FOOD#QUALITY,negative,false,,,,,,,,,,,,,,,,,,,,,,,,,,,,,,,,,,,,
label,DKMm70EeF-f2W8YKp48rLg,1,"NOT HAVE AGAIN: The meat burrito was terrible! Not a lot of meet and it tasted so bad, I only ate half of it. Plus, at $2.69 the burrito was way overpriced for its size - should have been no more than half the price; but, even then I would not order it again.",meat burrito,FOOD#QUALITY,negative,false,burrito,FOOD#PRICES,negative,false,yelp,,,,,,,,,,,,,,,,,,,,,,,,,,,,,,,,,,,,,,,,,,,,
label,aVqiuGjk7CwM4HCaCVdpHA,1,"Ordered a sandwich on one ticket my boyfriend ordered a sandwich on Another they gave us two of the sane sandwiches, which were very spicey which I cannot handle, just don't understand how this could be difficult.",sandwich,FOOD#QUALITY,negative,false,,,,,yelp,,,,,,,,,,,,,,,,,,,,,,,,,,,,,,,,,,,,,,,,,,,,
label,zUE0viIQL-LeW23C1fRKPw,2,"Stopped by to try their ""Food Network approved"" creole seafood gumbo. Don't do it - it's extremely fishy and flavorless. Also tried the Cajun Dirty Rice which had almost no flavor despite being a nice shade of dark brown. Walk past here and go to one of the many other shops in the French Market.",creole seafood gumbo,FOOD#QUALITY,negative,false,Cajun Dirty Rice,FOOD#QUALITY,negative,false,yelp,,,,,,,,,,,,,,,,,,,,,,,,,,,,,,,,,,,,,,,,,,,,
label,XvUsocLc6X6xbWDALcdrXw,4,"Love the flavors and attention to detail, but the parking situation is confusing and prices are a bit high for street tacos.",flavors,FOOD#QUALITY,positive,false,prices,FOOD#PRICES,negative,false,yelp,,,,,,,,,,,,,,,,,,,,,,,,,,,,,,,,,,,,,,,,,,,,
label,2cwFTbKqoZwx85JTNga34w,5,"The first time I went to this place was yesterday!! I've lived in NOLA all my life and feel guilty that I have never come across. The food was delicious, especially the shrimp and grits. A++!!!",food,FOOD#QUALITY,positive,false,shrimp and grits,FOOD#QUALITY,positive,false,yelp,,,,,,,,,,,,,,,,,,,,,,,,,,,,,,,,,,,,,,,,,,,,
label,wjt8C8Yz6RJDccP4SclaFg,1,We never bothered going because the staff was so rude when we called to ask a few questions that we wound up hanging up on them.,staff,SERVICE#GENERAL,negative,false,,,,,yelp,,,,,,,,,,,,,,,,,,,,,,,,,,,,,,,,,,,,,,,,,,,,
label,g8AqWdSETIL6jqpfKg-ppg,5,"Have ordered take out from here twice. This is one of the two best Indian restaurants I've been to in Bucks County (the other being Cafe Bombay in Bristol) -- everything tastes fresh, and you can taste the ingredients (as compared with so many places where the meals basically just have one note). Highly recommend this place.",everything,FOOD#QUALITY,positive,false,place,RESTAURANT#GENERAL,positive,false,yelp,,,,,,,,,,,,,,,,,,,,,,,,,,,,,,,,,,,,,,,,,,,,
label,JsGKW6_aeDoM13DaaG3HMw,5,Michael who took my phone order and greeted me was very polite and professional! That's hard to find- great customer service! Good job whoever hired him!,customer service,SERVICE#GENERAL,positive,false,,,,,yelp,,,,,,,,,,,,,,,,,,,,,,,,,,,,,,,,,,,,,,,,,,,,
label,OlaSUt3bA66VcCbVHhR0oA,5,Best place for salads! I go there every time I'm in town for lunch. It's fast and veggies are always fresh.,salads,FOOD#QUALITY,positive,false,,SERVICE#GENERAL,positive,true,yelp,veggies,FOOD#QUALITY,positive,false,,,,,,,,,,,,,,,,,,,,,,,,,,,,,,,,,,,,,,,,
label,ytkIyWc7SUMmNSSHup9Frg,1,"This use to be one of my favorite places for livers & gizzards, But now their food is too too too salty. It's like are you trying to give people high blood pressure with all that salt. Maybe corporate can initiate some changes.",livers & gizzards,FOOD#STYLE_OPTIONS,positive,false,food,FOOD#QUALITY,negative,false,yelp,,,,,,,,,,,,,,,,,,,,,,,,,,,,,,,,,,,,,,,,,,,,
label,g7VNSvmlfwaz9tA0h6w4BQ,1,The food was terrible! the sushi had no flavor. Beef was soo dry.  Potato salad was nothing close to a salad. Food was not good at all.,food,FOOD#QUALITY,negative,false,sushi,FOOD#QUALITY,negative,false,yelp,Beef,FOOD#QUALITY,negative,false,Potato salad,FOOD#QUALITY,negative,false,Food,FOOD#QUALITY,negative,false,,,,,,,,,,,,,,,,,,,,,,,,,,,,,,,,
label,mHk9V1We4S_B0ypJtizOIQ,1,"We bought a Groupon for 2 beer flights recently. My Fiance and I went in and went up to the bartender, who was looking at his phone. It seemed inconvenient for him to look up, when I told him we had the groupon we would like to use, he said ""You look like Groupon people"". Without a smile or a joking attitude at all. He meant this as an insult. I'm still not sure why we didn't leave right then and there, but we will never go back. I don't care if their beer is good or not I've never had anyone be so rude to me as a customer.",bartender,SERVICE#GENERAL,negative,false,,,,,yelp,,,,,,,,,,,,,,,,,,,,,,,,,,,,,,,,,,,,,,,,,,,,
label,86XFsMkFMxNpWT2B9bUwpA,4,"Their sushi is on par with others in the area like Sushi Ninja and Sushi Maru. I always get either the Volcano, Mexican, or Yummy rolls. Can't go wrong with these choices!",sushi,FOOD#QUALITY,neutral,false,"Volcano, Mexican, or Yummy rolls",FOOD#STYLE_OPTIONS,positive,false,yelp,,,,,,,,,,,,,,,,,,,,,,,,,,,,,,,,,,,,,,,,,,,,
label,X8DAPs6mw4pvIwn5G9E85Q,5,Awesome Peruvian food. I have only been there twice but I really enjoyed their tasteful plates. Bistec a la Chorrillana is a must have.,Peruvian food,FOOD#QUALITY,positive,false,plates,FOOD#QUALITY,positive,false,yelp,Bistec a la Chorrillana,FOOD#QUALITY,positive,false,,,,,,,,,,,,,,,,,,,,,,,,,,,,,,,,,,,,,,,,
label,JBwzK15fZqbRoqPtcfI1vw,1,"Guy at the counter was rude, the place was filthy, and all around horrible! Would/will not recommend this place at all!",Guy at the counter,SERVICE#GENERAL,negative,false,place,AMBIENCE#GENERAL,negative,false,yelp,,RESTAURANT#GENERAL,negative,true,,,,,,,,,,,,,,,,,,,,,,,,,,,,,,,,,,,,,,,,
label,eDE-1bu3v-sumc0RHsLbiw,2,Not that great. We went for breakfast. The drinks were fantastic but the food....not so much. Everything we have had in new Orleans has been fantastic up until this place. Don't go here.  There are so many othet better places.,drinks,DRINKS#QUALITY,positive,false,food,FOOD#QUALITY,negative,false,yelp,,RESTAURANT#GENERAL,negative,true,,,,,,,,,,,,,,,,,,,,,,,,,,,,,,,,,,,,,,,,
label,ByTd1bogF-j58HCZpP6yNQ,5,My girlfriend and I decided to give this place a try. We got cornbeef special hoagies and fried pickles. Was very delicious and we will be ordering again for sure. Delivery was quick as well.,cornbeef special hoagies and fried pickles,FOOD#QUALITY,positive,false,Delivery,SERVICE#GENERAL,positive,false,yelp,,,,,,,,,,,,,,,,,,,,,,,,,,,,,,,,,,,,,,,,,,,,
label,LW2Mj6oioboP8CVMkcMVow,4,Up  and  on  the  way  to  becoming  an  Island  must ! Surrounded by Plenty  of  tough  competition ! They're  finding  their  way to  consistency  in building  a fantastic  addition  to  the  local's  hearts !,,RESTAURANT#GENERAL,positive,true,,,,,yelp,,,,,,,,,,,,,,,,,,,,,,,,,,,,,,,,,,,,,,,,,,,,
label,bdRtaCM9ic1i6rLhxKLGxA,1,I could make a jacks pizza taste better than their pizza with little effort.  We ordered two pizzas both horrible. Taste like cheap ingredients. Shouldn't be around long.,pizzas,FOOD#QUALITY,negative,false,,RESTAURANT#GENERAL,negative,true,yelp,,,,,,,,,,,,,,,,,,,,,,,,,,,,,,,,,,,,,,,,,,,,
label,6zMiROh1Ah0kpX_6LVWnJA,1,Waited 15 minutes for someone to acknowledge us. Walked out and still ignored! Don't go here if you are planning on eating.,,SERVICE#GENERAL,negative,true,,RESTAURANT#GENERAL,negative,true,yelp,,,,,,,,,,,,,,,,,,,,,,,,,,,,,,,,,,,,,,,,,,,,
label,UthwlU5_UWV-uMHFrRnmag,1,They lie about how long orders will take. Big time. I have never met more incompetent/inconsiderate staff in my life.,,SERVICE#GENERAL,negative,true,,,,,yelp,,,,,,,,,,,,,,,,,,,,,,,,,,,,,,,,,,,,,,,,,,,,
label,qsjMCjaEW9UWyzAw4ujWcw,5,I finally got to try them. Wow..they did a great job with the remodle. I loved the mushroom cheese steak,remodle,AMBIENCE#GENERAL,positive,false,mushroom cheese steak,FOOD#QUALITY,positive,false,yelp,,,,,,,,,,,,,,,,,,,,,,,,,,,,,,,,,,,,,,,,,,,,
label,cINASoUyZbUcmat0TloJag,5,This is the best location EVER. The donuts are made to order I believe after 5pm. They are always super hot you can barely eat them . Even the next day they are delicious.,location,LOCATION#GENERAL,positive,false,donuts,FOOD#QUALITY,positive,false,yelp,,,,,,,,,,,,,,,,,,,,,,,,,,,,,,,,,,,,,,,,,,,,
label,_mGSHxQ464BkgCJT84lOQQ,2,"Overpriced food for what they served you!  We had stuffed chicken ( their signature dish), dry and not much flavor! Price for the food, didn't match the quality. The only thing we were impressed about was our server Micheal B. He was excellent, he was always on top of things!!!",food,FOOD#PRICES,negative,false,stuffed chicken,FOOD#QUALITY,negative,false,yelp,price,FOOD#PRICES,negative,false,server,SERVICE#GENERAL,positive,false,,,,,,,,,,,,,,,,,,,,,,,,,,,,,,,,,,,,
label,IsOefCaf_gjd_HhldBTGZQ,1,"When I ordered delivery tonight, it gave me a 35-45 minute delivery time. The pizza arrived 70 minutes later. The pizza was cold and looked terrible.",delivery time,SERVICE#GENERAL,negative,false,pizza,FOOD#QUALITY,negative,false,yelp,,,,,,,,,,,,,,,,,,,,,,,,,,,,,,,,,,,,,,,,,,,,
label,xLw0jHUgNRNRl3vvtC808g,4,"Best coffee in philadelphia located in a no-frills cafe. In fact, there isn't even a menu. A small selection of pastries and caffeinated drinks. But definitely come here for the coffee, smooth and well-priced.",coffee,DRINKS#QUALITY,positive,false,coffee,DRINKS#PRICES,positive,false,yelp,,,,,,,,,,,,,,,,,,,,,,,,,,,,,,,,,,,,,,,,,,,,
label,_QI_2ySXh_clz_oMpaTq_w,3,This local dive would get 5 stars for menu and Sunday football if they didn't let losers smoke cigars inside.,menu,FOOD#STYLE_OPTIONS,positive,false,smoke cigars,AMBIENCE#GENERAL,negative,false,yelp,,,,,,,,,,,,,,,,,,,,,,,,,,,,,,,,,,,,,,,,,,,,
label,O3hIqjdXCr0QO06TmpRoDQ,4,Watermelon pickles were amazing and the wedge was done well with great ranch dressing and juicy plump partly sun dried tomatoes,Watermelon pickles,FOOD#QUALITY,positive,false,wedge,FOOD#QUALITY,positive,false,yelp,ranch dressing,FOOD#QUALITY,positive,false,sun dried tomatoes,FOOD#QUALITY,positive,false,,,,,,,,,,,,,,,,,,,,,,,,,,,,,,,,,,,,
label,BsqZBL9_KXv-9HFvamDYBg,1,"Worst service I've ever received from a starbucks. They had four employees ""working"" while most of them were standing around while there's was eight people waiting for there drinks. The manager on duty or supervisor didn't seem to have any sense of urgency on getting the drinks made  and neither did the employees. Terrible experience and even worse service",service,SERVICE#GENERAL,negative,false,experience,RESTAURANT#GENERAL,negative,false,yelp,,,,,,,,,,,,,,,,,,,,,,,,,,,,,,,,,,,,,,,,,,,,
label,WEcDdqAyZFOwe5-0ce9HiQ,3,I came here with my Peruvian girlfriend. I have been to a Peruvian restaurant in New York with her. and it was delicious. So I figured I'd give it a shot again .I ordered the half chicken cilantro meal and my sides .it was very good very tasty and a lot of food. however I felt as if I was being somehow overlooked by the wait  staff .personally. I don't know its just that when you're looking at someone in the eyes and asking them to come over and they turn around and do something else its just like they are ignoring .so I don't know maybe it's just me. but the food is excellent,half chicken cilantro meal,FOOD#QUALITY,positive,false,food,FOOD#QUALITY,positive,false,yelp,wait staff,SERVICE#GENERAL,negative,false,,,,,,,,,,,,,,,,,,,,,,,,,,,,,,,,,,,,,,,,
label,b1qcnKFc-T0GfQpR-9KzOw,3,"The good: plush beds, huge flat screen tv, nice toiletries and great location. Very nice staff.  The bad: The hotel was under renovation, so there was construction outside and tarps making a nice courtyard look like a junkyard. We got stuck in the 3rd world country wing ( i think bc we got a cheap rate) where the air system was loud and obnoxious, and the wifi was broken. We had to take an elevator then a stair case to our room. The breakfast everyone raves about is quite mediocre compared to a spread places like the Intercontinental and other upscale hotels put together.",location,LOCATION#GENERAL,positive,false,staff,SERVICE#GENERAL,positive,false,yelp,construction,AMBIENCE#GENERAL,negative,false,air system,AMBIENCE#GENERAL,negative,false,wifi,SERVICE#GENERAL,negative,false,breakfast,FOOD#QUALITY,negative,false,,,,,,,,,,,,,,,,,,,,,,,,,,,,
label,GK5JEpizD-nDGXsJUYVLTg,4,The court house is very old and the art is great. The spiral staircase is funny. One can get view of entire city from 5th level. The tower clock room is really surprising with all mechanical gears inside!! You need a prior appointment to get into clock room. Worth spending 2 to 3 hours of time here.,art,AMBIENCE#GENERAL,positive,false,view,AMBIENCE#GENERAL,positive,false,yelp,clock room,AMBIENCE#GENERAL,positive,false,,,,,,,,,,,,,,,,,,,,,,,,,,,,,,,,,,,,,,,,
label,m1DQNVfu6IqjANiP-W3d6g,4,"The great customer service that you get here, you won't find in another to-go Asian/Thai restaurant. I enjoyed the food! The curry had great flavor and consistency. The shrimp fried rice does not look appealing but it is flavorful and fluffy. I dropped it down to 4 stars because I paid an additional $2.00 for extra egg and it was NOT extra egg. I also called in my order and received a 30 minute wait time. Total wait time was an hour. With all that being said, the ladies won me over with their passion to serve those waiting and making sure each customer was happy!",customer service,SERVICE#GENERAL,positive,false,food,FOOD#QUALITY,positive,false,yelp,curry,FOOD#QUALITY,positive,false,shrimp fried rice,FOOD#QUALITY,negative,false,shrimp fried rice,FOOD#QUALITY,positive,false,extra egg,FOOD#PRICES,negative,false,wait time,SERVICE#GENERAL,negative,false,ladies,SERVICE#GENERAL,positive,false,,,,,,,,,,,,,,,,,,,,
label,UwK26xR14V-Fw5PBQuSjGA,2,"I like their food but I have them rated at two stars because of their delivery service. Right now ""Uber Eats"" and ""EAT24"" are the only ones you can order through.   ""Uber Eats"" never delivers directly to my house and I have to direct the driver and ""EAT24"" only shows a catering option. I've called ""The Hut"" but they haven't fixed the problem.  As a business, they should monitor the apps there customers use. Ordering food for delivery is an annoying process.",food,FOOD#QUALITY,positive,false,delivery service,SERVICE#GENERAL,negative,false,yelp,Uber Eats,SERVICE#GENERAL,negative,false,EAT24,SERVICE#GENERAL,negative,false,,SERVICE#GENERAL,negative,true,,,,,,,,,,,,,,,,,,,,,,,,,,,,,,,,
label,iRMFvUB67el1rp1uwaaJ8Q,2,First visit in 10 years and won't be going back. Poor quality food prepared with no skill. Sweet/ sour pork was almost inedible from greasy tempura coating.  Pork fried rice a waste of money.  The store is depressing to visit and looks like it does little visit. Off in search of another Chinese restaurant.,food,FOOD#QUALITY,negative,false,Sweet/ sour pork,FOOD#QUALITY,negative,false,yelp,Pork fried rice,FOOD#PRICES,negative,false,store,AMBIENCE#GENERAL,negative,false,,RESTAURANT#GENERAL,negative,true,,,,,,,,,,,,,,,,,,,,,,,,,,,,,,,,
label,8bZmzYSB_nRPepV5xZtOfg,4,"Italian food is one of my favorite types of food I love to eat.  So of course I am a fan of Olive Garden chan restaurants!! This particular Olive Garden is in a great location and is always busy.  However, even though it is always busy the service, and drinks are always on point.  My girls and I love to go there for their amazing sangrias.  The food is just like all the others... yummy and fast.",Italian food,FOOD#QUALITY,positive,false,location,LOCATION#GENERAL,positive,false,yelp,service,SERVICE#GENERAL,positive,false,drinks,DRINKS#QUALITY,positive,false,sangrias,DRINKS#QUALITY,positive,false,food,FOOD#QUALITY,positive,false,,,,,,,,,,,,,,,,,,,,,,,,,,,,
label,hll3PKZbMbu2W7uFbF8ezQ,2,Beautiful place. Excellent food. I only gave it a 2 because they gouge you on the drinks. My manhattan was $16. A very small glass of house wine was $11.50. There is no justification for that. We eat out often in good restaurants. This is the only place that gouges you on the drinks. I got the halibut. It was delicious but quite small with nothing on the side.,place,RESTAURANT#GENERAL,positive,false,food,FOOD#QUALITY,positive,false,yelp,drinks,DRINKS#PRICES,negative,false,manhattan,DRINKS#PRICES,negative,false,house wine,DRINKS#PRICES,negative,false,halibut,FOOD#QUALITY,positive,false,,,,,,,,,,,,,,,,,,,,,,,,,,,,
label,v6VFMJjeIok0Pj_5h3KWEw,4,"My favorite Reno lunch spot and has been for years.  Love their sandwiches and salads.  Deserts amazing too.  Nice ambiance.  Owner a doll.  The ONLY thing I dislike, and don't understand, is how bad the service is!  Waitresses are always SO slow!  I typically have to go track one down to take order...annoying.  (Albeit they are  friendly)",spot,RESTAURANT#GENERAL,positive,false,sandwiches,FOOD#QUALITY,positive,false,yelp,salads,FOOD#QUALITY,positive,false,Deserts,FOOD#QUALITY,positive,false,ambiance,AMBIENCE#GENERAL,positive,false,service,SERVICE#GENERAL,negative,false,,SERVICE#GENERAL,positive,true,,,,,,,,,,,,,,,,,,,,,,,,
label,gnH6VQgZDrTgPA5_gmQWMQ,2,"We  have given up.  Served dirty wine glasses more than once.  Find out the keg is kicked after you order and wait for the beer.  The burgers at better at the burger chains, juicer and they never seem to cook to the right temp.  Management needs to step it up.",wine glasses,SERVICE#GENERAL,negative,false,beer,SERVICE#GENERAL,negative,false,yelp,burgers,FOOD#QUALITY,negative,false,Management,RESTAURANT#MISCELLANEOUS,negative,false,,,,,,,,,,,,,,,,,,,,,,,,,,,,,,,,,,,,
label,FqEB0pqqlJ4o8XlmjG1UZg,4,"Delicious bagels. It's a bagel shop so I'm not looking for pancakes, bacon, sausage or eggs. If you want a breakfast platter, go elsewhere. If you want good bagels with butter, cream cheese or plain...this is your spot. Cinnamon raisin and everything bagels are really good!",bagels,FOOD#QUALITY,positive,false,breakfast platter,FOOD#STYLE_OPTIONS,negative,false,yelp,"bagels with butter, cream cheese or plain",FOOD#STYLE_OPTIONS,positive,false,Cinnamon raisin bagels,FOOD#QUALITY,positive,false,everything bagels,FOOD#QUALITY,positive,false,spot,RESTAURANT#GENERAL,positive,false,,,,,,,,,,,,,,,,,,,,,,,,,,,,
label,sKdPo0Je5C_pVaCUknnMFg,3,"Tucked on 76 Ave is a small cozy cafe, usually filled with local students because there aren't too many parking spots. The prices at this cafe are a bit higher than that of Remedy, and the seating arrangements are tight. There are large comfy seats and more table seating. It is convenient and quite accessible to the neighborhood, although higher prices will incur. Ambient noise would be higher due to the smaller space.  Mosaic cafe is very similar, however space and table seating are also an issue.",prices,RESTAURANT#PRICES,negative,false,seating arrangements,AMBIENCE#GENERAL,negative,false,yelp,large comfy seats,AMBIENCE#GENERAL,positive,false,convenient,LOCATION#GENERAL,positive,false,Ambient noise,AMBIENCE#GENERAL,negative,false,space,AMBIENCE#GENERAL,negative,false,cozy,AMBIENCE#GENERAL,positive,false,,,,,,,,,,,,,,,,,,,,,,,,
label,d1RzymGrO5mJ4Hh4aLzBqA,4,"I love this place. Love the Dan Dan noodles, the scallion pancake, the three cup chicken, and all the dumplings. It's delicious, the service is good, and the food is not as agonisingly spicy as some reviews say. It reminds me of all the old Szechuan places on Spadina in Toronto, except marginally better and more upscale. Good, interesting cocktails too.",place,RESTAURANT#GENERAL,positive,false,Dan Dan noodles,FOOD#QUALITY,positive,false,yelp,scallion pancake,FOOD#QUALITY,positive,false,three cup chicken,FOOD#QUALITY,positive,false,dumplings,FOOD#QUALITY,positive,false,service,SERVICE#GENERAL,positive,false,food,FOOD#STYLE_OPTIONS,positive,false,upscale,AMBIENCE#GENERAL,positive,false,cocktails,DRINKS#QUALITY,positive,false,,,,,,,,,,,,,,,,
label,-6zWMUeDjZur9I4CBY3BbA,5,"There's not much to say except that this place is magical.  Awesome candies! Pralines made on the spot.. great fudge and a cool building.. enter on Decatur, exit on Peter's.  They are so friendly you can taste your way right through the shop. So we did.  We also bought too much. Which we ate... and then wished we had more.  A worthwhile side trip, it kind of made our day!",place,RESTAURANT#GENERAL,positive,false,candies,FOOD#QUALITY,positive,false,yelp,Pralines,FOOD#STYLE_OPTIONS,positive,false,fudge,FOOD#QUALITY,positive,false,building,AMBIENCE#GENERAL,positive,false,,SERVICE#GENERAL,positive,true,,,,,,,,,,,,,,,,,,,,,,,,,,,,
label,NSP2tmI4KerXB1FfiImfMw,5,"What a great place for breakfast!! Healthy options that are yummy, other options that LOOK yummy!! We love the atmosphere, service and food.",place,RESTAURANT#GENERAL,positive,false,options,FOOD#STYLE_OPTIONS,positive,false,yelp,atmosphere,AMBIENCE#GENERAL,positive,false,service,SERVICE#GENERAL,positive,false,food,FOOD#QUALITY,positive,false,,,,,,,,,,,,,,,,,,,,,,,,,,,,,,,,
label,XWs3JW2wboGq_aIUk81Pzw,4,"The pizza was the best we've had in the Fairmount/Art Museum/Brewerytown area and we've probably tried 5 or so.  The pepperoni was a little crispy (good thing) and the wings were, too.  That last one is really surprising since there are so many soggy wings out there.  Lazos does it right.  They gave me Sprite instead of Coke but otherwise this was a very good pizza+wing combo.  Will order again!",pizza,FOOD#QUALITY,positive,false,pepperoni,FOOD#QUALITY,positive,false,yelp,wings,FOOD#QUALITY,positive,false,,RESTAURANT#GENERAL,positive,true,,,,,,,,,,,,,,,,,,,,,,,,,,,,,,,,,,,,
label,mq5TYgyTE2B0-Uql2BvHKQ,3,Great coconut curry chicken. One of the best. The only thing is when you order a whole chicken you would figure you would get 2 wings 2 legs 2 Brest 2 thighs not here we got a piece of a Brest no wings 1 leg and a thigh. It was good but they should tell you what there definition of a whole chicken and half chicken is. Now knowing that I would go again. Cause it is great coconut curry.,coconut curry chicken,FOOD#QUALITY,positive,false,whole chicken,FOOD#QUALITY,negative,false,yelp,,RESTAURANT#GENERAL,positive,true,,,,,,,,,,,,,,,,,,,,,,,,,,,,,,,,,,,,,,,,
label,8qOaEH5Z6ybt7aVB8Liejw,3,We got seated right away for lunch today.  And then we waited.   And waited. The table across from us even asked if we were still waiting for a server. Finally came over to apologize for the delay.  The food was really good. Each had a flight of beer. Very good. Prices are nice with the lunch special.  Would eat here again,seated,SERVICE#GENERAL,positive,false,waiting,SERVICE#GENERAL,negative,false,yelp,food,FOOD#QUALITY,positive,false,beer,DRINKS#QUALITY,positive,false,Prices,RESTAURANT#PRICES,positive,false,here,RESTAURANT#GENERAL,positive,false,,,,,,,,,,,,,,,,,,,,,,,,,,,,
label,r7iPbxTraBWGVp57Qwya-w,2,i've been to dickey's in at least three locations in other cities. usually its great and i enjoy the meats and the sides.  great weekly specials.  i was totally disappointed with this trip in new orleans.  the manager was training the new staff on how to cut meat and serve it up. terrible job.  everybody knows you cut brisket  against the grain and thin. mine was awful and i didn't know until i got back to the hotel.  i have not gone back. great sauces and sides. free ice cream and great desserts. too bad about the brisket. i love the ribs so i may try it again.,it,RESTAURANT#GENERAL,positive,false,meats,FOOD#QUALITY,positive,false,yelp,sides,FOOD#QUALITY,positive,false,weekly specials,FOOD#STYLE_OPTIONS,positive,false,trip,RESTAURANT#GENERAL,negative,false,manager,SERVICE#GENERAL,negative,false,brisket,FOOD#QUALITY,negative,false,sauces,FOOD#QUALITY,positive,false,ice cream,FOOD#PRICES,positive,false,desserts,FOOD#QUALITY,positive,false,ribs,FOOD#QUALITY,positive,false,,,,,,,,
label,QeIn9B9gcO6-tQraHkaP-Q,1,"Over priced drinks, mixing 4 or 5 different liquors and adding juice should NOT cost 15.00, and its not top shelf liquor either.  2 crab clusters and 2 pieces of corn should NOT cost 25.00! It's a shame since I live right up the street, I keep trying to give this place a chance, but every time I leave disappointed. I'm not even going to speak on the horrible parking. ..this place sucks ass !",drinks,DRINKS#PRICES,negative,false,liquor,DRINKS#QUALITY,negative,false,yelp,crab clusters,FOOD#PRICES,negative,false,corn,FOOD#PRICES,negative,false,place,RESTAURANT#GENERAL,negative,false,parking,LOCATION#GENERAL,negative,false,,,,,,,,,,,,,,,,,,,,,,,,,,,,
label,_mtAWcrtGkJzylWVcN5Gpg,2,Food was good but service was poor. Very unorganized and not handling crowd well. Not enough seating outside and indoor temperature is  too cold. Condensation from air vents kept dripping in me. Lemonade tasted like a cool aide mix.. Surprised people were not enjoying the beach chairs un the sand.,Food,FOOD#QUALITY,positive,false,service,SERVICE#GENERAL,negative,false,yelp,,SERVICE#GENERAL,negative,true,seating,AMBIENCE#GENERAL,negative,false,temperature,AMBIENCE#GENERAL,negative,false,air vents,AMBIENCE#GENERAL,negative,false,Lemonade,DRINKS#QUALITY,negative,false,beach chairs,AMBIENCE#GENERAL,negative,false,,,,,,,,,,,,,,,,,,,,
label,Fqf68S84OrseV_TdJIy9ow,1,This is place is great for bad Thai. Not sure what these reviews are about. I ordered a simple clear noodle dish - that was bad. My husband ordered a fried rice dish and the rice was mush. All ingredients including the mushrooms and carrots were canned or frozen. If you want bad Thai come here! I will not come back here even if they paid me to eat here. The worst Thai I ever had.,noodle dish,FOOD#QUALITY,negative,false,fried rice dish,FOOD#QUALITY,negative,false,yelp,ingredients,FOOD#QUALITY,negative,false,place,RESTAURANT#GENERAL,negative,false,,,,,,,,,,,,,,,,,,,,,,,,,,,,,,,,,,,,
label,lSQHJzpsQu-T9bQFPa5dXw,2,The  place is so dark hard to see the menu to start off with. The food is fair not really all the tasty. Waiterss we're a bit slow and the place was not even busy.,place,AMBIENCE#GENERAL,negative,false,food,FOOD#QUALITY,neutral,false,yelp,Waiterss,SERVICE#GENERAL,negative,false,,,,,,,,,,,,,,,,,,,,,,,,,,,,,,,,,,,,,,,,
label,Jh8zoiKX8prVpzFqBWxxnA,1,The donair meat was very cheap tasting....like it came out of a can or something gross.   The place looks run down.  We won't be back.  People who think this is the best donair have lived a very sheltered life in the land of donairs!  This is probably one of my worst ones!,donair meat,FOOD#QUALITY,negative,false,place,AMBIENCE#GENERAL,negative,false,yelp,,RESTAURANT#GENERAL,negative,true,,,,,,,,,,,,,,,,,,,,,,,,,,,,,,,,,,,,,,,,
label,Ak94oMI25qcaCDwfzPpANg,5,Excellent quality sushi. The sashimi and nigiri are fresh and generous in size.  Top notch sushi with limited roll options. A must go to place if you are a true sushi lover,sushi,FOOD#QUALITY,positive,false,sashimi and nigiri,FOOD#QUALITY,positive,false,yelp,roll options,FOOD#STYLE_OPTIONS,negative,false,place,RESTAURANT#GENERAL,positive,false,,,,,,,,,,,,,,,,,,,,,,,,,,,,,,,,,,,,
label,pnitSpvWhpscUxv303T6kw,4,"All over good food. Not super fancy, but I have never had something there that I did not like.   Recommended items:   Marathon Burger Basil Lemonade (alcoholic) Dark and Stormy (alcoholic) Vegetarian Chili (awesome!!) Fire-roasted salsa Crispy Buffalo Chicken Sandwich Southwest Salad  Great place to get a decently priced meal and is easy to get into any day of the week.",food,FOOD#QUALITY,positive,false,,AMBIENCE#GENERAL,negative,true,yelp,,FOOD#QUALITY,positive,true,Marathon Burger,FOOD#QUALITY,positive,false,Basil Lemonade,DRINKS#QUALITY,positive,false,Dark and Stormy,DRINKS#QUALITY,positive,false,Vegetarian Chili,FOOD#QUALITY,positive,false,Fire-roasted salsa,FOOD#QUALITY,positive,false,Crispy Buffalo Chicken Sandwich,FOOD#QUALITY,positive,false,Southwest Salad,FOOD#QUALITY,positive,false,place,RESTAURANT#GENERAL,positive,false,meal,FOOD#PRICES,positive,false,,SERVICE#GENERAL,positive,true
label,95L-Xoqd-VdnuegSkRPBbA,3,"Hating waiting but finally enjoying. What a bet for a train station. But it sounds like it works on the outdoor plaza, while sun is hanging out with some places to rest and nap. Good bye kiss By Philly",,SERVICE#GENERAL,negative,true,outdoor plaza,AMBIENCE#GENERAL,positive,false,yelp,,,,,,,,,,,,,,,,,,,,,,,,,,,,,,,,,,,,,,,,,,,,
label,55FySvhm2uULKPq2Ybeyow,1,"Absolutely the worst meal I've had in a very long time. Everything was super greasy, salad was old and wilted and I spent more time picking out the rotten pieces of lettuce than I did attempting to eat it. The ranch dressing, honey mustard and ""roadhouse"" dipping sauce were all disgusting. The fries and chicken tenders were not only greasy but looked and tasted like someone's leftover lunch from yesterday that they over cooked in a microwave.  Again, worst meal ever!",meal,FOOD#QUALITY,negative,false,salad,FOOD#QUALITY,negative,false,yelp,ranch dressing,FOOD#QUALITY,negative,false,honey mustard,FOOD#QUALITY,negative,false,"""roadhouse"" dipping sauce",FOOD#QUALITY,negative,false,fries,FOOD#QUALITY,negative,false,chicken tenders,FOOD#QUALITY,negative,false,,,,,,,,,,,,,,,,,,,,,,,,
label,fMo5paIr56SVwrdBb-JMtQ,4,"Hankering big time for some all-can-eat sushi, we struck out for Saki Endless Sushi. Saki, a converted UPS Store was tucked away on Gulf to Bay Boulevard. What a delightful surprise. The rolls were beautifully prepared and the fish super fresh. Try the ""Top of the World"" Roll or the ""2 in 1 Crispy"" Roll. Melt in your mouth deliciousness! The Salt and Pepper shrimp was quick fried, hot and oh so good!",Saki,RESTAURANT#GENERAL,positive,false,all-can-eat sushi,FOOD#STYLE_OPTIONS,positive,false,yelp,rolls,FOOD#QUALITY,positive,false,fish,FOOD#QUALITY,positive,false,Top of the World Roll,FOOD#STYLE_OPTIONS,positive,false,2 in 1 Crispy Roll,FOOD#STYLE_OPTIONS,positive,false,Salt and Pepper shrimp,FOOD#QUALITY,positive,false,,,,,,,,,,,,,,,,,,,,,,,,
label,E6K9OJEK1_B2eq26KQJfwQ,4,"Tried it tonight for the first time. Just tried basics to start, chicken in garlic sauce, shrimp fried rice, wonton soup and shrimp rolls..  All was tasty.  My husband thought the shrimp rolls could have used more flavor but I thought they were just fine. This area has needed a good chinese takeout for a long time.  I plan to try it again soon.",shrimp rolls,FOOD#QUALITY,negative,false,,FOOD#QUALITY,positive,true,yelp,chinese takeout,FOOD#STYLE_OPTIONS,positive,false,,,,,,,,,,,,,,,,,,,,,,,,,,,,,,,,,,,,,,,,
label,E8yWbfyadrnssLFlWra-0w,3,"Quite a busy place - you can drive into the pier and park at the restaurant - 90 mins free with validation. The Cioppino, which comes in a bread bowl is good but unfortunately is a bit scarce with the fish. My wife enjoyed the Shrimp Tacos. Try to get a seat at one of the 4 tables outside...",park,LOCATION#GENERAL,positive,false,Cioppino,FOOD#QUALITY,positive,false,yelp,Cioppino,FOOD#QUALITY,negative,false,Shrimp Tacos,FOOD#QUALITY,positive,false,,,,,,,,,,,,,,,,,,,,,,,,,,,,,,,,,,,,
label,oWTXgG0ANgdQ9mjhqeab5g,5,"The guy was super nice and attentive and told me what would go good on my white sauce pizza, I listened to him and my pizza was great!! I went with friends and we all got something different and all taste tested each others food and all of it was tasty. Definitely will be going back. We also got the free pesto breadsticks, yum! Their marinara is delicious!!",guy,SERVICE#GENERAL,positive,false,white sauce pizza,FOOD#QUALITY,positive,false,yelp,food,FOOD#QUALITY,positive,false,pesto breadsticks,FOOD#QUALITY,positive,false,marinara,FOOD#QUALITY,positive,false,,RESTAURANT#GENERAL,positive,true,,,,,,,,,,,,,,,,,,,,,,,,,,,,
label,kunaTSstZVXHOcA7FX0acQ,1,"The towel they give you to clean your hands priot to dinner smelled dirty, the staff was very rude and the place itself was not too clean... never going back there ever again.",towel,AMBIENCE#GENERAL,negative,false,staff,SERVICE#GENERAL,negative,false,yelp,place,AMBIENCE#GENERAL,negative,false,,RESTAURANT#GENERAL,negative,true,,,,,,,,,,,,,,,,,,,,,,,,,,,,,,,,,,,,
label,Lo7KGDnkd_50D7mSBhizaw,1,"Food is below average. Waiter is unfriendly.. I asked which dishes are less spicy, he said dismissively: all of them are spicy because Indian food is spicy.. OK, they never brought a chutney tray and we never asked. They constantly were out of naan which wasn't very flavorful. Yeah, that's the last time for us. The decor was colorful. That's what the one star is for.",Food,FOOD#QUALITY,negative,false,Waiter,SERVICE#GENERAL,negative,false,yelp,dishes,FOOD#STYLE_OPTIONS,negative,false,,SERVICE#GENERAL,negative,true,naan,FOOD#QUALITY,negative,false,decor,AMBIENCE#GENERAL,positive,false,,RESTAURANT#GENERAL,negative,true,,,,,,,,,,,,,,,,,,,,,,,,
label,q7VX__unwVfLtlnkp9_P6Q,4,"Hypothetically speaking, if I had to swim in any substance in the volume of an Olympic regulation size pool it would have to be the queso from SatCo.   SatCo doesn't do much well besides the queso. The tacos and setup are a slightly strange blend of Tex-Mex, nothing authentic. But damn do people come far and wide for some chips and queso! The patio is a cool place for a quickie after work or a hot lunch time in the summer. And you can't beat the 80's tunes jiving from the patio speakers! The food is expensive for what you get in variety and flavor so I recommend you go for a snack!",queso,FOOD#QUALITY,positive,false,,RESTAURANT#GENERAL,negative,true,yelp,tacos,FOOD#STYLE_OPTIONS,negative,false,chips,FOOD#QUALITY,positive,false,patio,AMBIENCE#GENERAL,positive,false,80's tunes,AMBIENCE#GENERAL,positive,false,food,FOOD#PRICES,negative,false,,,,,,,,,,,,,,,,,,,,,,,,
label,l16iEA_RAXimrlX7jc6S6g,5,"Pizza was delicious had the meat eaters pizza. The pizza was perfectly proportioned and filled me up and I had to take the rest to go. I will definitely try and persuade the franchise owner to let me open my own blaze pizza in Biloxi, MS. I can imagine I would do a lot of business. God willing....",Pizza,FOOD#QUALITY,positive,false,meat eaters pizza,FOOD#STYLE_OPTIONS,positive,false,yelp,,,,,,,,,,,,,,,,,,,,,,,,,,,,,,,,,,,,,,,,,,,,
label,zU0QY78bNL3etZa_yDU5bg,1,"The pizza was good, however the restaurant was filthy including the bathrooms.  There was a dog in the restaurant that was not a service dog.  Manager was blowing his nose and coughing right by the pizzas and chewing gum.  Disgusting restaurant!",pizza,FOOD#QUALITY,positive,false,restaurant,AMBIENCE#GENERAL,negative,false,yelp,Manager,SERVICE#GENERAL,negative,false,restaurant,RESTAURANT#GENERAL,negative,false,,,,,,,,,,,,,,,,,,,,,,,,,,,,,,,,,,,,
label,EOLmWCD2ifUOQTIGZ3Oy8g,2,"There are a lot of places to grab coffee in Broad Ripple and many of them are warm inviting spaces that make you want to stay. This place really isn't that. It is cramped and has a lot going on. I had a smoothie my first time and a tea my second. Both were just okay. What really gets me are all of the signs that say ""outlets are for paying customers only."" There's just something about which I find off putting about that. Not really a place I want to meet someone.",place,AMBIENCE#GENERAL,negative,false,smoothie,DRINKS#QUALITY,neutral,false,yelp,tea,DRINKS#QUALITY,neutral,false,signs,RESTAURANT#MISCELLANEOUS,negative,false,,,,,,,,,,,,,,,,,,,,,,,,,,,,,,,,,,,,
label,H1jK1QrRdgofQcGOaJmlxQ,1,"I was hoping that the restaurant that replaced Copeland's in this space would be a regular in my rotation of Westbank restaurants. I left extremely disappointed after being overcharged for jambalaya that resembled Zatarain's boxed mix and a gumbo that was underwhelming in flavor. Maybe I went too early, maybe I went on a bad day, but I will not be back until the menu prices drop.",restaurant,RESTAURANT#GENERAL,negative,false,jambalaya,FOOD#PRICES,negative,false,yelp,jambalaya,FOOD#QUALITY,negative,false,gumbo,FOOD#QUALITY,negative,false,menu prices,RESTAURANT#PRICES,negative,false,,,,,,,,,,,,,,,,,,,,,,,,,,,,,,,,
label,PCxW8IqqvCODd9Tr_XFjlQ,5,Becca is an awesome bartender. They have awesome happy hour specials including land shark. The food menu is somewhat limited but the service at the bar is great. We hope they can keep up the business and attract more locals.,bartender,SERVICE#GENERAL,positive,false,happy hour specials,DRINKS#STYLE_OPTIONS,positive,false,yelp,food menu,FOOD#STYLE_OPTIONS,negative,false,service,SERVICE#GENERAL,positive,false,,,,,,,,,,,,,,,,,,,,,,,,,,,,,,,,,,,,
label,ubKub-zRK7lLYtbvt1rBUQ,2,So my wife picked this place and to be honest I wish she had not. The staff was great. The food was a different story. All of the food we had was way to salty. I don't want to be mean so I will sum up this experience as a can miss. Maybe in a few months we will give this place a second chance.,staff,SERVICE#GENERAL,positive,false,food,FOOD#QUALITY,negative,false,yelp,place,RESTAURANT#GENERAL,negative,false,,,,,,,,,,,,,,,,,,,,,,,,,,,,,,,,,,,,,,,,
label,FbMKErwvxFu5mDu_4wisfA,4,"The last time I was here was when I was in high school at the OLD restaurant (if anyone remembers that).  Very nice set up inside, comfy booths, nice staff.  Our pizza took a little longer than anticipated but was tasty, their presentation was the most intriguing.  They slice the pizza in half and place each half on different tiers to bring out to the table.  Have local crafted beers on tap from Mastry's brewing.   Good selection of food.",set up,AMBIENCE#GENERAL,positive,false,booths,AMBIENCE#GENERAL,positive,false,yelp,staff,SERVICE#GENERAL,positive,false,,SERVICE#GENERAL,negative,true,pizza,FOOD#QUALITY,positive,false,presentation,FOOD#STYLE_OPTIONS,positive,false,selection,FOOD#STYLE_OPTIONS,positive,false,,,,,,,,,,,,,,,,,,,,,,,,
label,5wTSHY2LiDFRi9znKAatQQ,4,"Great place, very modern. I like the choices of food items and beverages, it was well thought. Great sitting spaces, the concept is absolutely fantastic, with the clients in mind. You can pick from a very intimate, romantic corner to a more casual stool sitting by the bar area. Not sure about the charm of their live singers, they can be truly annoying if they are singing for a long time, which is usually the case. Heavy metal by the end of the day? That is a ""no-no"", please! Other than that, this is quite an interesting place to meet and relax.",place,RESTAURANT#GENERAL,positive,false,modern,AMBIENCE#GENERAL,positive,false,yelp,choices,FOOD#STYLE_OPTIONS,positive,false,choices,DRINKS#STYLE_OPTIONS,positive,false,sitting spaces,AMBIENCE#GENERAL,positive,false,concept,RESTAURANT#GENERAL,positive,false,corner,AMBIENCE#GENERAL,positive,false,live singers,AMBIENCE#GENERAL,negative,false,heavy metal,AMBIENCE#GENERAL,negative,false,,,,,,,,,,,,,,,,
label,6Uwhtks-8xOVfMOrH-C9hw,2,"This is a decent place to stop at the Lakeside Mall, where pretty much everything besides Bed Bath & Beyond could be described as ""Meh. I've experienced better.""  The stuffed grape leaves are ok and served for a fair price, although they are served cold.  The falafel are fair, but the hummus is as bland as a piece of paper drizzled with olive oil.  Skip that unless you eat it with the salad, which is actually very nicely dressed.",place,RESTAURANT#GENERAL,positive,false,stuffed grape leaves,FOOD#QUALITY,neutral,false,yelp,stuffed grape leaves,FOOD#PRICES,positive,false,stuffed grape leaves,FOOD#QUALITY,negative,false,falafel,FOOD#QUALITY,neutral,false,hummus,FOOD#QUALITY,negative,false,salad,FOOD#QUALITY,positive,false,,,,,,,,,,,,,,,,,,,,,,,,
label,c6eoMSSx3nI_Dr19cIvXXA,5,"Jazz brunch was amazing!   Food - everything we ordered was great! Thanks for all the yelp recommendations. We went with the shrimp and goat cheese crepe, shrimp and andouille sausage omlet, and eggs benedict. We were so stuffed we couldn't bring ourselves to order the bread pudding.   Music - at first we couldn't really hear the music, but to our pleasant surprise, the band moved from room too room and ended up playing right next to our table! The musicians were amazing. Loved all their energy and talent.   Highly recommend!",Jazz brunch,RESTAURANT#GENERAL,positive,false,Food,FOOD#QUALITY,positive,false,yelp,shrimp and goat cheese crepe,FOOD#QUALITY,positive,false,shrimp and andouille sausage omlet,FOOD#QUALITY,positive,false,eggs benedict,FOOD#QUALITY,positive,false,music,AMBIENCE#GENERAL,negative,false,music,AMBIENCE#GENERAL,positive,false,,RESTAURANT#GENERAL,positive,true,,,,,,,,,,,,,,,,,,,,
label,-DjIfoNFAiT5J4kF9hXocQ,3,Not bad. Sushi roll was good but options were limited. Hibachi grill: i got steak...chef asked me 2x how i like mine-medium...Still ended up with well done. Rest of my group had chicken which all voiced lacked seasoning.   Beware they DO NOT have a late happy hour 8-11 as advertised on their website. We asked the staff about it and they claimed 8-11 was for a different location. Their website nowhere indicates the happy hour is for a specific location nor does the website indicate they have multiple locations at all.,Sushi roll,FOOD#QUALITY,positive,false,options,FOOD#STYLE_OPTIONS,negative,false,yelp,steak,FOOD#QUALITY,negative,false,chicken,FOOD#QUALITY,negative,false,late happy hour,RESTAURANT#PRICES,negative,false,,RESTAURANT#GENERAL,positive,true,,,,,,,,,,,,,,,,,,,,,,,,,,,,
label,n6mlkFkOruNijR1ylR94GQ,5,"I've never seen a larger or better selection of beer in my life! All are sold by the bottle, and the prices are awesome! The employees are always happy to help and greet you with a genuine smile. Little known- this place also serves sandwiches, panini's and wraps. The different choices are sometimes exotic, but alway delicious. But if you know what you want, you can always ""create your own"" any way you want it. If you're on the run, you can get anywhere from this location. Or- just grab a table! Enjoy a beer or two with your sandwich and see what's up and coming in the local community. I love this place.",selection of beer,DRINKS#STYLE_OPTIONS,positive,false,prices,DRINKS#PRICES,positive,false,yelp,employees,SERVICE#GENERAL,positive,false,"sandwiches, panini's and wraps",FOOD#QUALITY,positive,false,different choices,FOOD#STYLE_OPTIONS,positive,false,create your own,FOOD#STYLE_OPTIONS,positive,false,location,LOCATION#GENERAL,positive,false,,RESTAURANT#GENERAL,positive,true,,,,,,,,,,,,,,,,,,,,
label,l6ZRiy-HcBRebdJhivoafQ,2,Wholes food have a good variety of organic food. They always seem to be up to date as well. I love that their seafood is always fresh and I love making fresh roasted peanut butter for my children. The only thing I can say is if your black beware of the security guard that will follow you around the whole store the entire time..,variety,FOOD#STYLE_OPTIONS,positive,false,seafood,FOOD#QUALITY,positive,false,yelp,peanut butter,FOOD#QUALITY,positive,false,security guard,SERVICE#GENERAL,negative,false,,RESTAURANT#GENERAL,positive,true,,,,,,,,,,,,,,,,,,,,,,,,,,,,,,,,
label,z2tE5wRExViDWwA7c44OKw,4,"Tried this place for the first time on a Saturday for a late lunch/early dinner.   LOVE LOVE LOVE the low carb Naruto Roll, but it only comes with 5 pieces :( .... I would adding more healthy rolls wrapped in cucumber and soy paper like this to the menu. The Sashimi prices are a little high...  All in all we loved the mix of Japanese/ Korean food and the service, although the choice in music wasn't up to par.",Naruto Roll,FOOD#QUALITY,positive,false,5 pieces,FOOD#STYLE_OPTIONS,negative,false,yelp,Sashimi prices,FOOD#PRICES,negative,false,Japanese/Korean food,FOOD#STYLE_OPTIONS,positive,false,service,SERVICE#GENERAL,positive,false,music,AMBIENCE#GENERAL,negative,false,,,,,,,,,,,,,,,,,,,,,,,,,,,,
label,VmBAAgECOLCpERxAQPG5-A,5,I love Bing's boba!!!!!!!!! The Taro snow is my go to drink. Definitely the best boba spot in Tucson! The place is always clean. They have board games for you to play. The staff is helpful and friendly. My husband ordered a drink that unfortunately was not at the right flavor level. He told the staff and they made him a new drink that was to his liking.,boba,DRINKS#QUALITY,positive,false,Taro snow,DRINKS#QUALITY,positive,false,yelp,boba spot,RESTAURANT#GENERAL,positive,false,place,AMBIENCE#GENERAL,positive,false,board games,RESTAURANT#MISCELLANEOUS,positive,false,staff,SERVICE#GENERAL,positive,false,drink,DRINKS#QUALITY,negative,false,new drink,DRINKS#QUALITY,positive,false,,,,,,,,,,,,,,,,,,,,
label,nm7K01NxcCt1RrDTfARzDA,3,I went here with some friends and I would recommend this place for some great drinks. They have some unique cocktails and cordials. But I was disappointed in the food.  It was just bland and nothing exciting.  The service was pleasant but it didn't make the food any better. Come here if you're looking for a variety of booze but don't come hungry.,place,RESTAURANT#GENERAL,positive,false,drinks,DRINKS#QUALITY,positive,false,yelp,cocktails,DRINKS#STYLE_OPTIONS,positive,false,cordials,DRINKS#STYLE_OPTIONS,positive,false,food,FOOD#QUALITY,negative,false,service,SERVICE#GENERAL,positive,false,,,,,,,,,,,,,,,,,,,,,,,,,,,,
label,AqPFMleE6RsU23_auESxiA,5,"Wow!  Yummy, different,  delicious.   Our favorite is the lamb curry and korma.  With 10 different kinds of naan!!!  Don't let the outside deter you (because we almost changed our minds)...go in and try something new!   You'll be glad you did!",lamb curry,FOOD#QUALITY,positive,false,korma,FOOD#QUALITY,positive,false,yelp,naan,FOOD#STYLE_OPTIONS,positive,false,,RESTAURANT#GENERAL,positive,true,,,,,,,,,,,,,,,,,,,,,,,,,,,,,,,,,,,,
label,iH9u9IvJ54r4s3MsmYOpQg,4,Beer selection is good. Food is quality. Atmosphere is one of the best on mass ave. the staff is very friendly which makes the meal taste that much better. Wings are quality with good flavor. Always on the list for a quick pint after work.,Beer,DRINKS#QUALITY,positive,false,Food,FOOD#QUALITY,positive,false,yelp,Atmosphere,AMBIENCE#GENERAL,positive,false,staff,SERVICE#GENERAL,positive,false,Wings,FOOD#QUALITY,positive,false,,,,,,,,,,,,,,,,,,,,,,,,,,,,,,,,
label,QnIh66aZuTHVkHHeDgFUdA,3,"Slow service, food was just OK. Had the beef and shrimp with vermacelli and lemon chicken. Only two shrimp the size of my pinky. Lemon chicken and beef were a step above Panda Express. 30+ minute wait for food.",service,SERVICE#GENERAL,negative,false,food,FOOD#QUALITY,neutral,false,yelp,shrimp,FOOD#QUALITY,negative,false,lemon chicken,FOOD#QUALITY,positive,false,beef,FOOD#QUALITY,positive,false,,SERVICE#GENERAL,negative,true,,,,,,,,,,,,,,,,,,,,,,,,,,,,
label,f1YyT-LN1-bFtXcIOpILPQ,5,OMG this place is the bomb! A local recommended it to us. He mentioned national awards for their donuts and I could see why. I also had a breakfast slider with best bread.  The place has a great authentic industrial rustic neighborhood feel with seating inside and out. Have you ever eaten food that is so good it feels like you're drunk happy as you sit and enjoy it?... this is that kind of place.,place,RESTAURANT#GENERAL,positive,false,donuts,FOOD#QUALITY,positive,false,yelp,breakfast slider,FOOD#QUALITY,positive,false,feel,AMBIENCE#GENERAL,positive,false,food,FOOD#QUALITY,positive,false,,,,,,,,,,,,,,,,,,,,,,,,,,,,,,,,
label,DPjwAUKDNFWNExkmlOw6qA,2,"Went with great expectations based on the word of a friend. Ten dollar cab ride there and back from our hotel down town. Gotta say it was  disappointing.  The ""Woodstock"" burger was tasty enough, but for eleven dollars they should have given me two of them. Bun was mushy super market variety and burger was not cooked as ordered (medium rare) I should have known it wouldn't be since the server didn't even ask how I wanted it cooked- I had to tell him after he took the order. I suspect they cook all the burgers the same.  Fries were just plain crappy, limp and burnt. Do not make a special trip 'cause it aint special.",Woodstock burger,FOOD#QUALITY,negative,false,Woodstock burger,FOOD#PRICES,negative,false,yelp,Fries,FOOD#QUALITY,negative,false,,SERVICE#GENERAL,negative,true,,RESTAURANT#GENERAL,negative,true,,,,,,,,,,,,,,,,,,,,,,,,,,,,,,,,
label,WNUMiymm2_ruYwvDwPddmg,5,"Wow, the BBQ Shrimp was killer.  Definitely a must.  Ted and Dwayne did a great job as servers.    I would come back for sure.  The decor is nice and the atmosphere pleasant.",BBQ Shrimp,FOOD#QUALITY,positive,false,servers,SERVICE#GENERAL,positive,false,yelp,decor,AMBIENCE#GENERAL,positive,false,atmosphere,AMBIENCE#GENERAL,positive,false,,RESTAURANT#GENERAL,positive,true,,,,,,,,,,,,,,,,,,,,,,,,,,,,,,,,
label,AzQoLK8HJC8PAQcMXQgemQ,1,"Negative 5 stars. Worst service and slow, 15 minutes for 1 panini. They use microwaves people so its not even fresh, just crap. I'm sure they don't CLEAN them either. Disgusting, Get Real. I will go buy a frozen breakfast sandwhich & cook it my own CLEAN microwave which isn't cooked with everybody else's crap. NEVER AGAIN will go here. Btw i waited so long i got my money back. Keep your crappy sandwhich and enjoy",service,SERVICE#GENERAL,negative,false,panini,FOOD#QUALITY,negative,false,yelp,sandwhich,FOOD#QUALITY,negative,false,,,,,,,,,,,,,,,,,,,,,,,,,,,,,,,,,,,,,,,,
label,aAmZXdTpogQHvTDai8lRLA,3,"I love the owner!  He's amazing!!  The only complaint I have is that the service from the server's isn't that fabulous.  We had our rehearsal dinner here and while the food was OK, the service wasn't good at all.  We waited so long for food and just refills.  My husband and I visit this restaurant for ourselves and have no issues but I would not recommend having a large crowd here.",owner,RESTAURANT#GENERAL,positive,false,service,SERVICE#GENERAL,negative,false,yelp,food,FOOD#QUALITY,neutral,false,restaurant,RESTAURANT#GENERAL,positive,false,,,,,,,,,,,,,,,,,,,,,,,,,,,,,,,,,,,,
label,BMZPy9pEwkuUPGI3DnYRJg,3,I can say we have been coming to Han D. for the past 7 years or so and have been very happy with our meals .  We like the Americanized menu they serve and the food is better than the other Chinese restaurants in the area . They do not get a 5 as I agree with other posters that each of the few employees have way too many hats to wear. At times I have to get up to hail a waitstaff member rushing by to get their attention for a question or water refill. Hire more staff during busy times !,meals,FOOD#QUALITY,positive,false,Americanized menu,FOOD#STYLE_OPTIONS,positive,false,yelp,food,FOOD#QUALITY,positive,false,waitstaff member,SERVICE#GENERAL,negative,false,staff,SERVICE#GENERAL,negative,false,,,,,,,,,,,,,,,,,,,,,,,,,,,,,,,,
label,7IREnRZPKtKlPYxovXvtnA,5,"i eat at kabob n grill once or twice a week for months now...every single time the restaurant is perfectly clean n the food is always perfect too...every one i have sent there also seems to become a lifetime customer...things are done on a very high level at kabob n grill...i am very fussy n the food i eat is very important to me...it's got to taste great, but it has to be prepared with a very strict n high standard...i have found my extravagantly excellent restaurant in kabob.....i am a mainline business owner 25 years",restaurant,AMBIENCE#GENERAL,positive,false,food,FOOD#QUALITY,positive,false,yelp,kabob n grill,RESTAURANT#GENERAL,positive,false,,,,,,,,,,,,,,,,,,,,,,,,,,,,,,,,,,,,,,,,
label,sw7SDpLFKoFXhJc87geY8A,1,"Awful! Our fav Chinese restaurant down the street closed their business and we gave this place a try. Very little meat in the 2 dishes we ordered. Very small portions or white rice to pair with the dishes. Crab Rangoon were sad with little filling and over cooked. To top off, they only take cash so I had to leave and make another stop. Will not be back. Plenty of other Chinese American restaurants in town.",meat,FOOD#QUALITY,negative,false,portions,FOOD#QUALITY,negative,false,yelp,Crab Rangoon,FOOD#QUALITY,negative,false,cash,RESTAURANT#MISCELLANEOUS,negative,false,,RESTAURANT#GENERAL,negative,true,,,,,,,,,,,,,,,,,,,,,,,,,,,,,,,,
label,uH2nfyVmTNPMac4oAvrRsA,4,"Loved the comfy couches. Coffee and chai were good. Out of the 3 baristas working here, two were really friendly, and one seemed a bit pissed to be here, not sure why. Anyhow. I waited here a few hours until my car was being worked on. The atmosphere was great. Getting 4 instead of 5 stars bc it wasn't spotless, and the coffee / tea wasn't mind blowingly amazing but I would recommend bc of the comfy couches, free wifi and atmosphere!",comfy couches,AMBIENCE#GENERAL,positive,false,Coffee,DRINKS#QUALITY,positive,false,yelp,chai,DRINKS#QUALITY,positive,false,baristas,SERVICE#GENERAL,positive,false,baristas,SERVICE#GENERAL,negative,false,,SERVICE#GENERAL,negative,true,atmosphere,AMBIENCE#GENERAL,positive,false,spotless,AMBIENCE#GENERAL,negative,false,coffee / tea,DRINKS#QUALITY,negative,false,free wifi,RESTAURANT#MISCELLANEOUS,positive,false,,RESTAURANT#GENERAL,positive,true,,,,,,,,
label,z5I6s-50P2C2y-eZLBineA,1,"Horrible service. Sat there for 20 minutes before server finally came out. Claims no one told her we were there. Guess she couldn't see us. Had to get something quick because we had tickets to the playhouse theater. Got to the restaurant with more than an hour to spare. She took our order and said she would be back with our bread. She never came back. Another 30 minutes passed, so we decided to leave. Just as we were leaving our food showed up. They couldn't believe we were leaving.  Felt good to stick it to them for a 55 minute wait. Luckily the playhouse is a short distance away.",service,SERVICE#GENERAL,negative,false,,,,,yelp,,,,,,,,,,,,,,,,,,,,,,,,,,,,,,,,,,,,,,,,,,,,
label,Gwzds30CAS5hRQ5KwoDIyQ,2,"This coffee shop is NOT what Nashville is about . unfortunately I could extend that to all of westhaven.  No friendly greeting , in fact, no greeting at all.  The clientele are snobs.  The coffee was merely up to par.  Overall not a great experience, won't be coming back.",coffee shop,RESTAURANT#GENERAL,negative,false,greeting,SERVICE#GENERAL,negative,false,yelp,clientele,AMBIENCE#GENERAL,negative,false,coffee,DRINKS#QUALITY,neutral,false,,,,,,,,,,,,,,,,,,,,,,,,,,,,,,,,,,,,
label,JVgzkL7QlEJLOsfeNgGZnQ,3,The food was blah. The server forgot to put our ticket in to the cook so we waited additional time and watched the other tables that came in after us get their food before us. The only good thing was the manager gave us half off on each entree ordered. Definitely would not recommend and will not be back.,food,FOOD#QUALITY,negative,false,server,SERVICE#GENERAL,negative,false,yelp,half off,FOOD#PRICES,positive,false,,RESTAURANT#GENERAL,negative,true,,,,,,,,,,,,,,,,,,,,,,,,,,,,,,,,,,,,
label,mP_WKvaBS2hzhqQd5AOP-Q,5,Worth the wait and the hype- get the old fashioned buttermilk pancakes with a side of bacon and fruit- I topped my pancakes with bananas and will now die happy. Those pancakes are what dreams are made of!,wait,SERVICE#GENERAL,positive,false,pancakes,FOOD#QUALITY,positive,false,yelp,bacon and fruit,FOOD#QUALITY,positive,false,,RESTAURANT#GENERAL,positive,true,,,,,,,,,,,,,,,,,,,,,,,,,,,,,,,,,,,,
label,LuknDwBLHlDSSH4eOHu41g,5,"Just got a pizza to go and ate it the whole way home  Best pizza ever for real everything was so fresh  I went to the new store at Main Street of Exton  very clean place and seriously the best pizza i have had in a long time got all the toppings i love and more I would highly recommend trying it so worth it   I will be back,,,,,,,,,,,,,,,,,,,,,,,,,,,,,,,,,,,,,,,, I wanted to add my picture but i couldn't do it  by the time i got home i only had one piece left....LOL",pizza,FOOD#QUALITY,positive,false,toppings,FOOD#STYLE_OPTIONS,positive,false,yelp,place,AMBIENCE#GENERAL,positive,false,,,,,,,,,,,,,,,,,,,,,,,,,,,,,,,,,,,,,,,,
label,dec7nUxUVN2TfoVDGCarzw,2,Place has really slipped as far as food quality. Pork steak was dry and tough and I wish they'd have let me pick which sauce from the squeeze bottles on the table. The BBQ nachos we'd shared here before many times was soggy and tasteless. We were there early evening Saturday and they weren't busy at all.  I guess words gotten around.   Still good service like before.  Probably not returning.,Place,RESTAURANT#GENERAL,negative,false,food quality,FOOD#QUALITY,negative,false,yelp,Pork steak,FOOD#QUALITY,negative,false,sauce,FOOD#STYLE_OPTIONS,negative,false,BBQ nachos,FOOD#QUALITY,negative,false,service,SERVICE#GENERAL,positive,false,,,,,,,,,,,,,,,,,,,,,,,,,,,,
label,Xwwb5w5Ox0f6JquGsYlJGA,5,"not many great bars in soco but this comes close.  lots of tvs, good atmosphere. we didn't eat but I'd definitely try the food.  overall a good time.",bars,RESTAURANT#GENERAL,positive,false,atmosphere,AMBIENCE#GENERAL,positive,false,yelp,tvs,AMBIENCE#GENERAL,positive,false,food,FOOD#QUALITY,positive,false,,RESTAURANT#GENERAL,positive,true,,,,,,,,,,,,,,,,,,,,,,,,,,,,,,,,
label,CLWWoalC6c0iN2-CJPvVgg,4,"The menu isn't extensive but great to go to if you're craving a classic bibimbap.  I would recommend the extra dollar for the stone bowl.  The man who runs the shop is sweet and makes sure you have a good dine in experience.   Also, the location is close to the Magic Gardens.",menu,FOOD#STYLE_OPTIONS,negative,false,bibimbap,FOOD#QUALITY,positive,false,yelp,stone bowl,FOOD#PRICES,positive,false,man who runs the shop,SERVICE#GENERAL,positive,false,location,LOCATION#GENERAL,neutral,false,,,,,,,,,,,,,,,,,,,,,,,,,,,,,,,,
label,RMho6HMpdec1YgIypwWQrQ,5,"My husband and I come here often. We love the food here, it's always fresh and the service is great. We highly recommend this place to anyone who loves sushi & hibachi.",food,FOOD#QUALITY,positive,false,service,SERVICE#GENERAL,positive,false,yelp,place,RESTAURANT#GENERAL,positive,false,sushi & hibachi,FOOD#STYLE_OPTIONS,positive,false,,,,,,,,,,,,,,,,,,,,,,,,,,,,,,,,,,,,
label,okeGytOqkGVVBvAD03dDJQ,3,"The typical coffee house. Coffee, pastries and such. Staff was OK. Somewhat unprofessional in that they stood behind the counter talking loudly to each other about things not related to work or the task at hand. I ordered a frozen coffee (what they call a Mochasippi) and a bagel. Overall a decent experience, nothing wrong.   Just so anyone who may visit here knows, parking at this location is TERRIBLE! There are a total of approximately 12 spaces, and 2 of those are handicapped. Be prepared to hunt around or use the drive thru.",Staff,SERVICE#GENERAL,neutral,false,Staff,SERVICE#GENERAL,negative,false,yelp,experience,RESTAURANT#GENERAL,positive,false,parking,LOCATION#GENERAL,negative,false,,,,,,,,,,,,,,,,,,,,,,,,,,,,,,,,,,,,
label,r6hmgcM2r_rGXtS8mdC8lw,5,My favorite burger in town! The place is confortabke and has a great variety of drinks with bourbon. They should have a reservation policy.,burger,FOOD#QUALITY,positive,false,place,AMBIENCE#GENERAL,positive,false,yelp,drinks,DRINKS#STYLE_OPTIONS,positive,false,reservation policy,RESTAURANT#MISCELLANEOUS,negative,false,,,,,,,,,,,,,,,,,,,,,,,,,,,,,,,,,,,,
label,QP2iSktgbwE3zbp36eeDXQ,2,It was a group of us and we had issues with our order. We had to send back some of our orders. The coffee was cold the omelette was disgusting taste as though they didn't clean the griddle it was cooked on. Two of my friends had steak and it was burnt!,,SERVICE#GENERAL,negative,true,coffee,DRINKS#QUALITY,negative,false,yelp,omelette,FOOD#QUALITY,negative,false,steak,FOOD#QUALITY,negative,false,,,,,,,,,,,,,,,,,,,,,,,,,,,,,,,,,,,,
label,nVC7bdUszEj4tqwy2YV4iQ,5,"I love this place, the best day is Thursday for dollar tacos. The people who make the food are so nice and they know what they're doing and they make excellent food. If you go in there and you want the ""Plan B"", ask them to make it in a wrap for you and it tastes even better. Breakfast is only until 11 am so hurry! BEST IN HYDE PARK!!!!",place,RESTAURANT#GENERAL,positive,false,dollar tacos,FOOD#PRICES,positive,false,yelp,people who make the food,SERVICE#GENERAL,positive,false,food,FOOD#QUALITY,positive,false,Plan B,FOOD#QUALITY,positive,false,wrap,FOOD#STYLE_OPTIONS,positive,false,,RESTAURANT#GENERAL,positive,true,,,,,,,,,,,,,,,,,,,,,,,,
label,X3E7PwAKq3zS_hZJkqIGAA,3,Our first experience here was good - fresh Thai and attentive service. Our other tries were not as pleasant.  The AC wasn't working once and the other time we didn't receive good service. We wanted to support this local restaurant but haven't been impressed.,Thai,FOOD#QUALITY,positive,false,service,SERVICE#GENERAL,positive,false,yelp,,RESTAURANT#GENERAL,negative,true,AC,AMBIENCE#GENERAL,negative,false,service,SERVICE#GENERAL,negative,false,restaurant,RESTAURANT#GENERAL,negative,false,,,,,,,,,,,,,,,,,,,,,,,,,,,,
label,O3H497kedbA2JS-XMgv3qg,2,The music and drinks were good. Bouncers were EXTREMELY disrespectful. I would not go back. It's a shame because the music was good and the atmosphere was fun.,music,AMBIENCE#GENERAL,positive,false,drinks,DRINKS#QUALITY,positive,false,yelp,bouncers,SERVICE#GENERAL,negative,false,atmosphere,AMBIENCE#GENERAL,positive,false,,RESTAURANT#GENERAL,negative,true,,,,,,,,,,,,,,,,,,,,,,,,,,,,,,,,
label,MthpHdPYrqIuUhGLGQY5fw,1,"If you order a salad, be carful for the ingredients.. I found bacon, Spanish in my Fuji Apple salad.. And they did not add the blue cheese... They mess up the general taste of the plate..",salad,FOOD#QUALITY,negative,false,ingredients,FOOD#QUALITY,negative,false,yelp,blue cheese,FOOD#QUALITY,negative,false,,,,,,,,,,,,,,,,,,,,,,,,,,,,,,,,,,,,,,,,
label,r0K3LE3H32LqhlLHFdnBxQ,5,"We discovered this place a few months ago and been here 3 times ao far. Everything is so delicious.  The roles are nice and soft with cinnamon butter, you can even ask for some roles to go. Too bad that we have to travel about an hour to get there.",Everything,FOOD#QUALITY,positive,false,roles,FOOD#QUALITY,positive,false,yelp,,LOCATION#GENERAL,negative,true,,,,,,,,,,,,,,,,,,,,,,,,,,,,,,,,,,,,,,,,
label,sEp1BdgRe60Bl8iA6-mQfA,5,"I'm fussy about breakfast places. I have to say, I don't know of a better place to go.  Service is super fast, the portions are the right size and everything tastes fresh.  The home fries are not super greasy like other places, the scrambled eggs are always cooked perfectly, bacon is thick and cooked right and the pancakes are awesome! We have been there a couple of times and I have not been disappointed.  Forget the big impersonal chains. For a great LOCAL place, come here.",place,RESTAURANT#GENERAL,positive,false,Service,SERVICE#GENERAL,positive,false,yelp,portions,FOOD#QUALITY,positive,false,everything,FOOD#QUALITY,positive,false,home fries,FOOD#QUALITY,positive,false,scrambled eggs,FOOD#QUALITY,positive,false,bacon,FOOD#QUALITY,positive,false,pancakes,FOOD#QUALITY,awesome,false,,RESTAURANT#GENERAL,positive,true,,,,,,,,,,,,,,,,
label,jTAX4ci6tJCeATkF0lK0pQ,2,Waited longer then we were told. We could not carry  our bar check to our table we were told it's easier for bartender if we just pay it separate.  Staff seemed a little overwhelmed but nice and they were working hard.  Excellent beer selection. Food was good but not much quantity and the amount if fries was comical maybe 8! And the quality was not sufficient to make up for the quantity. Our one burger was under cooked the waiter did get a new burger but then we had to wait and watch my son eat it. My second time there and they  left me with no real reason to go return.,,SERVICE#GENERAL,negative,true,Staff,SERVICE#GENERAL,neutral,false,yelp,beer selection,DRINKS#QUALITY,positive,false,Food,FOOD#QUALITY,positive,false,fries,FOOD#QUALITY,negative,false,quality,FOOD#QUALITY,negative,false,burger,FOOD#QUALITY,negative,false,waiter,SERVICE#GENERAL,negative,false,restaurant,RESTAURANT#GENERAL,negative,false,,,,,,,,,,,,,,,,
label,JGEGfOjgpwYgE5WfnehLsA,2,"Overpriced and the actual cake is frankly overrated. If you order coffee, refills are not free. Good to know in advance. :(  That said, the decor is cute if you're wanting to take a little girl out for a special outing. It's a very cute shabby chic shop if you're into that sort of thing. If you get take out they will give you $10 worth of packaging with your $15 slice of cake.",cake,FOOD#PRICES,negative,false,cake,FOOD#QUALITY,negative,false,yelp,coffee,DRINKS#PRICES,negative,false,decor,AMBIENCE#GENERAL,positive,false,shop,AMBIENCE#GENERAL,positive,false,packaging,RESTAURANT#PRICES,negative,false,,,,,,,,,,,,,,,,,,,,,,,,,,,,
label,4XaZ5kc7NQADZiqoz8dwHw,1,I must say I was very disappointed I read the reviews and I had high hopes but I would not go back. I ordered 1/2 slab and 1/2bl of the brisket. When I got home to eat the ribs were so burnt that were bitter and impossible to eat. The brisket looked ok but had absolutely no flavor what so ever. I gave it one star for the service which are nice guys but my food was not what to expect,ribs,FOOD#QUALITY,negative,false,brisket,FOOD#QUALITY,negative,false,yelp,service,SERVICE#GENERAL,negative,false,food,FOOD#QUALITY,negative,false,,RESTAURANT#GENERAL,negative,true,,,,,,,,,,,,,,,,,,,,,,,,,,,,,,,,
label,amyqRFz3aJ6rjZfcGXySlw,1,"Horrible food.  Bread sticks totally dry. Mozzarella sticks more salty than salt itself. And the worst tasting, bland, fettuccine alfredo ever.  Gave it a try despite the 1.5 stars but shouldn't have risked it. Wish I could give them a zero.",food,FOOD#QUALITY,negative,false,Bread sticks,FOOD#QUALITY,negative,false,yelp,Mozzarella sticks,FOOD#QUALITY,negative,false,fettuccine alfredo,FOOD#QUALITY,negative,false,,RESTAURANT#GENERAL,negative,true,,,,,,,,,,,,,,,,,,,,,,,,,,,,,,,,
label,M2o3TJebXhiY2447Ec_rJQ,1,Do not go here. Was greeted last though I got there before 2 other people. Then waited 35 minutes for a chicken parmesan. Worst service ever.,,RESTAURANT#GENERAL,negative,true,,SERVICE#GENERAL,negative,true,yelp,,SERVICE#GENERAL,negative,true,service,SERVICE#GENERAL,negative,false,,,,,,,,,,,,,,,,,,,,,,,,,,,,,,,,,,,,
label,nvc35Qr8cURrX75M98UsOQ,3,"I really love the owners here. They are very friendly and nice. The service is always great and the food tastes good too. One thing I would recommend is changing their pas thai noodles to thicker rice noodles. They use thin rice noodles, but it would taste so much better with slightly thicker noodles. Their pad thai sauce is pretty good as well. I would recommend this place and visit again.",owners,RESTAURANT#GENERAL,positive,false,service,SERVICE#GENERAL,positive,false,yelp,food,FOOD#QUALITY,positive,false,thin rice noodles,FOOD#STYLE_OPTIONS,negative,false,pad thai sauce,FOOD#QUALITY,positive,false,place,RESTAURANT#GENERAL,positive,false,,,,,,,,,,,,,,,,,,,,,,,,,,,,
label,G4Dqo9GaJyETa8E-o3hXKg,3,"This place has an interesting menu.  The night we went I wasn't feeling particularly adventurous, so I went with a burger.  I ordered my burger well done, it came out probably medium rare, the waiter was apologetic and had a new burger made, which was a bit over cooked, but I wasn't about to send it back again.  My BF had the chicken sandwich, which he enjoyed, and the soup of the day, which was literally too salty to eat.  We shared a salad which was great. The service here was great but the food was just OK.",menu,FOOD#STYLE_OPTIONS,positive,false,burger,FOOD#QUALITY,negative,false,yelp,chicken sandwich,FOOD#QUALITY,positive,false,soup of the day,FOOD#QUALITY,negative,false,salad,FOOD#QUALITY,positive,false,service,SERVICE#GENERAL,positive,false,food,FOOD#QUALITY,neutral,false,,,,,,,,,,,,,,,,,,,,,,,,
label,7fBw9u2hI0ik_MRuAkX1Yg,3,This place made an OK surf and turf plate but all and all its something you should skip. Over priced low-end sea-food. We only went for the little guy who wanted to see all the tacky decorations. I'd never go back!,surf and turf plate,FOOD#QUALITY,neutral,false,place,RESTAURANT#GENERAL,negative,false,yelp,sea-food,FOOD#PRICES,negative,false,decorations,AMBIENCE#GENERAL,negative,false,,,,,,,,,,,,,,,,,,,,,,,,,,,,,,,,,,,,
label,oW4U_2rZY4zSzGrBEGmi4Q,2,"Meh. King of Pizza has been consistently mediocre for the 20 years I've lived around here. The pizza is hit or miss, but more often than not it's thin and a little burnt. The cheese steaks are on the thin and greasy side and the service has been bad for so long that it's kind of become their trademark. If you're just running in for a slice , I guess it's ok, but there are so many better options in the area.",pizza,FOOD#QUALITY,negative,false,cheese steaks,FOOD#QUALITY,negative,false,yelp,service,SERVICE#GENERAL,negative,false,King of Pizza,RESTAURANT#GENERAL,negative,false,,,,,,,,,,,,,,,,,,,,,,,,,,,,,,,,,,,,
label,wK4eubUgVfv84Crl1vqhkA,3,"Would probably have gone four stars , but the duck fat fries were not close to some I've had in NYC. The burger was very juicy, cooked as ordered and quite large. The BBQ pulled pork with fried pickle was as good as anything I've had when I lived in NC. Service was good and would go back, but wouldn't bother with the fries. They were fairly bland and not real crunchy as I've had at other spots. Prices are a little on the high side, place is really small, but if you are looking for almost any scotch, bourbon, rye etc., then this a really good place to stop. Enormous selection of whiskeys.",duck fat fries,FOOD#QUALITY,negative,false,burger,FOOD#QUALITY,positive,false,yelp,BBQ pulled pork with fried pickle,FOOD#QUALITY,positive,false,Service,SERVICE#GENERAL,positive,false,Prices,RESTAURANT#PRICES,negative,false,place,AMBIENCE#GENERAL,neutral,false,whiskeys,DRINKS#STYLE_OPTIONS,positive,false,,,,,,,,,,,,,,,,,,,,,,,,
label,ZdjOF1PFSD1_NS9QA1CS2w,1,"Service wasn't good, wait time wasn't bad but it seemed like our food had been just sitting up in the window because it was so cold. My steak seemed really raw for medium rare. Got no butter with my now tiny rolls. Was really sad paying 40$ for mediocre food. Friends sides came in a styrofoam bowl. Not planning on returning. Sad thing is that it used to be so good. :(",Service,SERVICE#GENERAL,negative,false,wait time,SERVICE#GENERAL,neutral,false,yelp,food,FOOD#QUALITY,negative,false,steak,FOOD#QUALITY,negative,false,butter,FOOD#QUALITY,negative,false,$40,FOOD#PRICES,negative,false,sides,FOOD#QUALITY,negative,false,,RESTAURANT#GENERAL,negative,true,it,RESTAURANT#GENERAL,negative,false,,,,,,,,,,,,,,,,
label,pxQ7GqSva-e-6SdBSzLwDA,1,This place is terrible.  The hostess was very rude.  The waiter was pretty nice however.  The food was awful and terribly overpriced.  We went when there were very few people there.  The manager fell all over himself trying to make a nearby party welcome while totally ignoring us.  What a disappointment.  AVOID AVOID AVOID,place,RESTAURANT#GENERAL,negative,false,hostess,SERVICE#GENERAL,negative,false,yelp,waiter,SERVICE#GENERAL,positive,false,food,FOOD#QUALITY,negative,false,food,FOOD#PRICES,negative,false,manager,SERVICE#GENERAL,negative,false,,,,,,,,,,,,,,,,,,,,,,,,,,,,
label,I8LLclE5UOlSOqXP65OPwQ,4,"They make the best birthday cake HERE, lil pricey but their cake is very very exceptionally good, their bakery is good too, but also a lil pricey, but well worth the extra couple bucks, only downfall to this place is that the people in there don't really speak English, and I have to point at stuff  lol, other than than great place!",birthday cake,FOOD#QUALITY,positive,false,cake,FOOD#PRICES,negative,false,yelp,cake,FOOD#QUALITY,positive,false,bakery,RESTAURANT#GENERAL,positive,false,bakery,RESTAURANT#PRICES,negative,false,bakery,RESTAURANT#PRICES,positive,false,,SERVICE#GENERAL,negative,true,place,RESTAURANT#GENERAL,positive,false,,,,,,,,,,,,,,,,,,,,
label,K_c6hAR6EPFwB8aDphUZ3w,1,"Stopped in for dinner alone while taking a break from work.  Ordered wings for an appitizer and fish tacos for an entree.  The wings were over cooked and very difficult to eat.  The fish tacos were good.  The prices are thoroughly unreasonable, especially for the atmosphere and quality of food.  Frankly, don't really know how they're so busy.   Would not return.",wings,FOOD#QUALITY,negative,false,fish tacos,FOOD#QUALITY,positive,false,yelp,prices,RESTAURANT#PRICES,negative,false,atmosphere,AMBIENCE#GENERAL,negative,false,quality of food,FOOD#QUALITY,negative,false,,RESTAURANT#GENERAL,negative,true,,,,,,,,,,,,,,,,,,,,,,,,,,,,
label,Ht2KneFcFzgeDBRa0JBu8g,2,"This place really isn't that good. The atmosphere is sweet, but the food is mediocre at best. I'm always disappointed when I type in middle eastern and this pops up as the best available, it's definitely not.",place,RESTAURANT#GENERAL,negative,false,atmosphere,AMBIENCE#GENERAL,positive,false,yelp,food,FOOD#QUALITY,negative,false,,,,,,,,,,,,,,,,,,,,,,,,,,,,,,,,,,,,,,,,
label,qXYwlzXysEACSzA46feQGA,2,"Was so disappointed at Frank's yesterday when we found they were out of all fish! Who has a daily ""all you can eat"" fish fry advertised but out of fish at lunch??? So we ordered burgs and had to wait well over 30 minutes for our food. Too many other places to eat out to waste your time waiting at Franks! Oh and $20.00 for 2 cheeseburgers with 5 fries each, nah......won't be back again.",fish,FOOD#QUALITY,negative,false,,SERVICE#GENERAL,negative,true,yelp,cheeseburgers,FOOD#PRICES,negative,false,Frank's,RESTAURANT#GENERAL,negative,false,,,,,,,,,,,,,,,,,,,,,,,,,,,,,,,,,,,,
label,NMLgfy8FJCImwSB3_LohSA,4,"As with all Publix locations I have been to in Florida over the years, this store is much older than the stores in Nashville - and it shows. Despite the age of the building and shelves, this store was clean.  It seems smaller since the stores here also carry a large selection of beach-going items, and have an aisle solely for wine. Somehow it is all cram-packed in there...neatly.  I thought the produce section at this location was very tastefully displayed and well-stocked.   The staff was not engaging, but when asked, helpful.",store,AMBIENCE#GENERAL,negative,false,store,AMBIENCE#GENERAL,positive,false,yelp,selection,FOOD#STYLE_OPTIONS,positive,false,wine,DRINKS#STYLE_OPTIONS,positive,false,produce section,FOOD#QUALITY,positive,false,staff,SERVICE#GENERAL,negative,false,staff,SERVICE#GENERAL,positive,false,,,,,,,,,,,,,,,,,,,,,,,,
label,ULfKSXWb4ygg7Vv3k5sqzQ,2,Uh oh! They serve (bad) prepackaged spinach artichoke dip here. There's almost nothing worse than knowing your meal was assembled from packaged food by someone no more talented than yourself for any money. Don't waste time on breakfast or dinner here. I don't know that it will last serving food like that.,prepackaged spinach artichoke dip,FOOD#QUALITY,negative,false,,FOOD#QUALITY,negative,true,yelp,,,,,,,,,,,,,,,,,,,,,,,,,,,,,,,,,,,,,,,,,,,,
label,GL5KNYxPit0HaNF3w1PKAQ,2,"Food was actually quite good, and the place has definite New Orleans style and character that I like.  The service was quite poor, though.  I usually read reviews complaining about service with a huge grain of salt and tend to ignore them as coming from whiners who find fault everywhere.  But when I took my family to Jack Dempsey's this weekend, it was the worst service I have had in years.  Inattention, getting the order wrong, very long delays while the waitress was clowning around with old friends at another table (which was not even her table).  I won't be going back, which is a shame because I liked the place and the fried seafood was well above average.",Food,FOOD#QUALITY,positive,false,place,AMBIENCE#GENERAL,positive,false,yelp,service,SERVICE#GENERAL,negative,false,fried seafood,FOOD#QUALITY,positive,false,,RESTAURANT#GENERAL,negative,true,,,,,,,,,,,,,,,,,,,,,,,,,,,,,,,,
label,ex-jmc2tN3g5a7qqOOKt-A,2,I just had delivery from this location.  I am not impressed.  It took an hour and a half to get my pizza delivered to me. When I finally did get the pizza it was barely warm and greasy.  I gave two stars not one because my mom thought the pizza was still tasty. Needless to say I won't be ordering from this location again.,,SERVICE#GENERAL,negative,true,pizza,FOOD#QUALITY,negative,false,yelp,pizza,FOOD#QUALITY,positive,false,location,LOCATION#GENERAL,negative,false,,RESTAURANT#GENERAL,negative,true,,,,,,,,,,,,,,,,,,,,,,,,,,,,,,,,
label,SfKcVwwoiPlfMA2SM54JqQ,3,"Frequently come here during both brunch and dinner. Food is always great, and this place is one of the only diners that I know of that has a bar.   Service is sometimes a toss up as we've had great service and horrible service on various visits, but with a place that is always open, I can't complain for convenience.",Food,FOOD#QUALITY,positive,false,bar,DRINKS#STYLE_OPTIONS,positive,false,yelp,service,SERVICE#GENERAL,positive,false,service,SERVICE#GENERAL,negative,false,,RESTAURANT#GENERAL,positive,true,,,,,,,,,,,,,,,,,,,,,,,,,,,,,,,,
label,c_OmzmaAvChkyZM3LTcuBQ,2,"Really nice staff but mediocre Italian food served luke warm.   We went here for a large group dinner around Christmas mostly because it was a BYOB and there was no fixed menu for a group of 10.   We ordered numerous appetizers including, fried gnocchi, calamari, garlic pizza bread, fried zucchini.   It was all just ok.   The main courses were unadventurous Italian American selections.  The sauces were just meh.   Three of us ordered 3 different chicken dishes and they all came out with the same sauce.   Boring.  Although the staff was very accommodating, the food was too lack luster to return.",staff,SERVICE#GENERAL,positive,false,food,FOOD#QUALITY,negative,false,yelp,appetizers,FOOD#QUALITY,neutral,false,main courses,FOOD#QUALITY,negative,false,sauces,FOOD#QUALITY,negative,false,chicken dishes,FOOD#QUALITY,negative,false,,,,,,,,,,,,,,,,,,,,,,,,,,,,
label,O0F7jO27Y6v3xywAxLPr3A,1,Been good other times ... This time was a total let down .. I think they are going through new ownership ... I will give them one more try but if it is anything like this meal we just had ... They will  not be open long .. It's sad,,RESTAURANT#GENERAL,positive,true,,RESTAURANT#GENERAL,negative,true,yelp,meal,FOOD#QUALITY,negative,false,,,,,,,,,,,,,,,,,,,,,,,,,,,,,,,,,,,,,,,,
label,RzBZe8mtJacwtKkFvuo2mA,2,"Service great, food awful  We went there for a Sunday brunch. Our waitress was great, provided nice service.  Wine was great too. BUT the food was horrible. Something as simple as omelet was not eatable. It was cold, too oily and just didn't taste well. Potatoes that came with it were of strange color and didn't taste the way they were suppose to. I had much better omelette sat regular diners.",Service,SERVICE#GENERAL,positive,false,food,FOOD#QUALITY,negative,false,yelp,service,SERVICE#GENERAL,positive,false,Wine,DRINKS#QUALITY,positive,false,omelet,FOOD#QUALITY,negative,false,Potatoes,FOOD#QUALITY,negative,false,,,,,,,,,,,,,,,,,,,,,,,,,,,,
label,6L_b_pqZ0UBj8kSdx8GD4g,2,"As far as cheese goes, they have a good selection, but I would usually go next door.  The mozzerela is good, but often times sold out.  I believe they only make cows milk and not buffalo mozzerela, which is not my favorite. For bread, again I would go next door as well. For groceries, they have the best stock in the market.  However the prices are pretty bad.  If you are in a jam and need a single Italian cooking ingredient, they probably have it, but you're probably over paying. The staff is very friendly and helpful.  They hang a lot of meat at the counter, so the interaction at the counter is awkward because you're looking around hanging meat.",cheese,FOOD#STYLE_OPTIONS,positive,false,mozzerela,FOOD#QUALITY,positive,false,yelp,bread,FOOD#STYLE_OPTIONS,negative,false,groceries,FOOD#STYLE_OPTIONS,positive,false,,RESTAURANT#PRICES,negative,true,staff,SERVICE#GENERAL,positive,false,counter,AMBIENCE#GENERAL,negative,false,,,,,,,,,,,,,,,,,,,,,,,,
label,MDd6ndWo-NKn4sMy6UvgnQ,5,"This is everything I want in take out food - fresh, yummy, and relatively healthy. I also love that there is a good to go place in Northern Liberties that is convenient - there is not enough of that!",take out food,FOOD#QUALITY,positive,false,place,RESTAURANT#GENERAL,positive,false,yelp,,LOCATION#GENERAL,negative,true,,,,,,,,,,,,,,,,,,,,,,,,,,,,,,,,,,,,,,,,
label,zIkHQhyyIVtzi9pAwFhvsw,3,It's a airforce coffee stand... not much to write home about. The staff are nice and the beer selection is good. The only downside is if you are trying to get your caffeine fix in the morning get there early because you and half the hotel seems to be in line for a cuppa.,airforce coffee stand,RESTAURANT#GENERAL,negative,false,staff,SERVICE#GENERAL,positive,false,yelp,beer selection,DRINKS#QUALITY,positive,false,,SERVICE#GENERAL,negative,true,,,,,,,,,,,,,,,,,,,,,,,,,,,,,,,,,,,,
label,cfPVFtLfYtjrf317IWNJCg,2,"This place continued to be below average. Small servings, esp with the meat, and servers who are more in a hurry than to be attentive to the customers needs. Mildly flavorful but when Freebirds arrives from Austin, it will put this place and Chipotle to shame.",place,RESTAURANT#GENERAL,negative,false,servings,FOOD#PRICES,negative,false,yelp,servers,SERVICE#GENERAL,negative,false,flavorful,FOOD#QUALITY,negative,false,,,,,,,,,,,,,,,,,,,,,,,,,,,,,,,,,,,,
label,TpX0ze4bK1RBsuadYwWrjw,1,My eyes r still watering .. What the heck the smell of ammonia was overpowering at the bar .. Food service and ambience don't matter when u can not breathe ! Really this was bad . Can not imagine what happened to require that disinfecting ...,smell of ammonia,AMBIENCE#GENERAL,negative,false,service,SERVICE#GENERAL,negative,false,yelp,ambience,AMBIENCE#GENERAL,negative,false,this,RESTAURANT#GENERAL,negative,false,,,,,,,,,,,,,,,,,,,,,,,,,,,,,,,,,,,,
label,zPtx8jOEN8fMPkW4veywFg,1,"We went on a Friday night. The service was horrible!  We were the only ones in the dining are and it took 15 minutes to have the waiter to place our order.  The waiter mumbled and never asked us what spice/heat level we wanted our food.  Well what we received was bland, bland, bland! When we asked to take our food home.  The waiter just gave us the plastic containers and walked away.  Never asked if he could pack for us or took the food to the back to pack it.   We have eaten Indian in West Philly to Singapore.  I have never seen the lack of level of attention.  Save your $65.",service,SERVICE#GENERAL,negative,false,waiter,SERVICE#GENERAL,negative,false,yelp,food,FOOD#QUALITY,negative,false,spice/heat level,FOOD#STYLE_OPTIONS,negative,false,$65,RESTAURANT#PRICES,negative,false,,,,,,,,,,,,,,,,,,,,,,,,,,,,,,,,
label,boKBIfuNJI2dobR55WLe-w,3,"Ordered their chicken fajita and fish chips.  Chicken was really good, fish and chips not so much. Portions sizes were too little, for the price I would expect a little more. Drinks were alright.",chicken fajita,FOOD#QUALITY,positive,false,fish and chips,FOOD#QUALITY,negative,false,yelp,Portion sizes,FOOD#PRICES,negative,false,price,RESTAURANT#PRICES,negative,false,Drinks,DRINKS#QUALITY,neutral,false,,,,,,,,,,,,,,,,,,,,,,,,,,,,,,,,
label,WEt2q1i6NmLWdmDLr-winA,1,"Very poor experience, the waiter was very rude. The AC doesn't work well and can't cool the place. Food is poor, if you have to go just have a salad.",experience,RESTAURANT#GENERAL,negative,false,waiter,SERVICE#GENERAL,negative,false,yelp,AC,AMBIENCE#GENERAL,negative,false,Food,FOOD#QUALITY,negative,false,,,,,,,,,,,,,,,,,,,,,,,,,,,,,,,,,,,,
label,DIRohs5uJ5kqBtSwZDZ1_w,4,"Freedom toast = check, freedom fries = check, awesome breakfast food = check.  The is a greek owned pancake house (hence the over doing it on naming the food) and is a great alternative to your larger chain pancake houses such as Robert Evans, IHopity hop, and Mr. Dennys.   We eat here every new years day, typically around 2 pm when we drag ourselves out of a drunken slumber to brave the bitter cold. They never have a problem seating our group of about 12-15 and are pleasant and quick service.   The energetic owner likes to roam around making sure everything is going well. In my opinion, the food is also better than the chains. The secret ingredient is love.",toast,FOOD#QUALITY,positive,false,fries,FOOD#QUALITY,positive,false,yelp,breakfast food,FOOD#QUALITY,positive,false,pancake house,RESTAURANT#GENERAL,positive,false,service,SERVICE#GENERAL,positive,false,food,FOOD#QUALITY,positive,false,seating,AMBIENCE#GENERAL,positive,false,,,,,,,,,,,,,,,,,,,,,,,,
label,UNZs2ANeTQ_8eom0HASsKg,2,"I will say this, the place looks cute and is not a disaster like the previous place.  I've been in twice and been disappointed both times.  My last visit, I ordered ahead for cupcakes for my daughters birthday.  Went in, spoke with the owner and discussed what I wanted and a pick up time.  They didn't have my order ready when they said they would.  I'm pretty sure they took the day old cupcakes from the display and took the old frosting off and then frosted them while I'll waited.  Then charged me $20 for 12 regular sized cupcakes.  Nothing fancy. Will not be back.  Plus all the tables were dirty and no one seemed to really be working.",place,AMBIENCE#GENERAL,positive,false,,RESTAURANT#GENERAL,negative,true,yelp,,SERVICE#GENERAL,negative,true,cupcakes,FOOD#QUALITY,negative,false,cupcakes,FOOD#PRICES,negative,false,tables,AMBIENCE#GENERAL,negative,false,,SERVICE#GENERAL,negative,true,,,,,,,,,,,,,,,,,,,,,,,,
label,SEVGMtRZpXEfIbQ_WhZ7dA,1,"Inspect your food before you put it in your mouth! Ordered the Spicy Tuna Roll last night and am now battling the worst case of food poisoning the world has ever known - think projectile vomiting- . The tuna was mushy and the color was too dark, like it had been sitting out at room temperature all day. This place needs to be inspected. Avoid this place.",Spicy Tuna Roll,FOOD#QUALITY,negative,false,place,AMBIENCE#GENERAL,negative,false,yelp,place,RESTAURANT#GENERAL,negative,false,,,,,,,,,,,,,,,,,,,,,,,,,,,,,,,,,,,,,,,,
label,dIZegYrM8qlIsCcztwJdgQ,4,"Love this spot! I've been here twice now, trying different dishes each time, and the food is consistently very good.   Food: get the fried chicken. Also, get the Mac and cheese. You can feel guilty about it later.   Atmosphere: cute and cozy with I've music. Just be warned that sitting near the musician means you won't be able to hear much of anything else.   Service: always prompt and courteous!",spot,RESTAURANT#GENERAL,positive,false,food,FOOD#QUALITY,positive,false,yelp,fried chicken,FOOD#QUALITY,positive,false,Mac and cheese,FOOD#QUALITY,positive,false,Atmosphere,AMBIENCE#GENERAL,positive,false,,AMBIENCE#GENERAL,negative,true,Service,SERVICE#GENERAL,positive,false,,,,,,,,,,,,,,,,,,,,,,,,
label,eMqBvX7-QzDeDBLGNPODqw,4,"We visited Village Bakehouse after reading the reviews and were very happy we did. The place has such a homey feel, but small. We waited a few minutes for a table, but were occupied looking at all the goodies. The breakfast prices are very reasonable, under $5 for many items. Pecan sticky bun was amazing!",Village Bakehouse,RESTAURANT#GENERAL,positive,false,homey feel,AMBIENCE#GENERAL,positive,false,yelp,,SERVICE#GENERAL,neutral,true,breakfast prices,FOOD#PRICES,positive,false,Pecan sticky bun,FOOD#QUALITY,positive,false,,,,,,,,,,,,,,,,,,,,,,,,,,,,,,,,
label,ndEiWLwOyaEqltoKcBF7hQ,4,"They have a super yummy menu priced really well. My favorite part is the outdoor bar/sitting area. Love the couches and fire pits! Music is great, line-dancing on the weekends and live music sometimes too! The bartenders are awesome, great drink specials. And their bloody mary's are AMAZING, made with their BBQ sauce, so good! My favorite menu item is the BBQ chicken pizza!",menu,FOOD#QUALITY,positive,false,menu,RESTAURANT#PRICES,positive,false,yelp,outdoor bar/sitting area,AMBIENCE#GENERAL,positive,false,couches and fire pits,AMBIENCE#GENERAL,positive,false,Music,AMBIENCE#GENERAL,positive,false,bartenders,SERVICE#GENERAL,positive,false,drink specials,DRINKS#STYLE_OPTIONS,positive,false,bloody mary's,DRINKS#QUALITY,positive,false,BBQ chicken pizza,FOOD#QUALITY,positive,false,,,,,,,,,,,,,,,,
label,xVeH1kTzduC6HJ1FyHBGzQ,4,"Stopped in for takeout and got a half chicken and lomo saltado. The lomo saltado was delicious. My husband saved the white meat chicken for me (it's usually my favorite) and unfortunately, it was inedibly dry. Hubs said the dark meat was amazing though, so hopefully my white meat dryness was a fluke. I would definitely go back for both the chicken and lomo saltado.",lomo saltado,FOOD#QUALITY,positive,false,white meat chicken,FOOD#QUALITY,negative,false,yelp,dark meat,FOOD#QUALITY,positive,false,,RESTAURANT#GENERAL,positive,true,,,,,,,,,,,,,,,,,,,,,,,,,,,,,,,,,,,,
label,mBHvJg2-j3hiI_OJYVaMXg,2,"Popular place. Large servings.  Avoid the omelets, but the other breakfast entrees look good.  Lots of flies in the dining room.",place,RESTAURANT#GENERAL,positive,false,servings,FOOD#STYLE_OPTIONS,positive,false,yelp,omelets,FOOD#QUALITY,negative,false,breakfast entrees,FOOD#QUALITY,positive,false,dining room,AMBIENCE#GENERAL,negative,false,,,,,,,,,,,,,,,,,,,,,,,,,,,,,,,,
label,qXyQf3kw8aVIVLrJm11KeQ,3,Bar downstairs and upstairs.  People were line dancing when I came in.  Opted for the second floor bar and watched a few people on a little mechancical bull....a mechanical sheep really.   Balcony was the most fun.  There was a roudy bunch out there so we all had a good time.,Balcony,AMBIENCE#GENERAL,positive,false,bunch,AMBIENCE#GENERAL,positive,false,yelp,,,,,,,,,,,,,,,,,,,,,,,,,,,,,,,,,,,,,,,,,,,,
label,IU2KKGqk7Gdfu1qrjfhkjg,3,"I'm loving this whole fresh local food trend. It makes me feel so healthy (even though it may not be).   So the last time I was there, I ordered the Spicy Avocado and Lime kale and grain bowl. It was delicious!! It was so filling that I was able to share it with someone else. The fiancee ordered the buffalo chicken burger and wasn't all that impressed. He said it was kind of boring. So I guess it's a hit or miss depending on what you order.  My only complaint would be some of the employees - having to deal with unpleasant people kind of ruins your dining experience just a bit.",fresh local food trend,FOOD#STYLE_OPTIONS,positive,false,Spicy Avocado and Lime kale and grain bowl,FOOD#QUALITY,positive,false,yelp,buffalo chicken burger,FOOD#QUALITY,negative,false,employees,SERVICE#GENERAL,negative,false,,,,,,,,,,,,,,,,,,,,,,,,,,,,,,,,,,,,
label,DEDYyVHbVJ0IwfBiK2540w,2,"Got there and lady's was not welcoming but neutral asking if we were ready. Took a while then finally I ordered a special chicken sandwhich.  9 almost 10 dollars for that lemonade and fries(medium). Sat down and my order was ready in less then a minute.  Excited because I was starving then upon opening it looked so dryyyy tasted dry, outside was crunchy. Friends burger was greasy like dripping grease. Fries and drink was bomb. Didn't bother complaining just ate and left. Had to go to pole vault summit. Decided to leave a review instead.",lady,SERVICE#GENERAL,negative,false,,SERVICE#GENERAL,negative,true,yelp,,SERVICE#GENERAL,positive,true,special chicken sandwhich,FOOD#QUALITY,negative,false,burger,FOOD#QUALITY,negative,false,Fries,FOOD#QUALITY,positive,false,drink,DRINKS#QUALITY,positive,false,,,,,,,,,,,,,,,,,,,,,,,,
label,AriNsqQhD-XzrLo6omIAyQ,4,"Some people don't like the kitsch of a Mongolian BBQ, but I do.  I love being able to mix up my own meal and my own sauces and have someone else cook it.     Mongolian of Eagle is great.  Located in a strip mall.  It is the cleanest, brightest lit Mongolian BBQ restaurant I have been in.  There is a wide selection of items to include in your meal.  Beef, chicken, and pork.  No lamb.  Service is friendly and quick.    Judging by the high schoolers in at lunch break, it is a very popular place.  If you are in the area and interested in a quick, casual meal, this is the place to try.",kitsch,AMBIENCE#GENERAL,positive,false,my own meal,FOOD#STYLE_OPTIONS,positive,false,yelp,Mongolian of Eagle,RESTAURANT#GENERAL,positive,false,"cleanest, brightest lit",AMBIENCE#GENERAL,positive,false,wide selection,FOOD#STYLE_OPTIONS,positive,false,Service,SERVICE#GENERAL,positive,false,"quick, casual meal",FOOD#STYLE_OPTIONS,positive,false,,,,,,,,,,,,,,,,,,,,,,,,
label,a1WQHMLaT9TojRBYHrrqWA,2,What has happened?  Have been going to Simply Thai for many years.  Recent experience was sub- par. Service was terrible.   Crispy tofu is NOT fried soup noodles.  Who are the white people there?  Does anyone know the story?  Oh my!,Simply Thai,RESTAURANT#GENERAL,negative,false,Service,SERVICE#GENERAL,negative,false,yelp,Crispy tofu,FOOD#QUALITY,negative,false,,,,,,,,,,,,,,,,,,,,,,,,,,,,,,,,,,,,,,,,
label,X7rsF70P7iQpNzUc_dRVow,4,"Great place for really good Greek dining.  Even though touristy area, this is authentic Greek food served with care and excellent ingredients.  Very fair prices too. Nice Greek wine list with beers and Greek liquors.  Staff is knowledgeable and very helpful.  We've been here several times and never disappointed.   Busy place but they handle it well.  Great appetizers (ump-Pagels) and big selection of great Greek dessert.  We shared a Gyro platter with 3 appetizers and dessert and price was less than $40.  Great buy for exquisite lunch.   I will return.",place,RESTAURANT#GENERAL,positive,false,Greek food,FOOD#QUALITY,positive,false,yelp,prices,RESTAURANT#PRICES,positive,false,Greek wine list,DRINKS#STYLE_OPTIONS,positive,false,Staff,SERVICE#GENERAL,positive,false,,SERVICE#GENERAL,positive,true,appetizers,FOOD#QUALITY,positive,false,Greek dessert,FOOD#QUALITY,positive,false,Gyro platter,FOOD#QUALITY,positive,false,price,FOOD#PRICES,positive,false,,,,,,,,,,,,
label,M2uQZs0rnlUijHSmGx4zHA,4,Came in after attending the Zurich Classic golf tournament. It was a warm and a bit humid so what tastier then a ice cream cone? I lucked out and found a parking space on the street. The interior is quite cute and comfy.  The selection here is crazy huge but after sampling a couple of unusual flavors I went with the scoop of cookie monster ice cream on a cone. The ice cream hit the spot and I enjoyed it BC it wasn't overly sweet.  Creole Creamery was definitely worth checking out!,interior,AMBIENCE#GENERAL,positive,false,selection,FOOD#STYLE_OPTIONS,positive,false,yelp,ice cream,FOOD#QUALITY,positive,false,Creole Creamery,RESTAURANT#GENERAL,positive,false,,,,,,,,,,,,,,,,,,,,,,,,,,,,,,,,,,,,
label,vLeQf-87uPLbf2MWjUrqeg,4,"Had lunch here today. My cheeseburger was a 10/10 with an avocado on top. I also had the ""ranchero fries"" which are French fries with ranch, cheese, and tomatoes on top! The only thing keeping this awesome lunch spot from being 5 star would be the fact that it took a significant amount of time to get out food when the restaurant was relatively pretty slow.",cheeseburger,FOOD#QUALITY,positive,false,lunch spot,RESTAURANT#GENERAL,positive,false,yelp,,SERVICE#GENERAL,negative,true,,,,,,,,,,,,,,,,,,,,,,,,,,,,,,,,,,,,,,,,
label,adGKWWhHQNwGnbLFkE6Jfg,3,"Sorry fellas, this place closed.   It is set to be replaced with a Stadium Bar & Grill. It's a shame because I actually liked this place. It wasn't much to look at, but the food was decent and the prices were reasonable.",place,RESTAURANT#GENERAL,positive,false,look,AMBIENCE#GENERAL,negative,false,yelp,food,FOOD#QUALITY,positive,false,prices,FOOD#PRICES,positive,false,,,,,,,,,,,,,,,,,,,,,,,,,,,,,,,,,,,,
label,PD-PWOGIESnEE1vVueXSKQ,4,I went here on a date with my girl friend and we decided to eat outside.  It was beautiful  but cold so I wish they had put the heaters on.  Other than that it was very good.  My salad was perfect and I would definitely get the chicken parmigiana again.  My girlfriend had some sort of seafood medley pasta on special which was excellent.  I forget what the dessert was called but it was like a creme puff filled with vanilla ice cream and covered with cocolate. I would reccomend that.  I will go back.,outside,AMBIENCE#GENERAL,negative,false,salad,FOOD#QUALITY,positive,false,yelp,chicken parmigiana,FOOD#QUALITY,positive,false,seafood medley pasta,FOOD#QUALITY,positive,false,dessert,FOOD#QUALITY,positive,false,,RESTAURANT#GENERAL,positive,true,,,,,,,,,,,,,,,,,,,,,,,,,,,,
label,WUJfweoJurjkzmkZ1C-ZGA,5,"Getting to really like the Trident! Bar server Cody did it All!! She was helpful, efficient and friendly! Good combination!  Fried dill pickles complimented the Arrogant Bastard and Cold Snap my husband hD. We have to come back for a Real meal!! Happy Hour prices also helped!",Cody,SERVICE#GENERAL,positive,false,Fried dill pickles,FOOD#QUALITY,positive,false,yelp,Arrogant Bastard,DRINKS#QUALITY,positive,false,Cold Snap,DRINKS#QUALITY,positive,false,Happy Hour prices,DRINKS#PRICES,positive,false,Trident,RESTAURANT#GENERAL,positive,false,,,,,,,,,,,,,,,,,,,,,,,,,,,,
label,zyWcynpTTkXaM3bfyALlBg,2,"Ew. I don't know what upsets me more, the borderline gross food or how much I had to pay for it. We waited forever to get into this place which served me a relatively tasteless burger on an incredibly soggy McDonald's quality bun and the saltiest fries I have ever eaten. Yes, truffle oil is delicious, but pouring it over burned, greasy fries does not a delicious, 16 dollar meal make. We won't be back.",food,FOOD#QUALITY,negative,false,,FOOD#PRICES,negative,true,yelp,,SERVICE#GENERAL,negative,true,burger,FOOD#QUALITY,negative,false,bun,FOOD#QUALITY,negative,false,fries,FOOD#QUALITY,negative,false,truffle oil,FOOD#QUALITY,positive,false,meal,FOOD#PRICES,negative,false,,RESTAURANT#GENERAL,negative,true,,,,,,,,,,,,,,,,
label,UDcUQUbUWhmyaNsMgVVNVA,4,"Went for Sunday brunch. Arrived a little after 11 and the place was empty. Service was friendly and helpful. Prices on food were good, but drink prices were a little high. Definitely cheaper in Old City. Anyway, the food was great. Fresh and hot and huge portions; neither of us could come close to finishing. Only food complaint was the bacon was way under cooked; needs to be crisper. By the time we left, the place had started to fill up, so get there early for a spot. Definitely will return.",Service,SERVICE#GENERAL,positive,false,food,FOOD#PRICES,positive,false,yelp,drink,DRINKS#PRICES,negative,false,food,FOOD#QUALITY,positive,false,portions,FOOD#STYLE_OPTIONS,positive,false,bacon,FOOD#QUALITY,negative,false,,RESTAURANT#GENERAL,positive,true,,,,,,,,,,,,,,,,,,,,,,,,
label,3SNP-lbx_aNnTSfy2ZYw9g,3,"Stopped by for cheesecake with no one in line, and was ignored by three people before one of them finally acknowledged me. Got the turtle cheesecake. The cheesecake itself was okay. The toppings along with it made it better. These are really like cheesecake sundaes. I should've gotten a regular size. The large was two servings worth.",cheesecake,FOOD#QUALITY,neutral,false,toppings,FOOD#QUALITY,positive,false,yelp,large,FOOD#STYLE_OPTIONS,negative,false,,SERVICE#GENERAL,negative,true,,,,,,,,,,,,,,,,,,,,,,,,,,,,,,,,,,,,
label,CmA6tu-8tLhxf5VLErCRWA,3,"Been there twice because it use to be right around the corner.  It's not the worst place but their claim of making any flavor you can think of isn't exactly all that genuine.  The staff is young and cute and clean, the prices are high.  I'd still rather go to Shake Shack, even if it's not as ""healthy.""",flavor,FOOD#STYLE_OPTIONS,negative,false,staff,SERVICE#GENERAL,positive,false,yelp,prices,RESTAURANT#PRICES,negative,false,place,RESTAURANT#GENERAL,positive,false,,,,,,,,,,,,,,,,,,,,,,,,,,,,,,,,,,,,
label,hv5lP-aJc6-ra4brlTeyeA,3,"Went on a Saturday around lunch time. Very quiet. I was about the only one there. Sushi was ok. Ordered the eel roll and the Screaming Tuna roll. The eel on the roll was minuscule and the roll was dominated by enormous pieces of cucumber. The tuna roll was better and topped with scallions and masago. The obligatory side of ginger (which I'm not sure is really necessary) was of the kind dyed red, completely unnatural. Ginger is pale yellow or tan colored. Cordial service by the only server but he seemed bored as did the chef behind the counter.  Might try again if I'm in the mood and in the area.",quiet,AMBIENCE#GENERAL,neutral,false,Sushi,FOOD#QUALITY,neutral,false,yelp,eel roll,FOOD#QUALITY,negative,false,tuna roll,FOOD#QUALITY,positive,false,ginger,FOOD#QUALITY,negative,false,service,SERVICE#GENERAL,neutral,false,,,,,,,,,,,,,,,,,,,,,,,,,,,,
label,JUq88BgAVEuQ9r1i4MV4-w,2,I ve been to Grand lux many times and I feel like it no longer has the fire it used to have. This used to be a higher end cheesecake factory but now it is similar to its sister company in more ways then one..... I honestly would prefer cheesecake factorys food because I feel like they are more established and consistent.,,AMBIENCE#GENERAL,negative,true,Grand lux,RESTAURANT#GENERAL,negative,false,yelp,food,FOOD#QUALITY,positive,false,,,,,,,,,,,,,,,,,,,,,,,,,,,,,,,,,,,,,,,,
label,8GZbCEMxrbqmRinDbfHWVQ,3,"After trying a few ramen places with crazy variety in their selections and stellar broth, I was not too excited about the ramen I got at Cheu.  Maybe it's a matter of taste, but personally, I was not a fan of their thick noodles, and extremely salty broth.    The service was great, and they had a nice selection of beers!  The friend I went with loved it, and has been many times.  Honestly, I'm just sorry I wasn't a bigger fan.  But I hope others try it for themselves.  I might just be an oddball out on this one.",ramen,FOOD#QUALITY,negative,false,noodles,FOOD#QUALITY,negative,false,yelp,broth,FOOD#QUALITY,negative,false,service,SERVICE#GENERAL,positive,false,beers,DRINKS#STYLE_OPTIONS,positive,false,,,,,,,,,,,,,,,,,,,,,,,,,,,,,,,,
label,hAB0sQSE43p0Ml_-fdGKOw,4,"Nice bar to relax, smoke a cigar and enjoy a drink. My bartender, Adrian, made me a fantastic dirty martini.",bar,AMBIENCE#GENERAL,positive,false,drink,DRINKS#QUALITY,positive,false,yelp,dirty martini,DRINKS#QUALITY,positive,false,bartender,SERVICE#GENERAL,positive,false,,,,,,,,,,,,,,,,,,,,,,,,,,,,,,,,,,,,
label,FByjI2jITjuKb7unai_Pdw,5,"I had to make a stop to get one of the staples, the hand grenade!  This drink will get you twisted so be ready in advance. I had two and my night was filled with dancing, singing, laughter, and all the makings of an incredible evening in New Orleans.   Your drink will last you a while and when you feel like you're finished it seems to be more waiting. Great place and great staff!  They were quick getting you in and getting you back out. Cheers!",place,RESTAURANT#GENERAL,positive,false,staff,SERVICE#GENERAL,positive,false,yelp,,,,,,,,,,,,,,,,,,,,,,,,,,,,,,,,,,,,,,,,,,,,
label,TpS5r76pP2ArDzinSgn70Q,4,Don't have much negative to say. Family ate here before our first lightning game and everyone enjoyed the meal. We are partial to Mexican cuisine and it didn't disappoint although offering complimentary chips and salsa like every other Mexican restaurant in the US would have been nice.,meal,FOOD#QUALITY,positive,false,Mexican cuisine,FOOD#STYLE_OPTIONS,positive,false,yelp,chips and salsa,FOOD#STYLE_OPTIONS,negative,false,,,,,,,,,,,,,,,,,,,,,,,,,,,,,,,,,,,,,,,,
label,t7axwatX4GDNj4rcadIWcQ,2,"Traveler's Rest is an old mansion located deep inside a residential area near the Franklin Pike. It is small, in contemporary view quite plebeian for a plantation house, and is hard to find.  There's an exhibit on the original owner of the house, John Overton, a friend of Andrew Jackson and influential Tennessean in his own right, as well as some exhibits on the Battle of Nashville, which occurried right off the property.  It's decently expensive at $10 and difficult to find, and unless you are a Civil War buff, its not really worth the effort  (to those that are interested in the Civil War, there are much more interesting sites down in Franklin).",expensive,RESTAURANT#PRICES,negative,false,hard to find,LOCATION#GENERAL,negative,false,yelp,plebeian,AMBIENCE#GENERAL,negative,false,,,,,,,,,,,,,,,,,,,,,,,,,,,,,,,,,,,,,,,,
label,Q8k6bndVPPDAQl9KuU9POA,2,"Food used to great years ago but getting really chintzy.  Beef with broccoli, thin tough pieces of beef, six slices covered in veggies.  Not many people, and seeing dirty aqarium while eating not indusive to fine dining,",Food,FOOD#QUALITY,negative,false,beef,FOOD#QUALITY,negative,false,yelp,dirty aquarium,AMBIENCE#GENERAL,negative,false,,,,,,,,,,,,,,,,,,,,,,,,,,,,,,,,,,,,,,,,
label,p198qZsKOMCUhgdtRWsOKQ,4,"After my ROTD  yesterday of a different Sweet CeCe's location, I realized that I had never reviewed my local source!  Anyway, I love the product.  Love love love.  And I usually like their selection of toppings - good mix between healthy and not-so-healthy.  Sometimes the girls working there aren't really paying attention or are nowhere to be found.  Sometimes you have to remind them of their deals (like $5 Friday).  But I can't give it less than 4 stars because I just love it so much.",product,FOOD#QUALITY,positive,false,selection of toppings,FOOD#STYLE_OPTIONS,positive,false,yelp,girls working there,SERVICE#GENERAL,negative,false,$5 Friday,RESTAURANT#PRICES,positive,false,it,RESTAURANT#GENERAL,positive,false,,,,,,,,,,,,,,,,,,,,,,,,,,,,,,,,
label,ZFiN3_hSL1lZGU4xL9QwyA,5,Love love love.     This place us a great vibe with an authentic feel!!   The free coffee is a major plus!    Definitely need to come back!,vibe,AMBIENCE#GENERAL,positive,false,authentic feel,AMBIENCE#GENERAL,positive,false,yelp,free coffee,DRINKS#PRICES,positive,false,place,RESTAURANT#GENERAL,positive,false,,,,,,,,,,,,,,,,,,,,,,,,,,,,,,,,,,,,
label,EmoEe8L3jTOUTOyhCMMdXw,2,"I am sorry to complain about such a beautiful place.  The food we ordered was just lousy.    The mac and cheese had very little cheese, no flavor, just some flavorless crab on a lot of breaded macaroni.  The fish tacos were dry, the cole slaw on them tasteless  We did have a very good bartender, Ryan, so that is why there are some stars on this review.  The chef needs to get with it.",place,AMBIENCE#GENERAL,positive,false,food,FOOD#QUALITY,negative,false,yelp,mac and cheese,FOOD#QUALITY,negative,false,fish tacos,FOOD#QUALITY,negative,false,cole slaw,FOOD#QUALITY,negative,false,bartender,SERVICE#GENERAL,positive,false,,,,,,,,,,,,,,,,,,,,,,,,,,,,
label,wn6ylp4IcoCt-yib8ut4SQ,4,"My medical office had our Christmas party in 2016 at The Depot Craft Brewery Distillery.  Food was EXCELLENT.  Employees were courteous and professional.  We were in the upstairs large group gathering room, which was awesome. We had a bartender and servers all to ourselves.  Did I mention the food was EXCELLENT!!!!!!!!!!!  Only con? Parking for us arriving at 5 pm was waaaaaaaay in the back behind the building and it was raining that night.  :(",Food,FOOD#QUALITY,positive,false,Employees,SERVICE#GENERAL,positive,false,yelp,room,AMBIENCE#GENERAL,positive,false,bartender and servers,SERVICE#GENERAL,positive,false,Parking,LOCATION#GENERAL,negative,false,,,,,,,,,,,,,,,,,,,,,,,,,,,,,,,,
label,N-tN6LvgjrfpPKHmMyuyEg,3,"I absolutely love the summer tiki hut feel of the place! Great for grabbing drinks and just hanging out.  I ordered shrimp tacos. They were pretty good. Nothing out of this world, but not bad either!  The service was great and enjoyed talking  to our server. Everything was very reasonably priced too! I will definitely be back!",summer tiki hut feel,AMBIENCE#GENERAL,positive,false,drinks,DRINKS#STYLE_OPTIONS,positive,false,yelp,shrimp tacos,FOOD#QUALITY,positive,false,service,SERVICE#GENERAL,positive,false,everything,RESTAURANT#PRICES,positive,false,,RESTAURANT#GENERAL,positive,true,,,,,,,,,,,,,,,,,,,,,,,,,,,,
label,H9ffvnupAc3Yuhph_7GP4A,3,"Visited this restaurant for the first time on a Saturday night.  If you want good Italian food and reasonable prices, this is certainly a good choice.  However, I wouldn't give it five stars (or even four stars) based on this visit.  First of all, there was a considerable delay between the time we finished our salads and the serving of the entree (the server was apologetic about this).  Also, my Chicken Francese was tender and tasty, but swimming in an excessive amount of lemon sauce.",restaurant,RESTAURANT#GENERAL,positive,false,Italian food,FOOD#QUALITY,positive,false,yelp,prices,RESTAURANT#PRICES,positive,false,,SERVICE#GENERAL,negative,true,Chicken Francese,FOOD#QUALITY,positive,false,lemon sauce,FOOD#QUALITY,negative,false,,,,,,,,,,,,,,,,,,,,,,,,,,,,
label,_ofccT9KIv1j7StmF-REFQ,4,"Fantastic grilled oysters to start. Muffeletta was good. White chocolate bread pudding was amazing.  Service was very good.  I disliked my blackberry basil margarita, it was not good at all. I told the staff, but they didn't take it away or off the tab :(",grilled oysters,FOOD#QUALITY,positive,false,Muffeletta,FOOD#QUALITY,positive,false,yelp,White chocolate bread pudding,FOOD#QUALITY,positive,false,Service,SERVICE#GENERAL,positive,false,blackberry basil margarita,DRINKS#QUALITY,negative,false,staff,SERVICE#GENERAL,negative,false,,,,,,,,,,,,,,,,,,,,,,,,,,,,
label,6lj-OTugXLu8am0vmdTZ_A,4,"Kind of a cool spot. We were there when it was pretty dead, but the layout is cool and the bowling lanes are just fine.  Run a little loose.  Good selection of beer and the crew was pretty nice.  It would be nice to see the place when it's hopping.",spot,RESTAURANT#GENERAL,positive,false,,AMBIENCE#GENERAL,negative,true,yelp,layout,AMBIENCE#GENERAL,positive,false,bowling lanes,AMBIENCE#GENERAL,neutral,false,,SERVICE#GENERAL,negative,true,beer,DRINKS#STYLE_OPTIONS,positive,false,crew,SERVICE#GENERAL,positive,false,,,,,,,,,,,,,,,,,,,,,,,,
label,JV4njJC0FkDxuRrnljAtUA,1,"Change the name of this place to ""$12 a night just to park at this dump"" and maybe there is a chance at more than one star because I never made it past the less than persuasive garage attendant. It is trashy but common to charge customers park if you are located downtown or adjacent to the airport. This place is neither and has no excuse. It is located at the corner of bad neighborhood and interstate noise.",$12 a night,RESTAURANT#PRICES,negative,false,corner of bad neighborhood,LOCATION#GENERAL,negative,false,yelp,interstate noise,AMBIENCE#GENERAL,negative,false,trashy,RESTAURANT#GENERAL,negative,false,,,,,,,,,,,,,,,,,,,,,,,,,,,,,,,,,,,,
label,Za2Ulul5bVTXE3azxkZlzg,3,"Such a nice- looking place, but they need to get their act together as far as service.  A little too slow.  The server was great!  Once we received our food, we all enjoyed our selections.",place,AMBIENCE#GENERAL,positive,false,service,SERVICE#GENERAL,negative,false,yelp,server,SERVICE#GENERAL,positive,false,food,FOOD#QUALITY,positive,false,,,,,,,,,,,,,,,,,,,,,,,,,,,,,,,,,,,,
label,mCeSdomqytwXc4uyQBMulQ,1,All the food options in D terminal are horrifically bad. This is not much better than the rest.  I got to the terminal a little before 5am and nothing was open. Not even a coffee stand. This was the first place to open so I went for a sausage egg and cheese bagel and  a cup of coffee for a stupid $11 and change.   The bagels had so much grease on it I had to take the whole thing apart and pat it down - it was vile. Never eat here if you value your stomach.,food options,FOOD#QUALITY,negative,false,bagels,FOOD#QUALITY,negative,false,yelp,coffee,DRINKS#PRICES,negative,false,,RESTAURANT#GENERAL,negative,true,,,,,,,,,,,,,,,,,,,,,,,,,,,,,,,,,,,,
label,zi1OWH-ZwQktTBH--FOASw,3,"A friend suggested that we go to biscuits for brunch. By the sound of the name you wouldn't think it was Mexican food but it was. It was fairly large on the inside and pretty clean. The table we sat at was small for the amount of food they give you. I got a Belgian Waffle with pecans and hash browns. The waffle was huge and the hash browns were perfect. I also tried their mimosas but that was somewhat of a disappointment. Something was off, I think the orange juice was bad. It just didn't taste right. Over all the service was good and our food came our pretty fast. I'd go back but probably for dinner next time.",place,AMBIENCE#GENERAL,positive,false,table,AMBIENCE#GENERAL,negative,false,yelp,hash browns,FOOD#QUALITY,positive,false,mimosas,DRINKS#QUALITY,negative,false,orange juice,DRINKS#QUALITY,negative,false,service,SERVICE#GENERAL,positive,false,,SERVICE#GENERAL,positive,true,,RESTAURANT#GENERAL,positive,true,,,,,,,,,,,,,,,,,,,,
label,AbQjvuQjem-mAGBuVBHLSw,3,"It's a family owned restaurant, the environment is good, food was not served very fast but they definitely taste good. One thing, it is really over priced, extremely pricey.............",environment,AMBIENCE#GENERAL,positive,false,,SERVICE#GENERAL,negative,true,yelp,food,FOOD#QUALITY,positive,false,,RESTAURANT#PRICES,negative,true,,,,,,,,,,,,,,,,,,,,,,,,,,,,,,,,,,,,
label,yygV2ktXH-FgTgwe6-vvCw,4,"Solid rice and fresh vegetables. Pricey for what you get, although understandable given that the location is on South St. Also try the panjeon (Korean pancake) and yukgaejang (beef stew) on a cold winter day. Small restaurant, seems like most people take their food to go. Very friendly staff.",rice,FOOD#QUALITY,positive,false,vegetables,FOOD#QUALITY,positive,false,yelp,,FOOD#PRICES,negative,true,staff,SERVICE#GENERAL,positive,false,,,,,,,,,,,,,,,,,,,,,,,,,,,,,,,,,,,,
label,tEH1IuhR8TBpt5bdsfx3ow,3,"Ok, loving the fact that when I wanna satisfy the taste for cheesesteak but since I don't eat meat I can get one that taste like the real thing and not some bland veggie version.  It's a dump inside like most pizza places, and the people that work there are so rude, it was a big turn off.  I'll just be getting delivery from there now on and not dealing with the clowns that work in there at the register from now on.",cheesesteak,FOOD#QUALITY,positive,false,inside,AMBIENCE#GENERAL,negative,false,yelp,people that work there,SERVICE#GENERAL,negative,false,,,,,,,,,,,,,,,,,,,,,,,,,,,,,,,,,,,,,,,,
label,j_KTxYP65H3AMvsDVZerLQ,2,"I had high hopes for this one, because it would have been convenient, but I won't be going back. I will say that the prices are decent and the place is pretty cool, but the quality is less than good. Got home and noticed that the haircut was lopsided...",prices,RESTAURANT#PRICES,positive,false,place,RESTAURANT#GENERAL,positive,false,yelp,quality,FOOD#QUALITY,negative,false,,,,,,,,,,,,,,,,,,,,,,,,,,,,,,,,,,,,,,,,
label,bC0IAhPpk08mVSzMWmM8hg,4,"The atmosphere was nice but laid back. We didn't have to wait at 7 on a tues. The food was okay. It may be what we ordered, the quinoa burger was mushy, I do not suggest it.  The oysters were undercooked but seemed fresh. Fast service but could have been more personable.",atmosphere,AMBIENCE#GENERAL,positive,false,,SERVICE#GENERAL,positive,true,yelp,food,FOOD#QUALITY,neutral,false,quinoa burger,FOOD#QUALITY,negative,false,oysters,FOOD#QUALITY,negative,false,service,SERVICE#GENERAL,neutral,false,,,,,,,,,,,,,,,,,,,,,,,,,,,,
label,AbxNswDUmKaoaYInFAQURw,3,"It was a blah place, grill mahi sandwich was decent, chips good, waffle fries not so good...the atmosphere was mediocre, wait staff was fine so I may go again for a drink but that is probably it!",place,RESTAURANT#GENERAL,negative,false,grill mahi sandwich,FOOD#QUALITY,neutral,false,yelp,chips,FOOD#QUALITY,positive,false,waffle fries,FOOD#QUALITY,negative,false,atmosphere,AMBIENCE#GENERAL,negative,false,wait staff,SERVICE#GENERAL,neutral,false,,,,,,,,,,,,,,,,,,,,,,,,,,,,
label,4rab1QZpVwKSZoqBJE1XmA,4,Great spot! Also has breakfast until 3 vs many places which end at 11. The eggs Benedict and eggs Florentine were delicious. Strawberry mimosa was a bit sweet but good. Bloody mary is bomb! Server was very nice.,spot,RESTAURANT#GENERAL,positive,false,breakfast,RESTAURANT#MISCELLANEOUS,positive,false,yelp,eggs Benedict,FOOD#QUALITY,positive,false,eggs Florentine,FOOD#QUALITY,positive,false,Strawberry mimosa,DRINKS#QUALITY,positive,false,Bloody mary,DRINKS#QUALITY,positive,false,Server,SERVICE#GENERAL,positive,false,,,,,,,,,,,,,,,,,,,,,,,,
label,kX65Dhnis6-uRBfWBZbKyQ,4,"I hesitated before venturing out for my first Burger Up outing because I think of burger joints as the kinds of places that make me feel bloated and miserable when I leave.  Portion sizes are just right at Burger Up.  The buns are great, their onion rings are awesome.    I particularly enjoy the pimento cheese burger, and their bloody marys are perfect on a Saturday mid afternoon.    My only complaint would be the communal tables, but to be fair, the crowd seems to respect boundaries.  Wine by the glass prices are a bit steep, too.  Stick to beer.",Portion sizes,FOOD#QUALITY,positive,false,buns,FOOD#QUALITY,positive,false,yelp,onion rings,FOOD#QUALITY,positive,false,pimento cheese burger,FOOD#QUALITY,positive,false,bloody marys,DRINKS#QUALITY,positive,false,communal tables,AMBIENCE#GENERAL,negative,false,crowd,AMBIENCE#GENERAL,positive,false,Wine by the glass,DRINKS#PRICES,negative,false,,,,,,,,,,,,,,,,,,,,
label,5x6JIL3q0UR30foWSy0giw,4,Food and atmosphere is nice. As one should expect in the CBD. Sometimes the back room can be stuffy on a busy day. I recommend the raw oysters and burgers. A few dollars on the high side for lunch.,Food,FOOD#QUALITY,positive,false,atmosphere,AMBIENCE#GENERAL,positive,false,yelp,back room,AMBIENCE#GENERAL,negative,false,raw oysters,FOOD#QUALITY,positive,false,burgers,FOOD#QUALITY,positive,false,lunch,FOOD#PRICES,negative,false,,,,,,,,,,,,,,,,,,,,,,,,,,,,
label,bgHYA5Kpb5LuBHEQFKyw0Q,2,We live close by so decided to go here. Not up to expectations. The tv's were blasting loud and the place was not that clean especially considering how few people were in there. The food was very average. There are a lot of other better options out there.,,RESTAURANT#GENERAL,negative,true,tv's,AMBIENCE#GENERAL,negative,false,yelp,place,AMBIENCE#GENERAL,negative,false,food,FOOD#QUALITY,neutral,false,,,,,,,,,,,,,,,,,,,,,,,,,,,,,,,,,,,,
label,3A1ziMeMVD1BShVrAF3alQ,1,"Terrible service. Waited in line for an hour and finally the hostess told us they were ""suspending seating because the kitchen is backed up"", on  Saturday evening! Don't waste your time there...",service,SERVICE#GENERAL,negative,false,,SERVICE#GENERAL,negative,true,yelp,,RESTAURANT#GENERAL,negative,true,,,,,,,,,,,,,,,,,,,,,,,,,,,,,,,,,,,,,,,,
label,16cQevkVNr2vGKxVBu2xmQ,1,The service was awful. The restaurant was empty and me and my friend didn't even get our drinks until a little before our food arrived which was almost an hour!  My coffee cup had lipstick on it and I had to holler at my waitress  before she ran off! That wasn't the only issue. I can go on forever. I am also still trying to figure out if crepes are served cold. I didn't even ask them because I knew I'd get a lie.   Please go to another ihop. It's not worth it here.,service,SERVICE#GENERAL,negative,false,restaurant,AMBIENCE#GENERAL,negative,false,yelp,,SERVICE#GENERAL,negative,true,coffee,DRINKS#QUALITY,negative,false,crepes,FOOD#QUALITY,negative,false,,RESTAURANT#GENERAL,negative,true,,,,,,,,,,,,,,,,,,,,,,,,,,,,
label,KLiYG5nsM6rjLDmqXOHBGw,2,The food was mediocre and the staff was even worse. We waited 30 minutes for fried pickles. The only thing going for this place that I could tell was the atmosphere!,food,FOOD#QUALITY,negative,false,staff,SERVICE#GENERAL,negative,false,yelp,,SERVICE#GENERAL,negative,true,atmosphere,AMBIENCE#GENERAL,positive,false,,,,,,,,,,,,,,,,,,,,,,,,,,,,,,,,,,,,
label,ZDiQWIieyFCz3cOxORMECg,1,"Terrible terrible terrible. Out of 6 meals we ordered to go, 5 had to be thrown away. We were missing half the components that were supposed to be part of the meal (no buns for our burgers, no fries that were supposed to come with it) items which were described as vegetarian came with bacon, it was just a major fail all the way around. The few components that we did try were completely flavorless. We will never go back or order from here again. Waste of time and money as I then had to go home make make dinner.",,RESTAURANT#GENERAL,negative,true,meals,FOOD#QUALITY,negative,false,yelp,meal,FOOD#QUALITY,negative,false,items,FOOD#QUALITY,negative,false,components,FOOD#QUALITY,negative,false,money,RESTAURANT#PRICES,negative,false,,SERVICE#GENERAL,negative,true,,,,,,,,,,,,,,,,,,,,,,,,
label,hqOIVQgO9cn0oILzWFAvNg,3,"My wife & I had a very enjoyable first visit to Bici this evening (Saturday). Very friendly and knowledgeable staff, casual but stylish decor, no kids present but there were kids items on the menu (so I guess we were in the right place at the right time!). Food was very good overall and we especially liked the Tuna Nicoise and Mushroom Ragu over Polenta. Chicken Picata was ok but too oily or buttery. The 3-huumus selection was also very good.   I'm sure we'll be back and would recommend it highly. On this night the friendly staff made the experience extra nice.",staff,SERVICE#GENERAL,positive,false,decor,AMBIENCE#GENERAL,positive,false,yelp,Food,FOOD#QUALITY,positive,false,Tuna Nicoise,FOOD#QUALITY,positive,false,Mushroom Ragu,FOOD#QUALITY,positive,false,Chicken Picata,FOOD#QUALITY,negative,false,3-huumus selection,FOOD#QUALITY,positive,false,Bici,RESTAURANT#GENERAL,positive,false,,,,,,,,,,,,,,,,,,,,
label,zgyMyUxdN_ZjUYTAZ9xq2A,5,"I visited the new Paoli location. BIG selection of tasty donuts. It's about time--the cardboard impostors found at Dunkin are so lame compared to these beauties. Salted Caramel, Bacon Maple, Lemon--now you're talking my language. Breakfast sandwiches, muffins, and bagels, oh my.",donuts,FOOD#QUALITY,positive,false,selection,FOOD#STYLE_OPTIONS,positive,false,yelp,Salted Caramel,FOOD#STYLE_OPTIONS,positive,false,Bacon Maple,FOOD#STYLE_OPTIONS,positive,false,Lemon,FOOD#STYLE_OPTIONS,positive,false,breakfast sandwiches,FOOD#QUALITY,positive,false,muffins,FOOD#QUALITY,positive,false,bagels,FOOD#QUALITY,positive,false,,,,,,,,,,,,,,,,,,,,
label,pnkuvgFW7EbQLa1JBq-m_w,5,"We loved this place! Very nice atmosphere, the live piano was a nice touch. The view is amazing, the dining room is practically over the water!!   I recommend staring with the steamed mussels, the sauce it comes with is to die for! For our main course we both had the stuffed grouper which was also great. When most restaurants say crab stuffed something, they mean breading with a little crab. Not here, there was so much crab I don't know if there was any breading. And sooo good!!   For a side, get the Parmesan risotto also amazing!  We had such a good time we are sure to visit next time we are in town!",place,RESTAURANT#GENERAL,positive,false,atmosphere,AMBIENCE#GENERAL,positive,false,yelp,live piano,AMBIENCE#GENERAL,positive,false,view,AMBIENCE#GENERAL,positive,false,steamed mussels,FOOD#QUALITY,positive,false,sauce,FOOD#QUALITY,positive,false,stuffed grouper,FOOD#QUALITY,positive,false,crab,FOOD#QUALITY,positive,false,Parmesan risotto,FOOD#QUALITY,positive,false,good time,RESTAURANT#GENERAL,positive,false,,,,,,,,,,,,
label,lDTzEr8pOYIlQHzPz3Hr1Q,3,"It's a very small restaurant with very friendly service. We came on a Sunday morning and it was packed with customers. Fortunately we didn't have to wait very long to get our table. Our meals where flavorful and hot which didn't take long to receive. Also, I really liked  the hot red sauce that was on the table. They have a very large menu and will have to go back for lunch.",service,SERVICE#GENERAL,positive,false,,SERVICE#GENERAL,positive,true,yelp,meals,FOOD#QUALITY,positive,false,hot red sauce,FOOD#QUALITY,positive,false,menu,FOOD#STYLE_OPTIONS,positive,false,restaurant,RESTAURANT#GENERAL,positive,false,,,,,,,,,,,,,,,,,,,,,,,,,,,,
label,jJ8A1k6EtWnY4qVvqr4ywQ,3,"I really liked the atmosphere and the fresh and yummy ingredients. I'm still trying to find the best pizza place in Reno and I give this three stars for their delicious salads and toppings but minus two stars because I like thinner, whole wheat crust. Still doesn't compare to mom's homemade pizza's!",atmosphere,AMBIENCE#GENERAL,positive,false,ingredients,FOOD#QUALITY,positive,false,yelp,this,RESTAURANT#GENERAL,positive,false,salads and toppings,FOOD#QUALITY,positive,false,crust,FOOD#STYLE_OPTIONS,negative,false,pizza,FOOD#QUALITY,negative,false,,,,,,,,,,,,,,,,,,,,,,,,,,,,
label,xZDBrxP915TEjhfYE9WjKA,2,"Meh. Thats really all I have to say about this place. Food was OK, service was awful. The bartenders were more concerned about texting and laughing with their friends than bringing another drink. I will be back to see if maybe it was a fluke but at this point I doubt it.",place,RESTAURANT#GENERAL,negative,false,Food,FOOD#QUALITY,neutral,false,yelp,service,SERVICE#GENERAL,negative,false,bartenders,SERVICE#GENERAL,negative,false,,,,,,,,,,,,,,,,,,,,,,,,,,,,,,,,,,,,
label,MfBAwMzo0sXymh9MNWZOOg,5,"I've been here 3 times so far and each time I thoroughly enjoyed my experience. I've tried the peanut butter infused cold brew and iced americano I liked them both.  My mom had the cortado which she raved about. But the treats they home make here are my favorite part. Like the chocolate chia pudding topped with toasted coconut and raspberries is DELICIOUS :) Also the PB ball with chia seeds, coconut, oats, and chocolate chips goes perfectly with my coffee. This coffee shop is unique and has its own charm I love it!",experience,RESTAURANT#GENERAL,positive,false,peanut butter infused cold brew,DRINKS#QUALITY,positive,false,yelp,iced americano,DRINKS#QUALITY,positive,false,cortado,DRINKS#QUALITY,positive,false,chocolate chia pudding,FOOD#QUALITY,positive,false,PB ball,FOOD#QUALITY,positive,false,coffee shop,AMBIENCE#GENERAL,positive,false,,,,,,,,,,,,,,,,,,,,,,,,
label,fNJSDElIORaKkQ3KWFqXlg,4,"I walked in here not knowing where I was going or what kind of food they would have to offer, very late around 1am on a Friday night & boy am i glad I did! SO DELICIOUS! I had the Doner Berlin with chicken and added Chickpeas and lettuce to it (along with the cabbage, tomatoes, onions, cilantro, feta & cucumbers that come on the doner already)...IT WAS INCREDIBLE!!! They call this a ""sandwich"" but this is like a gigantic pita only it has a more bread like yet crispy texture. The spicy tzatziki sauce it comes with was so good I had to get more on the side!   I can't wait to come back and try something else!",Doner Berlin,FOOD#QUALITY,positive,false,spicy tzatziki sauce,FOOD#QUALITY,positive,false,yelp,pita,FOOD#STYLE_OPTIONS,positive,false,,RESTAURANT#GENERAL,positive,true,,,,,,,,,,,,,,,,,,,,,,,,,,,,,,,,,,,,
label,BS3Q67l2d2R1_o1MT9Gn5g,1,"This place is a pretentious dump.  The wine selection is basic and grossly overpriced.  I live in San Francisco and can regularly pay $25 for wines that cost $45 here.  NOLA is supposed to be less (not more) expensive than SF.  The cheese offerings are also grocery store basic and way overpriced.  The staff are snooty and uninformed.  You can tell they get by selling swill to rubes, as no oenophile would set foot in this place twice.  Nice concept, but horrible execution.  I appreciate that New Orleans is not a cheese and wine town, but the people and tourists of NOLA deserve much better than this.",wine selection,DRINKS#QUALITY,negative,false,wine selection,DRINKS#PRICES,negative,false,yelp,cheese offerings,FOOD#QUALITY,negative,false,cheese offerings,FOOD#PRICES,negative,false,staff,SERVICE#GENERAL,negative,false,place,RESTAURANT#GENERAL,negative,false,,,,,,,,,,,,,,,,,,,,,,,,,,,,
label,syCv_F27-QFWLc6DZDM_2w,1,"If I could give them 0 stars I would. Horrible customer service. I order my coffee as follows, cold brew, no water, 2 shots. This tote always gives me and issue with this order saying that they cannot make it as follows, although the app offers that as an option for online ordering, and every other Starbucks out there has zero complications with this order. Infuriating.",customer service,SERVICE#GENERAL,negative,false,coffee,DRINKS#STYLE_OPTIONS,negative,false,yelp,,,,,,,,,,,,,,,,,,,,,,,,,,,,,,,,,,,,,,,,,,,,
label,UnpjMkNZRrvqWbfnFpeKtg,4,We order food for the office from here all the time.  The food is healthy but doesn't taste bad.  They offer a variety of foods from chicken salad salads to peanut butter and jelly in peta bread.  They also offer soups and smoothies.  They deliver right to our office floor.,food,FOOD#QUALITY,positive,false,variety,FOOD#STYLE_OPTIONS,positive,false,yelp,soups,FOOD#STYLE_OPTIONS,positive,false,smoothies,DRINKS#STYLE_OPTIONS,positive,false,,,,,,,,,,,,,,,,,,,,,,,,,,,,,,,,,,,,
label,dBRyao_LV6yNwSy8iDhbFw,5,Chocolate mint martini was amazing. Girlfriend had chocolate covered banana martini and loved it. We split the standing banana split and the home made Icecream is the best I have had,Chocolate mint martini,DRINKS#QUALITY,positive,false,chocolate covered banana martini,DRINKS#QUALITY,positive,false,yelp,banana split,FOOD#QUALITY,positive,false,Icecream,FOOD#QUALITY,positive,false,,,,,,,,,,,,,,,,,,,,,,,,,,,,,,,,,,,,
label,rdsyqxHX6dIS8Dx74q4qvw,2,"I hate places that brag about their local heirloom ingredients and then serve the same crap everyone else does. Since when did grape tomatoes become heirlooms? Local vegetables in January? Hardly likely. Be honest and admit you are a bar with average food with above average prices. Service was snotty and you really felt like they were doing you a favor by coming to your table. Serve cream or at least something white with the coffee, maybe the heirloom heritage cow was off for the day?",local heirloom ingredients,FOOD#STYLE_OPTIONS,negative,false,,FOOD#QUALITY,negative,true,yelp,food,FOOD#QUALITY,negative,false,prices,RESTAURANT#PRICES,negative,false,Service,SERVICE#GENERAL,negative,false,cream,DRINKS#STYLE_OPTIONS,negative,false,,,,,,,,,,,,,,,,,,,,,,,,,,,,
label,a7OCV3oJEsLZwPhqboz5wA,5,"What center city lacks in Korean food, Eden delivers. The food is delicious, plentiful and completely homemade (the lady makes her own pickles and kimchi). My husband and I eating here, and the very kindly owner can make a wide variety of dishes, from cod stew to fried chicken, as well as the restaurants back home in Seoul. This is a family-run restaurant, where the proprietress and her husband man the kitchen and the sushi bar, and her sweet daughters wait the tables. Absolutely recommended.",Korean food,FOOD#STYLE_OPTIONS,positive,false,food,FOOD#QUALITY,positive,false,yelp,pickles and kimchi,FOOD#STYLE_OPTIONS,positive,false,wide variety of dishes,FOOD#STYLE_OPTIONS,positive,false,restaurant,RESTAURANT#GENERAL,positive,false,sweet daughters,SERVICE#GENERAL,positive,false,,,,,,,,,,,,,,,,,,,,,,,,,,,,
label,kGJJ6ec_bNx9w0FIBKFOrg,1,Have become increasingly unimpressed with the Asian food on Delmar. Got the chengdu spicy chicken which tasted no different than chicken from a fried chicken place. Rice that came with it was incredibly boring even for rice. Servings were way too much. Server was not attentive to table enough and appeared there was only one server for full restaurant. The only thing justifying one stars was the inside of the restaurant was nice.,Asian food,FOOD#STYLE_OPTIONS,negative,false,chengdu spicy chicken,FOOD#QUALITY,negative,false,yelp,Rice,FOOD#QUALITY,negative,false,Servings,FOOD#STYLE_OPTIONS,negative,false,Server,SERVICE#GENERAL,negative,false,inside of the restaurant,AMBIENCE#GENERAL,positive,false,,,,,,,,,,,,,,,,,,,,,,,,,,,,
label,xqp0pnO0PfBkaFRNaVImYw,3,My husband had the 6 oz pepperloin meal and was very happy with it. I had the shrimp kabob meal. There were only 4 shrimp and they were more then well done and very small.  The service was good. The restaurant was not busy.,6 oz pepperloin meal,FOOD#QUALITY,positive,false,shrimp kabob meal,FOOD#QUALITY,negative,false,yelp,service,SERVICE#GENERAL,positive,false,,,,,,,,,,,,,,,,,,,,,,,,,,,,,,,,,,,,,,,,
label,TC1OoDsyGTCdWXDCARIpQg,3,"#NOLAtourism #chifoodie #foodtourism We did the jazz evening cruise.  The band played two sets both great.  The table service was attentive and the drinks were responsibly priced and in some cases cheap.  However... this is definitely a one time only tourist thing to do.  The narration on the boat was informative but way too short.  And most unfortunately food at the buffet was not traditional Creole fare-- instead it was the same buffet we could have a had a convention in Milwaukee.  If you choose to do this cruise-- buy the cruise only tickets, enjoy the drinks, the view and the band.  Eat before, afterwards or both.  Three stars for the experience.  One star for food.",band,AMBIENCE#GENERAL,positive,false,table service,SERVICE#GENERAL,positive,false,yelp,drinks,DRINKS#PRICES,positive,false,food,FOOD#STYLE_OPTIONS,negative,false,,,,,,,,,,,,,,,,,,,,,,,,,,,,,,,,,,,,
label,Vwk33XkYwOtxHDICA0u-Ew,5,"Good food excellent service, everything was delicious. We ordered firecracker shrimp which came to us quickly we sat at the bar because it was a 3 hour wait to the formal side of the restaurant. They told us you can eat the full menu in the bar area which was true. There was a really good band playing live music, the servers were attentive and we would definitely go back. We ordered alcohol, appetizer, entree, salad, and dessert. We had the salmon and swordfish both were great! Also had HUGE fish tank from famous tv show tanked. Nice views.",food,FOOD#QUALITY,positive,false,service,SERVICE#GENERAL,positive,false,yelp,firecracker shrimp,FOOD#QUALITY,positive,false,,SERVICE#GENERAL,negative,true,band,AMBIENCE#GENERAL,positive,false,servers,SERVICE#GENERAL,positive,false,restaurant,RESTAURANT#GENERAL,positive,false,salmon,FOOD#QUALITY,positive,false,swordfish,FOOD#QUALITY,positive,false,views,AMBIENCE#GENERAL,positive,false,,,,,,,,,,,,
label,37CkKX9-DsJyHtHbQk_3UA,3,"We had yummy sandwiches, drinks and shared a huge slice of millionaire cake for lunch.  Although the sandwiches were tasty, neither of us cared for the mustard they used. Also, the ""salad"" that came with the sandwiches was difficult to navigate. Cake was yummy. Very expensive for what we got.",sandwiches,FOOD#QUALITY,positive,false,mustard,FOOD#STYLE_OPTIONS,negative,false,yelp,salad,FOOD#QUALITY,negative,false,cake,FOOD#QUALITY,positive,false,,RESTAURANT#PRICES,negative,true,,,,,,,,,,,,,,,,,,,,,,,,,,,,,,,,
label,RMAsTokezafvicMi_rlBuw,4,"Really great made to order pizza, like a Chipotle for pizza! I had the alligator sausage with pepperoni, onions, mushrooms and jalapeños on mine and it was delicious! Great beer and smores pie too (use the Yelp offer for the smores pie)! Some issues with charging for this free pie but otherwise great service too!",pizza,FOOD#QUALITY,positive,false,alligator sausage,FOOD#QUALITY,positive,false,yelp,beer,DRINKS#QUALITY,positive,false,smores pie,FOOD#QUALITY,positive,false,,FOOD#PRICES,negative,true,service,SERVICE#GENERAL,positive,false,,,,,,,,,,,,,,,,,,,,,,,,,,,,
label,gJ7fifhiME55IvK6GmYkjA,4,"I usually steer clear of the chain restaurants (since there are so many other good restaurants here in STL), but eating at Brio was a good choice.  I've had brunch, lunch, and dinner here and all were fantastic.  It was also pretty easy to get last minute reservations.  The mushroom ravioli was delicious...I'd definitely get it again!",chain restaurants,RESTAURANT#GENERAL,negative,false,Brio,RESTAURANT#GENERAL,positive,false,yelp,"brunch, lunch, and dinner",FOOD#QUALITY,positive,false,reservations,SERVICE#GENERAL,positive,false,mushroom ravioli,FOOD#QUALITY,positive,false,,,,,,,,,,,,,,,,,,,,,,,,,,,,,,,,
label,8913GX_sJyiC_SNQVmE-HA,1,"This place has really gone down hill.  I always order the same thing - the vegetable samosa chaat - and the last few times it's been a different assortment of ingredients. Today my partner picks up my order and it's in a weird salad container. It was 90% chickpeas, a soggy, in edible mess literally SWIMMING in sauce. Never again.",place,RESTAURANT#GENERAL,negative,false,vegetable samosa chaat,FOOD#QUALITY,negative,false,yelp,weird salad container,SERVICE#GENERAL,negative,false,,,,,,,,,,,,,,,,,,,,,,,,,,,,,,,,,,,,,,,,
label,f0G8L7-Sjk7OfkzQ40C2WQ,4,"FINALLY!   A Chipotle that I love.  You have restored my faith in you.  The meat is cooked, they give you enough of a serving and the staff is friendly.  I sat outside and ate and people watched.",Chipotle,RESTAURANT#GENERAL,positive,false,meat,FOOD#QUALITY,positive,false,yelp,serving,FOOD#QUALITY,positive,false,staff,SERVICE#GENERAL,positive,false,,,,,,,,,,,,,,,,,,,,,,,,,,,,,,,,,,,,
label,PEDx4mitXJrqOK_-tvc8KQ,2,"I bought a groupon for a 4 person buffet and a $25 game card. The games are incredibly expensive. I've been there 2 times before. Everything has gone up. The 'token' games that are there.... $1.25 gets you 4 tokens. Stick with chuck e cheese, food is just as bad, games are half the price.",games,RESTAURANT#PRICES,negative,false,,RESTAURANT#PRICES,negative,true,yelp,token games,RESTAURANT#PRICES,negative,false,food,FOOD#QUALITY,negative,false,games,RESTAURANT#PRICES,positive,false,,,,,,,,,,,,,,,,,,,,,,,,,,,,,,,,
label,4Qm__MpoQ2H4-NYPlghb0Q,2,"Always wanted to visit this restaurant since the outside made it seem inviting and fancy. Finally saw the inside and did not expect it to look like a plain, old building. Wasn't impressed. Came here for lunch on a Friday and the service was slow and disorganized. It wasn't even busy. The food didn't make it any better. It was mediocre at best. This will be my first and last time. I'll give two stars since you get free bread, but doesn't almost every Italian spot do that?",outside,AMBIENCE#GENERAL,negative,false,inside,AMBIENCE#GENERAL,negative,false,yelp,service,SERVICE#GENERAL,negative,false,food,FOOD#QUALITY,negative,false,restaurant,RESTAURANT#GENERAL,negative,false,,,,,,,,,,,,,,,,,,,,,,,,,,,,,,,,
label,NS6C65IPeS4n-fe0JNXGEg,1,"Ok I checked lots of reviews on this place , as there was lots of high ratings, and decided to make my way there which is about 30 minutes. I got there, and was disgusted by the appearance of the exterior, then worse interior. I asked to see menu and then walked out. I didn't even want to think what their kitchen looked like in the back.  Shame on Edmonton if they can rate this place a five star. You definitely pay for wht u get",exterior,AMBIENCE#GENERAL,negative,false,interior,AMBIENCE#GENERAL,negative,false,yelp,place,RESTAURANT#GENERAL,negative,false,,FOOD#QUALITY,negative,true,,RESTAURANT#PRICES,negative,true,,,,,,,,,,,,,,,,,,,,,,,,,,,,,,,,
label,bed0N65L9E1GyiNsI7BOqg,5,Had the brisket sandwich with two sides and a drink for 9.99 - Great barbecue at an affordable price. Wonderful side such as potato casserole cream spinach baked beans green beans,brisket sandwich,FOOD#QUALITY,positive,false,drink,DRINKS#PRICES,positive,false,yelp,price,RESTAURANT#PRICES,positive,false,potato casserole,FOOD#QUALITY,positive,false,cream spinach,FOOD#QUALITY,positive,false,baked beans,FOOD#QUALITY,positive,false,green beans,FOOD#QUALITY,positive,false,,,,,,,,,,,,,,,,,,,,,,,,
label,7U3qs7XiyytBH_sUZAeaTg,4,"Had a great breakfast this morning. Met the manager Nick. Great guy. Loved the fact that he took time to go out of his way to talk to me and ask how my dining experience was. Great spot for the locals as well as the tourists. I had the Big Easy breakfast. Enough food for two. The pancakes were excellent. Good fast service, good food and overall good experience.",breakfast,FOOD#QUALITY,positive,false,Nick,RESTAURANT#MISCELLANEOUS,positive,false,yelp,,SERVICE#GENERAL,positive,true,spot,RESTAURANT#GENERAL,positive,false,pancakes,FOOD#QUALITY,positive,false,service,SERVICE#GENERAL,positive,false,food,FOOD#QUALITY,positive,false,experience,RESTAURANT#GENERAL,positive,false,,,,,,,,,,,,,,,,,,,,
label,nDqk-3muceg_aU9RnXrpVQ,3,"The miso soup is salty and wrong. All the cooked meats are a catastrophe (burnt, chewy, nasty etc). The always half-price sushi is stupid.   You're going to get full on rice. The fish itself isn't what I'd call amazing, but it definitely isn't bad. The malibu is pretty satisfying too.",miso soup,FOOD#QUALITY,negative,false,cooked meats,FOOD#QUALITY,negative,false,yelp,sushi,FOOD#PRICES,negative,false,fish,FOOD#QUALITY,neutral,false,malibu,DRINKS#QUALITY,positive,false,,,,,,,,,,,,,,,,,,,,,,,,,,,,,,,,
label,UTfU2w1dzcGeEvwqqCOOQA,2,"I recently visited this diner due to a segment on the local  news in the winter. While the service was OK, the food was LESS than pleasing. It was tasteless and not appetizing at all. The bacon and turkey sausage were like plastic and cardboard- could have went to a fast food joint for that! The only thing worth ordering was the rye toast. Even the cranberry juice was not a good brand of juice. Needless to say I will not be returning. I will visit Michael's if I need a diner or Fairlane Grill in Flourtown. I only gave 2 stars because the service was not bad.",service,SERVICE#GENERAL,neutral,false,food,FOOD#QUALITY,negative,false,yelp,bacon and turkey sausage,FOOD#QUALITY,negative,false,rye toast,FOOD#QUALITY,positive,false,cranberry juice,DRINKS#QUALITY,negative,false,diner,RESTAURANT#GENERAL,negative,false,,,,,,,,,,,,,,,,,,,,,,,,,,,,
label,Mp0lXLWe5pS8_J1fJ9WNyQ,3,"The food here is hit and miss, especially lately. The popcorn chicken was excellent the first few times, but the last two times it was overly salty and soggy. The noodle dishes are sometimes bright and fresh, but other times are soggy and boring.",popcorn chicken,FOOD#QUALITY,positive,false,popcorn chicken,FOOD#QUALITY,negative,false,yelp,noodle dishes,FOOD#QUALITY,positive,false,noodle dishes,FOOD#QUALITY,negative,false,,,,,,,,,,,,,,,,,,,,,,,,,,,,,,,,,,,,
label,YnKvsXQ9M6R9d9DjbiviSw,4,"Place was a nice hidden gem on maggazine st. Donuts for days and bomb sliders. If you want to get fat eat here. Got the maple bacon donut salted caramel donut and coconut cream. All were yum yum. Then got the fried chicken slider oyster, duck, and pork belly sliders. Fried chicken was the best. All needed more spread/sauce but still yummy. Most affordable lunch we had in NOLA",Place,RESTAURANT#GENERAL,positive,false,donuts,FOOD#QUALITY,positive,false,yelp,sliders,FOOD#QUALITY,positive,false,fried chicken,FOOD#QUALITY,positive,false,lunch,RESTAURANT#PRICES,positive,false,,,,,,,,,,,,,,,,,,,,,,,,,,,,,,,,
label,sxOiKfWcDxtLXVbnD_FHWA,1,Mostly kids working that don't care about service. We waited over an hour for our pizza.  When we finally got it the pizza and potatoes were cold. The place is loud and full of drunks on a Saturday night. If you want to get drunk and eat cold pizza its a great place. I won't go back.,service,SERVICE#GENERAL,negative,false,,SERVICE#GENERAL,negative,true,yelp,pizza,FOOD#QUALITY,negative,false,potatoes,FOOD#QUALITY,negative,false,place,AMBIENCE#GENERAL,negative,false,place,RESTAURANT#GENERAL,positive,false,,RESTAURANT#GENERAL,negative,true,,,,,,,,,,,,,,,,,,,,,,,,
label,ZXt-KRGDhZjC8-TxGWxcFg,2,Sub par sushi. We ordered 2 rolls and the tuna tower. All were pretty bad. Although the miso was pretty good. Yet the entire time I didn't even get a refill on my ice water; which is pretty rough considering everything has spicy mayo.  Then we sat there for about five-ten minutes with the credit card sitting on the end of the table as a hint that we are ready for our bill but we still had to flag down someone else's waitress to get our bill. We won't be going back.,sushi,FOOD#QUALITY,negative,false,rolls,FOOD#QUALITY,negative,false,yelp,tuna tower,FOOD#QUALITY,negative,false,miso,FOOD#QUALITY,positive,false,,SERVICE#GENERAL,negative,true,waitress,SERVICE#GENERAL,negative,false,,RESTAURANT#GENERAL,negative,true,,,,,,,,,,,,,,,,,,,,,,,,
label,mp92_tFNH2RVSXoqCOScmg,2,Very hard to hear your number being called out. They should have a LED display just like the grocery deli department. It is hard to have a conversation at dinner time around 8pm. The place was packed with people. Did have to wait a while for the food to come be ready. You might be better off calling in ahead of time and doing take out. I had the Stir fry tofu. The tofu was a little bland. Stir fry's are all made one after another in same wok. So if you are allergic to something watch out.,,SERVICE#GENERAL,negative,true,,SERVICE#GENERAL,negative,true,yelp,,AMBIENCE#GENERAL,negative,true,,AMBIENCE#GENERAL,negative,true,,SERVICE#GENERAL,negative,true,,SERVICE#GENERAL,negative,true,tofu,FOOD#QUALITY,negative,false,Stir fry's,FOOD#STYLE_OPTIONS,negative,false,,,,,,,,,,,,,,,,,,,,
label,yCNf7tWAahLZVULW9dEhMw,4,I've always had good experiences here. The food is creative and tasty and the house wines are decent. Their cocktails are well made but small. I've never had a problem with service but also haven't been here during a super busy time. The patio is a great spot to hang out with friends.,here,RESTAURANT#GENERAL,positive,false,food,FOOD#QUALITY,positive,false,yelp,food,FOOD#STYLE_OPTIONS,positive,false,house wines,DRINKS#QUALITY,positive,false,cocktails,DRINKS#QUALITY,positive,false,cocktails,DRINKS#STYLE_OPTIONS,negative,false,service,SERVICE#GENERAL,positive,false,patio,AMBIENCE#GENERAL,positive,false,,,,,,,,,,,,,,,,,,,,
label,bQt8QqosIDjDa3h14zTiZg,3,"Dons is good but not authentic.  If your looking more for drinks than food then this would be your place.  Its certainly an upbeat environment, well lit, decorated well.  Food is ok but again just not authentic.",Dons,RESTAURANT#GENERAL,positive,false,environment,AMBIENCE#GENERAL,positive,false,yelp,Food,FOOD#QUALITY,neutral,false,authentic,FOOD#STYLE_OPTIONS,negative,false,,,,,,,,,,,,,,,,,,,,,,,,,,,,,,,,,,,,
label,8X2la4iIscTTYAFUp7M9mA,3,"like most high end steak places you most likely will get a  good and pricey meal. personally i prefer morton's just b/c i think ruth goes a bit crazy with the butter on their steak and an inferior key lime pie but everything else is pretty comparable. they run a 3 course for 2 special for 89- it might be 99 now?- a couple times a year,  well worth it for that price.",meal,FOOD#QUALITY,positive,false,meal,FOOD#PRICES,negative,false,yelp,steak,FOOD#QUALITY,negative,false,key lime pie,FOOD#QUALITY,negative,false,price,RESTAURANT#PRICES,positive,false,,,,,,,,,,,,,,,,,,,,,,,,,,,,,,,,
label,05MMbmO_ABWLaLCRHOyWKg,4,"Not much left to say about this place. Awesome dining experience. Great   Moroccan food, but certainly not the best I've ever had. The experience is really the bread and butter here. Bring cash! Also,   Wish they would mix up the menu a bit.",dining experience,RESTAURANT#GENERAL,positive,false,Moroccan food,FOOD#QUALITY,neutral,false,yelp,menu,FOOD#STYLE_OPTIONS,negative,false,,,,,,,,,,,,,,,,,,,,,,,,,,,,,,,,,,,,,,,,
label,B-7TUHzZyMUsmt5dbUUxlw,5,"In Reno for the night. Was a bit skeptical because well..it's Reno, but this place far exceeded expectations. Very good Taiwanese food compared to most places I've tried in different cities. My recommendations: 三杯鸡, oyster omlet, and scallion pancake.   There are many other dishes I wish I could try. Will definitely miss this place once I leave.",this place,RESTAURANT#GENERAL,positive,false,Taiwanese food,FOOD#QUALITY,positive,false,yelp,三杯鸡,FOOD#QUALITY,positive,false,oyster omlet,FOOD#QUALITY,positive,false,scallion pancake,FOOD#QUALITY,positive,false,dishes,FOOD#STYLE_OPTIONS,negative,false,this place,RESTAURANT#GENERAL,positive,false,,,,,,,,,,,,,,,,,,,,,,,,
label,f6R9DJ8XKXAJdjCSUZcxZQ,2,Food is ok if you like cold fries and alittle chicken on pizza called them back and the girl said you need to talk to walter so he gets on and says where we're busy and the food can't always be hot and also because we live 3 towns over that's why it was cold and he was doing me a favor please people don't go here unless your like in the same town,Food,FOOD#QUALITY,neutral,false,cold fries,FOOD#QUALITY,negative,false,yelp,,LOCATION#GENERAL,negative,true,,,,,,,,,,,,,,,,,,,,,,,,,,,,,,,,,,,,,,,,
label,8aFPCcyLa77wBYItaMXp4w,1,"Was seated and watched 'the show' between the owner and a server for 15 minutes without getting waited on; they bickered in front of customers. Felt like the twilight zone of restaurants. At one point, the owner sat and talked with another table and we STILL hadn't been waited on. And the restaurant maybe had 5 tables seated!! We finally got up and left. Save yourself the time and money, this restaurant needs a serious overhaul.",,SERVICE#GENERAL,negative,true,,AMBIENCE#GENERAL,negative,true,yelp,restaurant,RESTAURANT#GENERAL,negative,false,,RESTAURANT#PRICES,negative,true,,,,,,,,,,,,,,,,,,,,,,,,,,,,,,,,,,,,
label,tOuYH3g4KKM7-l6xcOLGNQ,1,"I've never had the opportunity to use the disclaimer that the only reason I gave it one star was because a no-star option was not available...until now. From the beginning the service was absolutely terrible.  When we asked for menus. The server's response was, ""It's posted (inside on a chalkboard...I suggest you take a picture..""  Some food came earlier than the rest...not everyone got silverware...we were told it was in the dishwasher...bad, bad, bad...keep walking past this joint",service,SERVICE#GENERAL,negative,false,,SERVICE#GENERAL,negative,true,yelp,joint,RESTAURANT#GENERAL,negative,false,,,,,,,,,,,,,,,,,,,,,,,,,,,,,,,,,,,,,,,,
label,ktYOKqtrZVWaWtHH6Emr5A,1,"Sunday not so fun day at Schlafly. Came in, cool music live outside. Go inside to grab a bite and drink.  We sat inside for around 15 minutes, no server. They had like 4 bartenders, two waitresses and 2 bar backs. Yet, no one even approached.   I do not recommend maplewood on Sunday at all. Bad experience.",music,AMBIENCE#GENERAL,positive,false,,SERVICE#GENERAL,negative,true,yelp,experience,RESTAURANT#GENERAL,negative,false,,,,,,,,,,,,,,,,,,,,,,,,,,,,,,,,,,,,,,,,
label,JK6n6OZ87qgvQUmj3-wcFg,2,"I have wasted too many hours of my life in this ""Irish Pub"". It's basically a place where dumb business people, stranded travelers and suckers go to eat standard pub food that is overpriced and underwhelming.   I was unfortunately a stranded traveler on Monday and instead of standing out in the blistering heat where the streets reeked of steaming garbage, I decided to suck it up and head into Slainte.   Oh? You want a drink? I hope you have 25 minutes to wait for it. Oh, you want some Whiz Fries? I hope you like fries that are still frozen in the middle.   This place has two redeeming qualities. Clean bathrooms and proximity to 30th Street Station.",Irish Pub,RESTAURANT#GENERAL,negative,false,pub food,FOOD#QUALITY,negative,false,yelp,pub food,FOOD#PRICES,negative,false,,SERVICE#GENERAL,negative,true,Whiz Fries,FOOD#QUALITY,negative,false,proximity to 30th Street Station,LOCATION#GENERAL,positive,false,,,,,,,,,,,,,,,,,,,,,,,,,,,,
label,e1GYYiMDPv7LWtDZae7fuQ,2,"Sunday Brunch was disappointing.  While there were wonderful items available, many of the hot foods were barely warm, including the coffee.  Our server was very friendly but she didn't offer us the small plate menu until after we had made our selections.  In fact, it was the guy at the omelet station who told us to ask the server for a waffle.  The server also didn't mention the mimosas that were part of the Brunch.   Very pricey for an omelet, cold bacon, cold sausage, cold carved pork and warm coffee. I would have preferred to order from the menu but don't think that was possible.",Sunday Brunch,RESTAURANT#GENERAL,negative,false,items,FOOD#STYLE_OPTIONS,positive,false,yelp,hot foods,FOOD#QUALITY,negative,false,coffee,DRINKS#QUALITY,negative,false,server,SERVICE#GENERAL,positive,false,,SERVICE#GENERAL,negative,true,,SERVICE#GENERAL,negative,true,omelet,FOOD#PRICES,negative,false,bacon,FOOD#QUALITY,negative,false,sausage,FOOD#QUALITY,negative,false,carved pork,FOOD#QUALITY,negative,false,,SERVICE#GENERAL,negative,true,,,,
label,0zwkv3IogMMdYMVQXdbyAA,2,Meh. I think maybe Tampa bay just doesn't have great indian food? Is that why there's such good reviews? I've been here for the lunch buffet a few times and am just not impressed. It's just ok.,indian food,FOOD#QUALITY,negative,false,lunch buffet,FOOD#STYLE_OPTIONS,negative,false,yelp,,,,,,,,,,,,,,,,,,,,,,,,,,,,,,,,,,,,,,,,,,,,
label,6gGmJYdPXL-TapYv4_VCMw,5,So yummy! Best hotdogs in Santa Barbara hands down! Guy is super friendly and helpful. I love how they change it up every week with a different special. Definitely recommend this place you gotta try it.,hotdogs,FOOD#QUALITY,positive,false,Guy,SERVICE#GENERAL,positive,false,yelp,different special,FOOD#STYLE_OPTIONS,positive,false,place,RESTAURANT#GENERAL,positive,false,,,,,,,,,,,,,,,,,,,,,,,,,,,,,,,,,,,,
label,cKqTlDvQilciuxnRS7oZnA,4,"I do like this place. The employees are relaxed and friendly, the pizza and salads are good, and the price is fair.  Also, good location for me.",place,RESTAURANT#GENERAL,positive,false,employees,SERVICE#GENERAL,positive,false,yelp,pizza,FOOD#QUALITY,positive,false,salads,FOOD#QUALITY,positive,false,price,RESTAURANT#PRICES,positive,false,location,LOCATION#GENERAL,positive,false,,,,,,,,,,,,,,,,,,,,,,,,,,,,
label,cdzCDVXb_9xBDJi80NSq8g,1,"Disgustingly over priced. They have a wonderful, mouth watering beer selection but c'mon. This is not even NY prices. I realize PA law is part of the problem here but Foodery beer prices are just too high. I have been on boycott for years. I would rather go to one of the great beer bars around or pick up beer in NJ than give this place my $",,RESTAURANT#PRICES,negative,true,beer selection,DRINKS#QUALITY,positive,false,yelp,prices,DRINKS#PRICES,negative,false,beer prices,DRINKS#PRICES,negative,false,place,RESTAURANT#GENERAL,negative,false,,,,,,,,,,,,,,,,,,,,,,,,,,,,,,,,
label,r7S1cnhAroikwaJQ1-_jJg,2,Its okay it one likes overpriced ice cream....'the gotta have' it menu! Nice its 'fixed' in front of you with a few dollops of the stuff and extras.  Without coupons not worth it...cept for those who supposedly have the $ or the credit cards to blow on disposables such as this,ice cream,FOOD#PRICES,negative,false,,,,,yelp,,,,,,,,,,,,,,,,,,,,,,,,,,,,,,,,,,,,,,,,,,,,
label,X_lseu4ykKX0HAidJqfyCw,3,"I  drove  by  this  restaurant  last  night.  What  a  fun ,  brightly  lit  neighborhood.  I  hope  to  return  and  eat  here.  Looks  like  Florida  has  some  great  new  nightlife. Hidden  somewhere  between  Ybor  City  and  downtown  Tampa....",brightly lit,AMBIENCE#GENERAL,positive,false,,,,,yelp,,,,,,,,,,,,,,,,,,,,,,,,,,,,,,,,,,,,,,,,,,,,
label,bfT488pdiftn85NVg2xiEg,1,after reading other reviews of this place. Nothing special. Wouldn't take friends to. Unless they weren't very good ones. Service c. Food c.,place,RESTAURANT#GENERAL,negative,false,Service,SERVICE#GENERAL,negative,false,yelp,Food,FOOD#QUALITY,negative,false,,,,,,,,,,,,,,,,,,,,,,,,,,,,,,,,,,,,,,,,
label,Q7VueHeqv34543ao5UX15w,5,Just had my first Panera delivery experience and it was great! The delivery was on time and the nicest delivery guy I've ever met delivered my lunch! He was friendly and polite and seemed like he was having his best day ever! Max delivered great food with a contagious smile! Good stuff Panera!,delivery,SERVICE#GENERAL,positive,false,delivery guy,SERVICE#GENERAL,positive,false,yelp,food,FOOD#QUALITY,positive,false,Panera,RESTAURANT#GENERAL,positive,false,,,,,,,,,,,,,,,,,,,,,,,,,,,,,,,,,,,,
label,uneJ59zGqZFaNCCa7iCBiw,1,The taste was decent but I would give it ZERO stars if I could  we ordered the nachos with beef and all 3 of us are SICK! It's past midnight and I'm barfing! Worse decision ever,taste,FOOD#QUALITY,neutral,false,nachos,FOOD#QUALITY,negative,false,yelp,,RESTAURANT#GENERAL,negative,true,,,,,,,,,,,,,,,,,,,,,,,,,,,,,,,,,,,,,,,,
label,8JGWrLHsxml0laUEuBiJSQ,4,"This place is always there for me when I need a pick me up. The coffee is great (as great as convenience store coffee can be!) and there's always an energy drink of sorts on sale. You can find a decent lunch in a pinch as well, the vegetarian/vegan section has some good finds and the chicken tenders are surprisingly good and inexpensive. The staff is always friendly and more than willing to help you or grab what you want if it's not on the shelf. As much as I love & miss Wawa, I am thankful for a nice, clean, friendly place to grab caffeine close to my work.",place,RESTAURANT#GENERAL,positive,false,coffee,DRINKS#QUALITY,positive,false,yelp,lunch,FOOD#QUALITY,neutral,false,vegetarian/vegan section,FOOD#STYLE_OPTIONS,positive,false,chicken tenders,FOOD#QUALITY,positive,false,chicken tenders,FOOD#PRICES,positive,false,staff,SERVICE#GENERAL,positive,false,place,AMBIENCE#GENERAL,positive,false,,,,,,,,,,,,,,,,,,,,
label,UyTKRc8mhGiz869WGGAfQw,2,"I love the taste of Baskin Robins ice cream, but I cannot get over the rude staff at this location. If you're in a bad mood & need ice cream to cheer you up, DO NOT GO HERE. The employees' rudeness will make your mood even worse. Your money will buy you ice cream here. Definitely not customer service.",taste,FOOD#QUALITY,positive,false,staff,SERVICE#GENERAL,negative,false,yelp,here,RESTAURANT#GENERAL,negative,false,customer service,SERVICE#GENERAL,negative,false,,,,,,,,,,,,,,,,,,,,,,,,,,,,,,,,,,,,
label,PfKiiXQAg4ZrEXJCXZciKQ,5,"my food was not as I ordered it and the manager was quick to assist me and make it right, I appreciate that so much, and Katrina who works at the Cheesecake counter is always nice!!!!!!!",food,FOOD#QUALITY,negative,false,manager,SERVICE#GENERAL,positive,false,yelp,Katrina,SERVICE#GENERAL,positive,false,,,,,,,,,,,,,,,,,,,,,,,,,,,,,,,,,,,,,,,,
label,xGeodtt_7auN3uHTPJtm7A,2,Omg this is pizza for people who have never actually been to New York. It's like Nashville hot chicken outside Nashville and have navel had Hattie B's it just doesn't work. This pizza was average at best and the service was terrible staff was rude. Bathrooms were nasty and I really have no reason to return. The Greek salad was ok but they didn't even have Greek dressing. You can do way better than this place... Trust me!,pizza,FOOD#QUALITY,negative,false,service,SERVICE#GENERAL,negative,false,yelp,staff,SERVICE#GENERAL,negative,false,Bathrooms,AMBIENCE#GENERAL,negative,false,Greek salad,FOOD#QUALITY,neutral,false,Greek dressing,FOOD#STYLE_OPTIONS,negative,false,place,RESTAURANT#GENERAL,negative,false,,,,,,,,,,,,,,,,,,,,,,,,
label,a3bXRRZWxMlrBzL3W7u4rQ,2,"2 stars for the staff trying and being nice, they seem really new. Expresso was good. However came in for lunch at 1100 per website and door and they weren't serving it. Apparently kitchen too busy.   Ending up with a breakfast burrito and it tasted like a frozen burrito with some salsa out of a can and some cheap ass cheese. Over salted. Nothing fresh on it or about it. Oh and it was $12 I think I would have been happier and McDonalds.   Over all disappointing... Maybe we will give it a shot another time for lunch or dinner but doubt it will be around very long.",staff,SERVICE#GENERAL,positive,false,Expresso,DRINKS#QUALITY,positive,false,yelp,,SERVICE#GENERAL,negative,true,breakfast burrito,FOOD#QUALITY,negative,false,burrito,FOOD#PRICES,negative,false,overall,RESTAURANT#GENERAL,negative,false,,,,,,,,,,,,,,,,,,,,,,,,,,,,
label,PGhIovwmAMhj_zFDTxad-Q,1,Terrible establishment.  Poor service. The bouncers do not have any restraint. If you are female they will grab you aggressivley. ..very hostile. I have had a few terrible experiences there and I share them with everyone I meet so they know what they are getting into when they go there. Don't waste your time or your money when Nashville has so many other awesome places to offer!,establishment,RESTAURANT#GENERAL,negative,false,service,SERVICE#GENERAL,negative,false,yelp,bouncers,SERVICE#GENERAL,negative,false,money,RESTAURANT#PRICES,negative,false,,,,,,,,,,,,,,,,,,,,,,,,,,,,,,,,,,,,
label,AjFLTLBbVJOuN_JFzSE4OA,5,Awesome food! It was so fresh and delicious. The papaya salad was delicious! Try the curry..simply spicy and beautiful. The service was great too! They have take out!!!,food,FOOD#QUALITY,positive,false,papaya salad,FOOD#QUALITY,positive,false,yelp,curry,FOOD#QUALITY,positive,false,service,SERVICE#GENERAL,positive,false,take out,RESTAURANT#MISCELLANEOUS,positive,false,,,,,,,,,,,,,,,,,,,,,,,,,,,,,,,,
label,_SqlbVOEFw8cBaOQsBqq4g,4,"Oh Pizzarella Grille- I want to love you. I've been going more than I should - and I'm fairly sure you alone are responible for having to buy 36"" pants.  Salad is great (Main line is yummy), the mini-pizzas are made to order. The management seems to be in a constant state of changing - along with the artwork and menu. I'm not sure if it's changed hands a few times or what but the setup has lost consistency.   I'd avoid the pasta dishes; Shrimp Scampi and Lasagna were both pretty bland. Stick with salad and pizza.",Salad,FOOD#QUALITY,positive,false,Main line,FOOD#QUALITY,positive,false,yelp,Shrimp Scampi,FOOD#QUALITY,negative,false,Lasagna,FOOD#QUALITY,negative,false,,,,,,,,,,,,,,,,,,,,,,,,,,,,,,,,,,,,
label,M8lB_rZypORZl-Baci-brg,2,"Mac and cheese is really tasteless. Not worth the price at all. Got the BBQ Bowl. Dry chicken,  chewy macaronis, and soggy cornbread ""crunch""",Mac and cheese,FOOD#QUALITY,negative,false,price,RESTAURANT#PRICES,negative,false,yelp,chicken,FOOD#QUALITY,negative,false,macaronis,FOOD#QUALITY,negative,false,cornbread,FOOD#QUALITY,negative,false,,,,,,,,,,,,,,,,,,,,,,,,,,,,,,,,
label,0NMhXbHONCFR1_hX3MlvzQ,4,I used to enjoy this place when it was Steve's now that it is Terraza it is even a little bit better.   Last time I had an omelet and it was quite generous.  This time I had Ham and Eggs!  Everything was cooked exactly as I liked.  The hash browns were crispy and delish!    I went with a friend who seemed to enjoy it as well.  Some time I will have to try one of their lunch items.  Looking forward to that!,place,RESTAURANT#GENERAL,positive,false,omelet,FOOD#QUALITY,positive,false,yelp,Ham and Eggs,FOOD#QUALITY,positive,false,hash browns,FOOD#QUALITY,positive,false,,,,,,,,,,,,,,,,,,,,,,,,,,,,,,,,,,,,
label,y4r43plc-VoniuOls55SQw,1,"Ordered food at noon. Waited 55 minutes for two salads. Friend ordered House Salad, when it arrived it was spring mix, red onions, cucumbers. No cheese, bacon, tomatoes, pecans. When questioned, response was ""the chef changed it."" Without asking the customer?? And to what....the only items we have prepped? Asked for the manager but was told she was in the kitchen.  Guess that sums it up. Obviously will never go back.  One day later UPDATE: A marketing team member reached out to apologize and offered complementary meal as his personal guests should we want to try again. Hope this is indicative of a team trying to right the ship. Stay tuned.",,SERVICE#GENERAL,negative,true,House Salad,FOOD#STYLE_OPTIONS,negative,false,yelp,,RESTAURANT#GENERAL,negative,true,,,,,,,,,,,,,,,,,,,,,,,,,,,,,,,,,,,,,,,,
label,G6joL9p2lAAtZc27VNJ3vQ,2,"I give a couple of stars because the steamboat ride itself was really nice and the jazz band added a Nawlins touch. Unfortunately, the buffet food served was nowhere near deserving of the ridiculous $77/person charged. The options were almost completely fatty and dry prime rib, fried fish that tasted like paper, and bland penne noodles. The server and staff were friendly, which helped our experience. Would consider doing this if choosing the non-meal option only.",steamboat ride,AMBIENCE#GENERAL,positive,false,jazz band,AMBIENCE#GENERAL,positive,false,yelp,buffet food,FOOD#QUALITY,negative,false,$77/person,RESTAURANT#PRICES,negative,false,prime rib,FOOD#QUALITY,negative,false,fried fish,FOOD#QUALITY,negative,false,penne noodles,FOOD#QUALITY,negative,false,server and staff,SERVICE#GENERAL,positive,false,,,,,,,,,,,,,,,,,,,,
label,psxbpQH6lDnBpXli53uxIw,4,"Great service, food was ok..  Wish the soups were served warmer, and my steak was cooked well done, when requested medium.   However the service was excellent.",service,SERVICE#GENERAL,positive,false,food,FOOD#QUALITY,neutral,false,yelp,soups,FOOD#QUALITY,negative,false,steak,FOOD#QUALITY,negative,false,service,SERVICE#GENERAL,positive,false,,,,,,,,,,,,,,,,,,,,,,,,,,,,,,,,
label,ylxfuL-fmfwE6cxk3PT3bA,1,Super greasy pizza which usually I don't mind but it was salty and greasy! I wanted to order their special 2 slices for 4.99 but they did not have any slices so my only choice was to order a whole pizza for just me. I also purchased tiramisu (my absolute favorite dessert that usually no one can mess up) but it was freezer burnt and hard!?!  I usually always enjoy trying mom and pop pizza places at places I visit on travel but this one is definitely one I would not go to again!  I should've driven the extra 10minutes and found a better spot!  Lesson learned!,pizza,FOOD#QUALITY,negative,false,tiramisu,FOOD#QUALITY,negative,false,yelp,this one,RESTAURANT#GENERAL,negative,false,,,,,,,,,,,,,,,,,,,,,,,,,,,,,,,,,,,,,,,,
label,flgIq3dLojgAZAbIg5wE9w,3,"came for lunch buffet , there were several dishes but overall quality was average. vegetarian dishes were not flavourful. Tandoori chicken and chicken curry were OK.",overall quality,FOOD#QUALITY,neutral,false,vegetarian dishes,FOOD#QUALITY,negative,false,yelp,Tandoori chicken,FOOD#QUALITY,neutral,false,chicken curry,FOOD#QUALITY,neutral,false,,,,,,,,,,,,,,,,,,,,,,,,,,,,,,,,,,,,
label,Yx4hz2I7Uak0g-rwm2kMXg,1,"Food is not bad (i.e., standard Cosi glorified fast food).  However this particular restaurant has the rudest employees I have ever met in my life.  Asking for a fork is a huge burden on them for which I must apologize.  I am SO sorry I need a fork to eat a salad.  Also the workflow here is weird.  They act like you're a huge idiot for not knowing you order salad at one end and soup at the registers.  Signs might help.  Tomato basil was dec though.",Food,FOOD#QUALITY,neutral,false,employees,SERVICE#GENERAL,negative,false,yelp,,SERVICE#GENERAL,negative,true,Tomato basil,FOOD#QUALITY,positive,false,,,,,,,,,,,,,,,,,,,,,,,,,,,,,,,,,,,,
label,lJKwa0eObGUVLwxYuM33vA,3,"If you work at AB, this place is pretty much your go-to lunch spot. Friendly staff and always a solid sandwich. Quick service, but they make both the hot and cold sandwiches with a little extra love and care. The mesquite turkey and the ""St. Louisan"" are my two personal favorites. Some outdoor seating or you can always head across the street to the park for an impromptu picnic.",place,RESTAURANT#GENERAL,positive,false,staff,SERVICE#GENERAL,positive,false,yelp,sandwich,FOOD#QUALITY,positive,false,service,SERVICE#GENERAL,positive,false,sandwiches,FOOD#QUALITY,positive,false,mesquite turkey,FOOD#STYLE_OPTIONS,positive,false,St. Louisan,FOOD#STYLE_OPTIONS,positive,false,outdoor seating,AMBIENCE#GENERAL,positive,false,,,,,,,,,,,,,,,,,,,,
label,h6xvIYwuf4igeDhoX8ddgQ,1,"I am very disappointed by their service.  I ordered a Stromboli and chicken wings at 6:15pm for pick up.  I got there 6:50pm but my order wasn't ready.  I just stood there.  At 7:10pm, my order was finally ready.  No words for I waited quite while.  Stromboli was ok, but chicken wings were terrible.  They were cold and over cooked.  They tasted like there days old chicken wings.  Also, they didn't put celery sticks.  I would not recommend this place and of cause, I won't come back!",service,SERVICE#GENERAL,negative,false,Stromboli,FOOD#QUALITY,neutral,false,yelp,chicken wings,FOOD#QUALITY,negative,false,celery sticks,FOOD#STYLE_OPTIONS,negative,false,place,RESTAURANT#GENERAL,negative,false,,,,,,,,,,,,,,,,,,,,,,,,,,,,,,,,
label,u-Qwo5QBFjS32Kut9yYnyQ,5,"Wow!   Soooo full!    Great staff!   Delicious food!   BYOB!   Good times!      I loved the wings, tofu, and the catfish!     I can't wait until I'm back in town to visit.    It's slowly becoming my undisputed go to restaurant when I'm philly!   Also heard from a patron that Uber eats started delivering.    Wish I lived closer so I could enjoy more frequently.    Absolutely one of my favorite spots for a good meal!",staff,SERVICE#GENERAL,positive,false,food,FOOD#QUALITY,positive,false,yelp,wings,FOOD#QUALITY,positive,false,tofu,FOOD#QUALITY,positive,false,catfish,FOOD#QUALITY,positive,false,restaurant,RESTAURANT#GENERAL,positive,false,BYOB,RESTAURANT#MISCELLANEOUS,positive,false,,AMBIENCE#GENERAL,positive,true,,,,,,,,,,,,,,,,,,,,
label,k2tCjTZmK_KDUYi51AlAvA,4,"5 stars for the food!  We had the veggie appetizer which was great, and then we each had a pasta dish that we shared. Beet and goat cheese plin, pheasant lasagnette, mushroom ravioli and the tagliatelle with rabbit ragu. Superb (luckily we didn't mind sharing!). Also had sides of the cauliflower rissoto which was delicious and the baked artichokes which was okay.  Bombilinis for dessert was a perfect ending. The wait staff was attentive, although our particular waitress seemed a bit distracted. Am definitely going again to try the pizza next time.",food,FOOD#QUALITY,positive,false,veggie appetizer,FOOD#QUALITY,positive,false,yelp,pasta dish,FOOD#QUALITY,positive,false,Bombilinis,FOOD#QUALITY,positive,false,cauliflower rissoto,FOOD#QUALITY,positive,false,baked artichokes,FOOD#QUALITY,neutral,false,wait staff,SERVICE#GENERAL,positive,false,waitress,SERVICE#GENERAL,negative,false,,,,,,,,,,,,,,,,,,,,
label,nB_llreFCxlD344hVj0HOQ,1,"All I have to say is that Epcot's Mexico had better tacos than this authentic Mexican joint.  And that's pretty disappointing.  The meat was mildly warm and wasn't seasoned well enough. The beans and rice were bland as well. They were out of steak, so we mistakenly tried pork skin. Imagine eating diced slugs stuffed in a soft tortilla that keeps falling apart. Now pretend that moment in time never happened and you didn't waste your money on something that traumatizing.  Yeah...not as easy as you'd think.  I was really looking forward to the hole-in-the-wall authenticity, but I was sorely lead astray by previous reviews of this place.  Just don't do it.",tacos,FOOD#QUALITY,negative,false,meat,FOOD#QUALITY,negative,false,yelp,beans and rice,FOOD#QUALITY,negative,false,pork skin,FOOD#QUALITY,negative,false,,RESTAURANT#PRICES,negative,true,this place,RESTAURANT#GENERAL,negative,false,,,,,,,,,,,,,,,,,,,,,,,,,,,,
label,12ybGv64jy83URMzpXB5hw,2,"The wait time was pretty low we got seated so quickly even though it was absolutely packed, however the waitress we had didn't come to our table hardly at all we had empty drinks for half our dinner. It would almost be worth it if the food was good but it was average and I have had much better for cheaper.   Overall experience: meh! Not to die for but not totally disgusting either",wait time,SERVICE#GENERAL,positive,false,waitress,SERVICE#GENERAL,negative,false,yelp,food,FOOD#QUALITY,negative,false,,FOOD#PRICES,negative,true,drinks,DRINKS#QUALITY,negative,false,overall experience,RESTAURANT#GENERAL,neutral,false,,,,,,,,,,,,,,,,,,,,,,,,,,,,
label,I_dgyabFnyEprIEvCcD1OA,5,I'm in the Clearwater area quite often for business so I'm always looking for good restaurants. Cafe Ponte was a recommendation from the customer who was joining us for dinner and it did not disappoint. The lobster bisque was excellent with just a hint of habanero. Something unique that I was not expecting. I had the Boullibaisse which was loaded with seafood in a rich broth. I will definitely be back the next time I'm in town.,Cafe Ponte,RESTAURANT#GENERAL,positive,false,lobster bisque,FOOD#QUALITY,positive,false,yelp,Boullibaisse,FOOD#QUALITY,positive,false,,,,,,,,,,,,,,,,,,,,,,,,,,,,,,,,,,,,,,,,
label,GoRhTTL4HSXs5nXfPdT9Lg,3,"Nice atmosphere, and cool lounge area. Happy hour specials are still pretty pricey and limited to drinks only. Appetizers are tasty.",atmosphere,AMBIENCE#GENERAL,positive,false,lounge area,AMBIENCE#GENERAL,positive,false,yelp,Happy hour specials,DRINKS#PRICES,negative,false,Appetizers,FOOD#QUALITY,positive,false,,,,,,,,,,,,,,,,,,,,,,,,,,,,,,,,,,,,
label,yw4sEeReWlx_6ArqEIBZyw,4,"Wow awesome deli with huge, tasty sandwiches. The Muffaletta was super traditional and very good. It came served on a round roll just like in NOLA.  The Feisty Tuna was phenomenal. The tomatoes, hot giardiniera, and spicy sauce are awesome and really make this sammy pop!  Kinda sloppy eating but sooo worth it.  Slaw was creamy and standard.  Staff was extremely friendly and helpful. The line moved quickly and food came out after a short wait.  This place is great, highly recommend it!",sandwiches,FOOD#QUALITY,positive,false,Muffaletta,FOOD#QUALITY,positive,false,yelp,Feisty Tuna,FOOD#QUALITY,positive,false,"tomatoes, hot giardiniera, and spicy sauce",FOOD#QUALITY,positive,false,sloppy eating,FOOD#QUALITY,negative,false,Slaw,FOOD#QUALITY,neutral,false,Staff,SERVICE#GENERAL,positive,false,,SERVICE#GENERAL,positive,true,place,RESTAURANT#GENERAL,positive,false,,,,,,,,,,,,,,,,
label,fWH09oXOBgdL5XA8leEUWA,3,"my husband and I visited here on fri 6/9.  I think my expectations were way to high.  Donuts were not bad but certainly didn't live up to the hype.  We ordered 6 hots, 2 of each and each sugar mix and 2 of the fancys they had which where spicy pb and j.  My husband is crazy for chicken and couldn't wait to dive in.  He said it was ok",Donuts,FOOD#QUALITY,negative,false,chicken,FOOD#QUALITY,neutral,false,yelp,,,,,,,,,,,,,,,,,,,,,,,,,,,,,,,,,,,,,,,,,,,,
label,LFjBP5cFaeVo1bBMlpYaeA,3,"This place is okay as long as you know what to order. Steaks, chicken, and sandwiches are okay, everything else needs to improve. I am not rating desert here, since these are a safe bet.  Parking at this place is rough, the service is pretty good and makes up for this.  I generally only eat lunch here because the place is not worth the hassle of a dinner crowd.  While I do not go out of my way to go to any Outback, this one is a better one.  Also this location really tries to make improvements and make your experience enjoyable, but the food is average at best.",place,RESTAURANT#GENERAL,neutral,false,"Steaks, chicken, and sandwiches",FOOD#QUALITY,neutral,false,yelp,,FOOD#QUALITY,negative,true,Parking,LOCATION#GENERAL,negative,false,service,SERVICE#GENERAL,positive,false,place,RESTAURANT#GENERAL,negative,false,food,FOOD#QUALITY,neutral,false,,,,,,,,,,,,,,,,,,,,,,,,
label,l_jI1tfvP0TilW5LarEfUA,5,"Best donut shop in STL!!! Family owned, clean, truly great service by people that care and know you! The donuts are amazing. Handmade every morning! It's packed every day. Great breakfast sandwiches too!",donut shop,RESTAURANT#GENERAL,positive,false,clean,AMBIENCE#GENERAL,positive,false,yelp,service,SERVICE#GENERAL,positive,false,donuts,FOOD#QUALITY,positive,false,Handmade,FOOD#STYLE_OPTIONS,positive,false,breakfast sandwiches,FOOD#QUALITY,positive,false,Family owned,RESTAURANT#MISCELLANEOUS,positive,false,,,,,,,,,,,,,,,,,,,,,,,,
label,2KM-ydGmxv390euz-9t4kg,4,"Had a last minute request to find a special rye whiskey (High West double rye) as a present in New Orleans, but didn't have a car (or time) to travel far to find it. This place had it in stock and at reasonable price. Very convenient location in French Quarter.",rye whiskey,DRINKS#PRICES,positive,false,location,LOCATION#GENERAL,positive,false,yelp,place,RESTAURANT#GENERAL,positive,false,,,,,,,,,,,,,,,,,,,,,,,,,,,,,,,,,,,,,,,,
label,vh_pRg0ovctp8wc9WxSb6w,3,Came here one afternoon to watch the Kings hockey game. Place is okay. Nothing really stands out about this place. The best thing I would say is that there are a lot of TVs and a projector to show the game. They have your average beers on tap for $5 bucks a pint. Good place to watch sports.,place,RESTAURANT#GENERAL,positive,false,TVs and a projector,AMBIENCE#GENERAL,positive,false,yelp,beers,DRINKS#PRICES,positive,false,,,,,,,,,,,,,,,,,,,,,,,,,,,,,,,,,,,,,,,,
label,ZFwNHFihgwXbMT-3KbpadQ,5,"Jaclyn is A-W-E-S-O-M-E!!! First time at the Red Pony, eating upstairs, and our waitress is giving us excellent service!! We'll be back!!",service,SERVICE#GENERAL,positive,false,Red Pony,RESTAURANT#GENERAL,positive,false,yelp,,,,,,,,,,,,,,,,,,,,,,,,,,,,,,,,,,,,,,,,,,,,
label,zODpKmu_hvROuTJXqtKmCw,4,The reviews did not disappoint. The chargrilled oysters were the BEST!!!! Shrimp po boy fried fish po boy seasoned and fried to perfection. Ask for Shirley. Even though she is a Met fan we won't hold that against her. She is an excellent server. Will be back.,chargrilled oysters,FOOD#QUALITY,positive,false,Shrimp po boy,FOOD#QUALITY,positive,false,yelp,server,SERVICE#GENERAL,positive,false,,RESTAURANT#GENERAL,positive,true,,,,,,,,,,,,,,,,,,,,,,,,,,,,,,,,,,,,
label,KsbYXvu6wB0qz3FN0rcyhA,2,"Normally have a decent meal here but last night was a clusterf***....  had to ask for butter for our rolls, the salads came out before the appetizer?, my steak came out without sides and was told they are out of mashed potatoes .... would be nice to know this when I order or maybe have the cook make some.... my girlfriends steak was undercooked and she stressed it needs to be well done, sent it back and still came back medium .... though the food was decent the service was a step above fast food at best.....  maybe if people should take some pride in their work there would be less complaints and a business would prosper even more....",food,FOOD#QUALITY,positive,false,,SERVICE#GENERAL,negative,true,yelp,steak,FOOD#QUALITY,negative,false,service,SERVICE#GENERAL,negative,false,,,,,,,,,,,,,,,,,,,,,,,,,,,,,,,,,,,,
label,H86uKqFwaRpTUBShSE4dYg,4,"This is a good alternative to Chipotle. They have a huge selection of salsas and hot sauces. We had chicken tacos and veggie quesadilla. Food tastes good, service is quick and good seating options.. indoor and outdoor.",alternative,RESTAURANT#GENERAL,positive,false,selection of salsas and hot sauces,FOOD#STYLE_OPTIONS,positive,false,yelp,food,FOOD#QUALITY,positive,false,service,SERVICE#GENERAL,positive,false,seating options,AMBIENCE#GENERAL,positive,false,,,,,,,,,,,,,,,,,,,,,,,,,,,,,,,,
label,7-5vMVj1yRh9TJhFiXCdDg,3,"Whenever I'm in Reno we usually try to eat at the Brew Brothers. For a small brewery, we really like the beer. The food was ok, nothing really special. The service, it's ok as well. Kind of annoying how the young girls are practically wearing nothing while the older women are completely covered up. I know it's for the men, but still, there's women that eat there too.",beer,DRINKS#QUALITY,positive,false,food,FOOD#QUALITY,neutral,false,yelp,service,SERVICE#GENERAL,neutral,false,,AMBIENCE#GENERAL,negative,true,,,,,,,,,,,,,,,,,,,,,,,,,,,,,,,,,,,,
label,ABL5ZMVIxiT_JQRaAEy2Ng,3,"Great, rotating, draft list.  Good pizzas, salads, wings.  All around pretty solid menu!  Get's very busy during happy hours, games and weekends.",draft list,DRINKS#STYLE_OPTIONS,positive,false,pizzas,FOOD#QUALITY,positive,false,yelp,salads,FOOD#QUALITY,positive,false,wings,FOOD#QUALITY,positive,false,menu,FOOD#STYLE_OPTIONS,positive,false,,,,,,,,,,,,,,,,,,,,,,,,,,,,,,,,
label,gH4YBcEKkYvFNRQQEvxIKA,4,"Hotel is what you would expect from a Hilton Property.  Clean and spacious room with a sleeping and entertainment area.  Breakfast is included with the room as is WIFI. The free WIIFI is slow.  Breakfast is OK, but not memorable. No surprises, good or bad. Hotel staff are friendly, courteous and helpful.  All in all a good value for what I paid.",room,AMBIENCE#GENERAL,positive,false,Breakfast,FOOD#QUALITY,neutral,false,yelp,WiFI,SERVICE#GENERAL,negative,false,staff,SERVICE#GENERAL,positive,false,value,RESTAURANT#PRICES,positive,false,,,,,,,,,,,,,,,,,,,,,,,,,,,,,,,,
label,u6EW2edED7ZfbZAw7lcYYQ,5,"Great  breads especially the German rye. My favorite breakfast is the poached eggs, cooked perfectly. For lunch, I go for the eggplant panini or  Laurie's salad.",breads,FOOD#QUALITY,positive,false,poached eggs,FOOD#QUALITY,positive,false,yelp,eggplant panini,FOOD#QUALITY,positive,false,Laurie's salad,FOOD#QUALITY,positive,false,,,,,,,,,,,,,,,,,,,,,,,,,,,,,,,,,,,,
label,6tSw-UicDYEe26SNgugqdw,5,"I walked in to an amazing set by an all-female bluegrass outfit (with the owner, Layla, on drums) and soon the talent segued into a tears-in-your-beer and honky-tonking country four-piece.",set,AMBIENCE#GENERAL,positive,false,,,,,yelp,,,,,,,,,,,,,,,,,,,,,,,,,,,,,,,,,,,,,,,,,,,,
label,Bn5P4jFThZiJQEy8mzUXtA,4,"Good price and hive atmosphere. Beignets are way better than cafe du monde, though you still need to go there too so you can say you've been there. Great mocha and brown sugar praline cookie here too. Nice music in the courtyard. Check it out!",price,RESTAURANT#PRICES,positive,false,atmosphere,AMBIENCE#GENERAL,positive,false,yelp,Beignets,FOOD#QUALITY,positive,false,mocha,DRINKS#QUALITY,positive,false,brown sugar praline cookie,FOOD#QUALITY,positive,false,music,AMBIENCE#GENERAL,positive,false,,,,,,,,,,,,,,,,,,,,,,,,,,,,
label,vM1VNPHewyK69nqXEuN6Jw,5,"This place is my absolute fave! The flavors are spot on, they taste exactly the way you imagine, but better! The strawberries & champagne, toasted marshmallow, and cheesecake  are a few of my personal favorites. I moved to Phoenix a few years back and was ecstatic when I found out they opened locations in the valley. This is a Tucson gem that I will continue to visit over and over!",place,RESTAURANT#GENERAL,positive,false,flavors,FOOD#QUALITY,positive,false,yelp,strawberries,FOOD#QUALITY,positive,false,champagne,DRINKS#QUALITY,positive,false,toasted marshmallow,FOOD#QUALITY,positive,false,cheesecake,FOOD#QUALITY,positive,false,locations,LOCATION#GENERAL,positive,false,Tucson,LOCATION#GENERAL,positive,false,,,,,,,,,,,,,,,,,,,,
label,dNY7TxOWj9nCOBMeEMDhIA,1,"What a fu@#$in joke. We came in here and asked for Grey Goose. Dudes all like, ok...then he pours me Titos..Bitch, I'm edumecated....i know the difference between Titos and Grey Goose. I have been drinking since I was ten. And herpes Usher music...i feel insulted. Thank you Brad, or whatever your name is for making it right you fuckin putz. DUECES DICKBAG.",,RESTAURANT#GENERAL,negative,true,Grey Goose,DRINKS#QUALITY,negative,false,yelp,Titos,DRINKS#QUALITY,negative,false,,SERVICE#GENERAL,negative,true,,,,,,,,,,,,,,,,,,,,,,,,,,,,,,,,,,,,
label,gZNQh4RQMU12bgQeBD9Y8w,4,"Tony's really has surprisingly good Mexican food, which you wouldn't expect to find out here in Chalmette.  It's actually the best Mexican food I've had in Louisiana.  Everything I've tried there is good.  My favorite so far is the chiles rellenos, which are large and excellent.  They also have Mexican Coca-Cola, which is sweetened with actual sugar, rather than the high-fructose corn syrup in the American version.",Mexican food,FOOD#QUALITY,positive,false,chiles rellenos,FOOD#QUALITY,positive,false,yelp,Mexican Coca-Cola,DRINKS#QUALITY,positive,false,,,,,,,,,,,,,,,,,,,,,,,,,,,,,,,,,,,,,,,,
label,T5co7A8L05GzOBdPqvl66w,5,"My new favorite place in Philly.  I will put this place up to any of the other cocktail bars in Philly and NY.  Service was outstanding.  the cocktails (especially the Fancy Free) are to die for.  The bar snacks (spicy nut mixture) was great too.  Great job guys.  Staff, decor, atmosphere...all spot on.",place,RESTAURANT#GENERAL,positive,false,Service,SERVICE#GENERAL,positive,false,yelp,cocktails,DRINKS#QUALITY,positive,false,bar snacks,FOOD#QUALITY,positive,false,Staff,SERVICE#GENERAL,positive,false,decor,AMBIENCE#GENERAL,positive,false,atmosphere,AMBIENCE#GENERAL,positive,false,,,,,,,,,,,,,,,,,,,,,,,,
label,mVXbKzvNiTj16Iak_CQk_w,1,"This place honestly was a disappointment! Very thin cuts of meat for the price compared to other places. The food came out cold too. Had the Dolsot Bibimbap and the stone pot was cold to the point I could've picked it up and not get burned.   When you order a dolsot bibimbap of any kind, the rice at the bottle should be able to get crunchy....nope not here.   LADIES AND GENTLEMEN, please save your money and go somewhere else.",place,RESTAURANT#GENERAL,negative,false,thin cuts of meat,FOOD#QUALITY,negative,false,yelp,price,FOOD#PRICES,negative,false,food,FOOD#QUALITY,negative,false,stone pot,FOOD#QUALITY,negative,false,dolsot bibimbap,FOOD#STYLE_OPTIONS,negative,false,,,,,,,,,,,,,,,,,,,,,,,,,,,,
label,vXWnj_w0amklh6Ab0LkTrw,1,"Wasn't that busy they might have had 4 servers on. Our server took forever to get us CANNED BEERS, we NEVER GOT OUR WATERS. Our appetizer came AFTER we finished our food. They comped it, but didn't try to make amends about the rest of horrible experience. We will NEVER GO BACK.",server,SERVICE#GENERAL,negative,false,waters,DRINKS#QUALITY,negative,false,yelp,appetizer,SERVICE#GENERAL,negative,false,experience,RESTAURANT#GENERAL,negative,false,,,,,,,,,,,,,,,,,,,,,,,,,,,,,,,,,,,,
label,qU51pK9Ui3pG5phxzUKtyA,4,"Romantic and cozy French restaurant. A bit pricey, but you get your money's worth with the nice portions. The escargot is highly recommended. Try and save room for dessert.",Romantic and cozy,AMBIENCE#GENERAL,positive,false,pricey,RESTAURANT#PRICES,negative,false,yelp,nice portions,FOOD#QUALITY,positive,false,escargot,FOOD#QUALITY,positive,false,,,,,,,,,,,,,,,,,,,,,,,,,,,,,,,,,,,,
label,HuMthxuNIT8_L7YPfQV38Q,3,"Not worth all the hype.  You order when you walk in the door, take a number and sit down. The food runners wander around the dining area looking for your number. The food did come out fast, but we didn't get our drinks for 10min or so after getting food. Blood Mary was awful. Biscuits, gravy and chicken was all good.   I would be willing to give it another try, but I would not wait in line or rush to go back.",,RESTAURANT#GENERAL,negative,true,,SERVICE#GENERAL,negative,true,yelp,,SERVICE#GENERAL,positive,true,Blood Mary,DRINKS#QUALITY,negative,false,"Biscuits, gravy and chicken",FOOD#QUALITY,positive,false,,,,,,,,,,,,,,,,,,,,,,,,,,,,,,,,
label,I2uYaAxOk0xfhOr555yyOw,5,"A sushi place that delivers? Yes, please! Everything we ordered was great - Queen Roll, Sweet Heart Roll, Summer Roll, plus some individual sushi pieces. Fresh, well prepared, flavorful combinations. Cash only so plan accordingly. We'll be ordering from them again.",delivers,SERVICE#GENERAL,positive,false,Queen Roll,FOOD#QUALITY,positive,false,yelp,Sweet Heart Roll,FOOD#QUALITY,positive,false,Summer Roll,FOOD#QUALITY,positive,false,sushi pieces,FOOD#QUALITY,positive,false,,RESTAURANT#GENERAL,positive,true,,,,,,,,,,,,,,,,,,,,,,,,,,,,
label,XkZGXPALjMkPMoG-pu0VfA,2,"Have to disagree with rave reviews on this one. We were shown a menu and then told they only had about half of the items. Then picked something and were told they didn't have that either. Ended up ordering chicken, lamb, and beef. It took about twenty or twenty five minutes. We ate outside because the interior is so dreary and stuffy. Our order was correct. Food was acceptable but not anything I'll go back for.",menu,FOOD#STYLE_OPTIONS,negative,false,,SERVICE#GENERAL,negative,true,yelp,interior,AMBIENCE#GENERAL,negative,false,order,SERVICE#GENERAL,positive,false,Food,FOOD#QUALITY,negative,false,,RESTAURANT#GENERAL,negative,true,,,,,,,,,,,,,,,,,,,,,,,,,,,,
label,MI2s3v-HmZaBqCILzFjdLw,4,"Really solid beer selection - US, Canadian, Belgian, European.  Canned beer seems to be a point of pride in their offerings, which is good because they're near the Philadelphia Folk Festival which has a no glass policy (also PFF has a no alcohol policy but...)  Samples available, always passing along the new knowledge and stocking the latest.  Goes out of their way to get good stock of beers offered in limited season.",beer selection,DRINKS#QUALITY,positive,false,canned beer,DRINKS#STYLE_OPTIONS,positive,false,yelp,,,,,,,,,,,,,,,,,,,,,,,,,,,,,,,,,,,,,,,,,,,,
label,S-H-Ao17MEYH9cLpvevbnQ,5,"Busy place, but we were offered extra- special coffee while we waited. No sooner than it was ready, so was our table. The server was welcoming and offered suggestions for us after we made her aware of some dietary restrictions. My daughter and I shared a salad, entree, and Special grits. Every bite was delicious, beautifully presented, and reasonably priced as downtown prices go. We like this restaurant a lot.",coffee,DRINKS#QUALITY,positive,false,server,SERVICE#GENERAL,positive,false,yelp,salad,FOOD#QUALITY,positive,false,entree,FOOD#QUALITY,positive,false,Special grits,FOOD#QUALITY,positive,false,prices,FOOD#PRICES,positive,false,restaurant,RESTAURANT#GENERAL,positive,false,,,,,,,,,,,,,,,,,,,,,,,,
label,L70rzFf5qOGTjPJ0Dav3nw,2,"So I love donuts and I love coffee...but don't go here if you have a specific donut in mind! They usually have a ton of iced sprinkled donuts in a ridiculous amount of colors, but beyond that good luck! Also the coffee is a hit or miss at this location. I am a frequent visitor here because Bellevue doesn't have a whole lot going on but don't go with high expectations!",donuts,FOOD#QUALITY,positive,false,donuts,FOOD#STYLE_OPTIONS,negative,false,yelp,coffee,DRINKS#QUALITY,neutral,false,,RESTAURANT#GENERAL,negative,true,,,,,,,,,,,,,,,,,,,,,,,,,,,,,,,,,,,,
label,Ba87pTzadbskLUgT5tZYGA,2,"Kelly's has changed hands and the menu has completely changed.  It's clear they've had to defend this and it seems to annoy them.  I mean the menu was epic - why change it?  In response, the new crew touted the place being cleaner and it was.  I got the  classic burger and fries.  I'll be honest, it was the worst $11 burger that I've ever had.  Dry and flavorless and made me envy a $2 McDonalds bacon burger flashing on the TV.  The fries were OK.  I was shocked to just walk in at dinner time.  This wasn't possible before.  Now I know why.  :",menu,FOOD#STYLE_OPTIONS,negative,false,place,AMBIENCE#GENERAL,positive,false,yelp,burger,FOOD#QUALITY,negative,false,burger,FOOD#PRICES,negative,false,fries,FOOD#QUALITY,neutral,false,,RESTAURANT#GENERAL,negative,true,,,,,,,,,,,,,,,,,,,,,,,,,,,,
label,cY5K0fQLkt1Max_6wwHuCA,3,"I really liked the smaller portions, it allowed us to enjoy more of the menu and the free meal on your birthday was great. The food was good but it was missing something to give it a little bit more. Will definitely go back.",smaller portions,FOOD#STYLE_OPTIONS,positive,false,the free meal on your birthday,RESTAURANT#MISCELLANEOUS,positive,false,yelp,food,FOOD#QUALITY,positive,false,food,FOOD#QUALITY,negative,false,,RESTAURANT#GENERAL,positive,true,,,,,,,,,,,,,,,,,,,,,,,,,,,,,,,,
label,tYYLgYKd5MEu7A8SeDnnQA,3,Yay for the market fresh salad. Finally a restaurant that I can tell them what to put in my salad and not feel bad about it.,salad,FOOD#QUALITY,positive,false,salad,FOOD#STYLE_OPTIONS,positive,false,yelp,restaurant,RESTAURANT#GENERAL,positive,false,,,,,,,,,,,,,,,,,,,,,,,,,,,,,,,,,,,,,,,,
label,T9l5Qipb285uCF2APokOMQ,3,"Food is very good, lovely interior......but...without question among THE most indifferent service I have experienced, from the hostess to the person handling my carry out order.  In order to get to this establishment, I have to walk by or near Flatwater with excellent and healthy food prepared by fun and caring people, served by people who show enormous amounts of enthusiasm and gratitude for my business....and the same is true for Patachou....Bazbeaux.... Geek...  Do these folks understand I, and others, have choices ?  I don't get why people can't smile and act as if my business is appreciated ???",Food,FOOD#QUALITY,positive,false,interior,AMBIENCE#GENERAL,positive,false,yelp,service,SERVICE#GENERAL,negative,false,,SERVICE#GENERAL,positive,true,,,,,,,,,,,,,,,,,,,,,,,,,,,,,,,,,,,,
label,lx4q3env28RptOudJTnRng,5,"My god is this place ever wonderful! Such a huge selection delicious teas! The sales people are also very friendly, and it seems they really enjoy their job. They will literally let you smell absolutely every tea. My favourites are Chocolate Rocket, Swampwater, Tropicalia, and Goji Pop. You can buy tins of loose tea, and these will generally last you a long while. They also carry wonderful tea accessories, teacups, teapots, mesh balls, natural sweeteners, infusers, the works. Definitely try DavidsTea, you won't regret it!",place,RESTAURANT#GENERAL,positive,false,teas,DRINKS#STYLE_OPTIONS,positive,false,yelp,teas,DRINKS#QUALITY,positive,false,sales people,SERVICE#GENERAL,positive,false,Chocolate Rocket,DRINKS#QUALITY,positive,false,Swampwater,DRINKS#QUALITY,positive,false,Tropicalia,DRINKS#QUALITY,positive,false,Goji Pop,DRINKS#QUALITY,positive,false,,,,,,,,,,,,,,,,,,,,
label,_X10F6glgUTF4fJKT5kS-Q,3,"The restaurant was very cute. The staff was friendly and helpful. The food that we had was good. Nothing overly special, but solid. We were perhaps disappointed because we had heard it was great.  Drinks were made with fresh ingredients and were very good.",restaurant,AMBIENCE#GENERAL,positive,false,staff,SERVICE#GENERAL,positive,false,yelp,food,FOOD#QUALITY,positive,false,,RESTAURANT#GENERAL,negative,true,Drinks,DRINKS#QUALITY,positive,false,,,,,,,,,,,,,,,,,,,,,,,,,,,,,,,,
label,QYFIqpXRgpWom4NU0BCLDQ,1,Really truly slow service.  Not the waitress. The kitchen. 40 min to get a pasta and salad.  Recommended if you want to really drag that date out.,service,SERVICE#GENERAL,negative,false,kitchen,SERVICE#GENERAL,negative,false,yelp,,RESTAURANT#GENERAL,negative,true,,,,,,,,,,,,,,,,,,,,,,,,,,,,,,,,,,,,,,,,
label,rBQIdKOXCeF2m86u4PQPmA,3,"It is what you expect in an Acme, the only thing I found a little different with this one is that it seemed the aisles were a little narrower than in other stores. Store is a little smaller than others so not as wide of a variety, but was fine, looks like they've upgraded some areas like the frozen/refrigerated food sections. Service was fine.",Service,SERVICE#GENERAL,positive,false,frozen/refrigerated food sections,FOOD#STYLE_OPTIONS,positive,false,yelp,variety,FOOD#STYLE_OPTIONS,neutral,false,,,,,,,,,,,,,,,,,,,,,,,,,,,,,,,,,,,,,,,,
label,UxLMFo-WBrxlgME6vM0YRg,4,"I had a really great first visit to Growler's Taphouse! The beer selection is really great and our server made some excellent selections, I usually don't expect much food wise from a place with a lot of beer but the food here was pretty great! I ordered the pork sliders and chips & salsa, the hot salsa was so good!!!",Growler's Taphouse,RESTAURANT#GENERAL,positive,false,beer selection,DRINKS#STYLE_OPTIONS,positive,false,yelp,server,SERVICE#GENERAL,positive,false,food,FOOD#QUALITY,positive,false,pork sliders,FOOD#QUALITY,positive,false,hot salsa,FOOD#QUALITY,positive,false,,,,,,,,,,,,,,,,,,,,,,,,,,,,
label,mpHpPSOGzU7zJW7YDpekNw,4,Went there tonight courtesy of a Groupon purchase and was pleasantly surprised at the array of dishes. Decided to go with the Fried Pork Chop sandwich which very good. My girlfriend had the crab cakes with mac & cheese and mashed potatoes. Everything was delicious and we'll be definitely making a return trip b,array of dishes,FOOD#STYLE_OPTIONS,positive,false,Fried Pork Chop sandwich,FOOD#QUALITY,positive,false,yelp,Everything,FOOD#QUALITY,positive,false,return trip,RESTAURANT#GENERAL,positive,false,,,,,,,,,,,,,,,,,,,,,,,,,,,,,,,,,,,,
label,J_Gk3u4VJ2nEEX7YSEmVRA,3,"i got the shrimp & corn soup special and the cobb salad. the soup was really good, especially when you dump a ton of Crystal sauce in it.   the cob salad was huge and very good. the grilled chicken was just right and tasted like the grill, which i dig. i actually felt full after this salad and i can throw down at lunch.   i would like to make it here for breakfast/brunch but i'm never downtown during the day so we'll have to wait on that.   i would come back. they are proud of their food but prices are high everywhere downtown, at least where you would want to eat.",soup,FOOD#QUALITY,positive,false,Crystal sauce,FOOD#STYLE_OPTIONS,positive,false,yelp,cob salad,FOOD#QUALITY,positive,false,grilled chicken,FOOD#QUALITY,positive,false,prices,RESTAURANT#PRICES,negative,false,,,,,,,,,,,,,,,,,,,,,,,,,,,,,,,,
label,5yKmfzyILB1QqU8tRERS-w,2,"What happened?  This place used to be a favorite (as in once a week for years).  Not any more...looks like they reduced the number of people working on a shift and also removed the manager from the equation.  Bad idea.  Things are sloppier now (problems at cash register, fries cooked wrong,  orders messed up...not as clean). Ironic that their voicemail says they are closed yet here we are waiting for our food in a restaurant that is open.  Please make some changes.",place,RESTAURANT#GENERAL,negative,false,,SERVICE#GENERAL,negative,true,yelp,fries,FOOD#QUALITY,negative,false,orders,SERVICE#GENERAL,negative,false,clean,AMBIENCE#GENERAL,negative,false,,,,,,,,,,,,,,,,,,,,,,,,,,,,,,,,
label,pA97R7k3Ci6eO2TDG4YALw,1,"This is not an authentic sushi place.  If you are going to order spicy tuna and salmon then this the places for you, else wait for dinner and head over to Double Knot",place,RESTAURANT#GENERAL,negative,false,authentic sushi,FOOD#STYLE_OPTIONS,negative,false,yelp,spicy tuna,FOOD#STYLE_OPTIONS,positive,false,salmon,FOOD#STYLE_OPTIONS,positive,false,,,,,,,,,,,,,,,,,,,,,,,,,,,,,,,,,,,,
label,xilt6zGZ3Nqo2_fogn3jjA,5,"By far the best deli I have ever been to in the US. YEP, the US. Lots of crazy choices and oh it is hard to pick!! The Muffalata is so big 4 people can share. It is so tasty and amazing! Go on Saturday or Thursday night when they have live music! The special is always a good pick and don't worry there are plenty of sides to choose from. Great Chili, potato salad and of course chips. GO NOW...",deli,RESTAURANT#GENERAL,positive,false,choices,FOOD#STYLE_OPTIONS,positive,false,yelp,Muffalata,FOOD#QUALITY,positive,false,live music,AMBIENCE#GENERAL,positive,false,special,FOOD#STYLE_OPTIONS,positive,false,sides,FOOD#STYLE_OPTIONS,positive,false,Chili,FOOD#QUALITY,positive,false,potato salad,FOOD#QUALITY,positive,false,chips,FOOD#QUALITY,positive,false,,,,,,,,,,,,,,,,
label,kTK8-zo58XWVRZBxk3fXpw,3,"Let me start by saying that the food was was a solid 4stars.  Portions as well.  I enjoyed my basil chicken while my date had peppered beef which was a tad bland for my liking. The only reason for not giving this place 4 stars was the service.  We didnt receive our waters until the entrees came and the waitress was generally unattentive. Also a bit odd was that rice must me ordered as a side. Southeast Asian food without rice??? Never heard of sucha thing. But Everything considered, it is worth a try.",food,FOOD#QUALITY,positive,false,Portions,FOOD#QUALITY,positive,false,yelp,basil chicken,FOOD#QUALITY,positive,false,peppered beef,FOOD#QUALITY,negative,false,service,SERVICE#GENERAL,negative,false,rice,FOOD#STYLE_OPTIONS,negative,false,place,RESTAURANT#GENERAL,positive,false,,,,,,,,,,,,,,,,,,,,,,,,
label,S6pQZQocMB1WHMjTRbt77A,4,The place is cute and the staff was very friendly. Nice menu. Good for brunch. We had lunch and were seated right away. I really enjoyed the avocado  toast and side of bacon. Nice to have another brunch place nearby.,place,AMBIENCE#GENERAL,positive,false,staff,SERVICE#GENERAL,positive,false,yelp,menu,FOOD#STYLE_OPTIONS,positive,false,brunch,FOOD#STYLE_OPTIONS,positive,false,,SERVICE#GENERAL,positive,true,avocado toast,FOOD#QUALITY,positive,false,bacon,FOOD#QUALITY,positive,false,another brunch place,LOCATION#GENERAL,positive,false,,,,,,,,,,,,,,,,,,,,
label,P-CrxcEYcUIjBuoVQ-YIAA,5,"Always dead on with fresh made foods. Folks are friendly, food is great, Italian Specialties are always tasty. Great rolls too. The comment from OTTIS B. is not true; maybe it was him, as he said ""after paying"" he went back. Owners aim to please.....",foods,FOOD#QUALITY,positive,false,Folks,SERVICE#GENERAL,positive,false,yelp,food,FOOD#QUALITY,positive,false,Italian Specialties,FOOD#STYLE_OPTIONS,positive,false,rolls,FOOD#QUALITY,positive,false,Owners,RESTAURANT#GENERAL,positive,false,,,,,,,,,,,,,,,,,,,,,,,,,,,,
label,k4qQtZ_ooqUvdIOkDba-PQ,2,What the heck has happened to Claim Jumper?? The food used to be very good. My girlfriend and I went there for lunch and it was terrible! It used to be one of my favorite restaurants but the food is no longer worth eating. I can only assume they will be going out of business soon. Very sad.,food,FOOD#QUALITY,negative,false,restaurants,RESTAURANT#GENERAL,positive,false,yelp,,RESTAURANT#GENERAL,negative,true,,,,,,,,,,,,,,,,,,,,,,,,,,,,,,,,,,,,,,,,
label,LH2a8f7CGYYOVGzXESRCMA,4,"A new Indonesian restaurant established in the heart of South Philly with the touch of Medan taste. Sky Cafe has a small menu with popular dishes. The restaurant can seat about 30 people, so if you show up for lunch on a weekend, plan on waiting for a few minutes. Otherwise, great food and prices.",food,FOOD#QUALITY,positive,false,prices,FOOD#PRICES,positive,false,yelp,,,,,,,,,,,,,,,,,,,,,,,,,,,,,,,,,,,,,,,,,,,,
label,PgtEFLO6Ke49pkKuxiKacQ,3,"Good Hispanic food, not authentic but if you want plates that look good for photos and decent food, go here.",food,FOOD#QUALITY,positive,false,authentic,FOOD#STYLE_OPTIONS,negative,false,yelp,plates,FOOD#STYLE_OPTIONS,positive,false,,,,,,,,,,,,,,,,,,,,,,,,,,,,,,,,,,,,,,,,
label,UHHKFPgkHNO4foxCMUeJzg,2,"As a frequent guest at the Chase I often enjoy a low key dinner on the patio. The food is fine. Nothing special. It gets truly unbearable on Sundays by the pool and Thursday nights when it becomes an inadvertent homage to Night at the Roxbury. Loud terrible music, a crowd that makes Jersey look respectable and hotel guests calling to complain. It has a serious identity crisis. Is this a fancy hotel or a shitty nightclub? The sad truth is the latter. 2 stars.",patio,AMBIENCE#GENERAL,positive,false,food,FOOD#QUALITY,neutral,false,yelp,pool,AMBIENCE#GENERAL,negative,false,music,AMBIENCE#GENERAL,negative,false,crowd,AMBIENCE#GENERAL,negative,false,,RESTAURANT#GENERAL,negative,true,,,,,,,,,,,,,,,,,,,,,,,,,,,,
label,iUOsrPFt7oLFT8kqGzN7RQ,1,"Can you at least put some meat on that cheesesteak! Not a good bang for your buck. But as someone said, it's the only gig in town. Gosh,  McDonald's gives you a bigger burger and more fries, at a cheaper price! Never use to be this way at Parkside.",cheesesteak,FOOD#QUALITY,negative,false,,FOOD#PRICES,negative,true,yelp,,RESTAURANT#PRICES,negative,true,,,,,,,,,,,,,,,,,,,,,,,,,,,,,,,,,,,,,,,,
label,JgoPc1oKba-v9YAaAEyjng,1,"I haven't seen the book, but I think hotchickswithdouchebags.com is a hilarious website that.... Oops!  I forgot - this is a review for Pearl... in my defense, it's very easy to confuse the two.  I went to Pearl to see a DJ who I'd enjoyed at Silk City, but it was choch central and after one overpriced drink both my wallet and my soul were hurting.",drink,DRINKS#PRICES,negative,false,DJ,AMBIENCE#GENERAL,negative,false,yelp,,,,,,,,,,,,,,,,,,,,,,,,,,,,,,,,,,,,,,,,,,,,
label,qHQxx1g8rGno-LRd1OxsiA,4,"Ate lunch here for the first time, and overall it was a good meal at a decent price and it was fast.  I ordered the NY Strip Teriyaki Bento Box which came with the NY Strip in a nice teriyaki sauce on a bed of green peppers and onions, with miso soup, a California roll, white rice and a house salad with ginger dressing.  I asked for the steak to be cooked medium rare, and it was definitely on the rare side.  It was good, the cali roll was good and the ginger dressing was... good.  The service was very good and fast.  Everything was good, but nothing was spectacular.  So... 4 stars.",meal,FOOD#QUALITY,positive,false,price,RESTAURANT#PRICES,positive,false,yelp,service,SERVICE#GENERAL,positive,false,NY Strip Teriyaki Bento Box,FOOD#QUALITY,positive,false,California roll,FOOD#QUALITY,positive,false,ginger dressing,FOOD#QUALITY,positive,false,,,,,,,,,,,,,,,,,,,,,,,,,,,,
label,qUorhmd0Eb7dW5HrgZ9ywQ,1,I quite agree with most of the reviews posted here about the owner of this terrible place. I feel the owner is mentally ill or normally high on weed. He is a racist bastard and I will not be surprised if someone's sues to this place/owner in future.  I don't want to go into the minute details about our conversation with the owner but I would suggest that you should only visit this place in case you are fine with being treated as shit.I would rather spend an extra $10 bucks and go to a better place with better customer service.  I would have given 0 or less rating had yelp provided me that option.,place,RESTAURANT#GENERAL,negative,false,,SERVICE#GENERAL,negative,true,yelp,,,,,,,,,,,,,,,,,,,,,,,,,,,,,,,,,,,,,,,,,,,,
label,aHtgSP4nTEtHvYQ0TE6w1g,5,Their bird & pig sandwich is the bomb. Brie cheese is one of my favs and this sandwich offers plenty. The Asian Slaw was a suggestion from our waitress and did not disappoint. It was yummy. The sesame seeds made all the difference. Full bar always has a variety of tasty drink options. This place is cool bc it has a vegan options for those folks with those dietary needs.,bird & pig sandwich,FOOD#QUALITY,positive,false,Brie cheese,FOOD#QUALITY,positive,false,yelp,Asian Slaw,FOOD#QUALITY,positive,false,sesame seeds,FOOD#QUALITY,positive,false,Full bar,DRINKS#STYLE_OPTIONS,positive,false,vegan options,FOOD#STYLE_OPTIONS,positive,false,place,RESTAURANT#GENERAL,positive,false,,,,,,,,,,,,,,,,,,,,,,,,
label,qFgZtnFfvv73CByNPl1BjA,4,"My go to place for fried seafood here in Nashville!  I LOVE, LOVE, LOVE the fried oysters and clam strips basket!  The seafood is always fresh and tasty!  On days when I'm ""trying"" to be good, I flip the menu over to their sushi offerings...the Green Goddess and the Shrimp Pad Thai are my faves!",place,RESTAURANT#GENERAL,positive,false,fried oysters,FOOD#QUALITY,positive,false,yelp,clam strips basket,FOOD#QUALITY,positive,false,seafood,FOOD#QUALITY,positive,false,sushi offerings,FOOD#STYLE_OPTIONS,positive,false,Green Goddess,FOOD#QUALITY,positive,false,Shrimp Pad Thai,FOOD#QUALITY,positive,false,,,,,,,,,,,,,,,,,,,,,,,,
label,gj_usrjf1TIkh73H-QO3uw,5,"Went here with my boyfriend and we loved it! Old school feeling, with 3 floors!!  We have been here twice, and each time was great! The food was amazing, I got the veal since it had been recommended to me, as well as the clams casino, mussles, pasta with oil and garlic, and the home-made garlic bread. Staff was nice and helpful!  ...Went here again recently while in the area and had this new dish of gnocchi with gorgonzola sauce in it, and it was delicious!!!!! My new favorite dish as this place.   MUST EAT!!!",it,RESTAURANT#GENERAL,positive,false,feeling,AMBIENCE#GENERAL,positive,false,yelp,food,FOOD#QUALITY,positive,false,veal,FOOD#QUALITY,positive,false,clams casino,FOOD#QUALITY,positive,false,mussels,FOOD#QUALITY,positive,false,pasta with oil and garlic,FOOD#QUALITY,positive,false,home-made garlic bread,FOOD#QUALITY,positive,false,Staff,SERVICE#GENERAL,positive,false,gnocchi with gorgonzola sauce,FOOD#QUALITY,positive,false,,,,,,,,,,,,
label,z7886BlNmDO_Egyq3fY_AA,4,"This was mine and my fiancé's first time eating here because it not only just opened up, but I got a coupon for a free pizza, so why not right?  We weren't blown away with the experience or the pizza, but liked that it was fast and efficient. The staff that made that pizza was very friendly, but the cashier wasn't sharing that same enthusiasm.   Wouldn't drive out of my way to go here, but if we are in the neighborhood and feel like some pizza, we may go back.",pizza,FOOD#PRICES,positive,false,pizza,FOOD#QUALITY,negative,false,yelp,experience,RESTAURANT#GENERAL,negative,false,,SERVICE#GENERAL,positive,true,staff,SERVICE#GENERAL,positive,false,cashier,SERVICE#GENERAL,negative,false,,RESTAURANT#GENERAL,negative,true,,,,,,,,,,,,,,,,,,,,,,,,
label,UOfpciAn1koaoGYDTFoW7g,4,"Ok so I lied. There is no falafel here. Went back and got the ziggy burger (eh), crispy chick'n sandwhich (amazing!), quinoa chili (yum), udon salad (eh), and sweet potato fries (pretty good). It's nice to have the option of a vegetarian fast food place because who knows what some of those places put in the mean.",falafel,FOOD#STYLE_OPTIONS,negative,false,ziggy burger,FOOD#QUALITY,neutral,false,yelp,crispy chick'n sandwhich,FOOD#QUALITY,positive,false,quinoa chili,FOOD#QUALITY,positive,false,udon salad,FOOD#QUALITY,neutral,false,sweet potato fries,FOOD#QUALITY,positive,false,option,FOOD#STYLE_OPTIONS,positive,false,,,,,,,,,,,,,,,,,,,,,,,,
label,JPH0dfbezXv0-hjG8_dalw,2,"I get annoyed when I go to a place that's open, yet the doors are locked and the staff makes me wait to come in. If you're open, you're open. If the doors were unlocked you wouldn't have to roll your eyes and come unlock it.   Other than that food was quick. Faster that the iced coffee. Which she made and immediatly walked away from making me have to wait then eventually get pissed and have to reach over the counter to get.   Ughhhhhh. Why do I do this to myself",staff,SERVICE#GENERAL,negative,false,place,RESTAURANT#GENERAL,negative,false,yelp,food,FOOD#QUALITY,positive,false,,,,,,,,,,,,,,,,,,,,,,,,,,,,,,,,,,,,,,,,
label,m8kEghTvKeB6o6yvKqtVZg,1,"I just moved here and have been a Chinese food lover for ever. I have had some bad chinese food, but these people messed up Wanton Soup, Egg Foo Young, Orange Chicken and they even messed up the crispy noodles. This is by far not even what I would call Chinese, maybe slop. I could make better food  and probably should have tried but my cookware was still packed. I just threw $60. out the window, please save your Money. Heed my warning and don't waste a dime here. Horrible. I threw it all out.",Wanton Soup,FOOD#QUALITY,negative,false,Egg Foo Young,FOOD#QUALITY,negative,false,yelp,Orange Chicken,FOOD#QUALITY,negative,false,crispy noodles,FOOD#QUALITY,negative,false,chinese food,FOOD#QUALITY,negative,false,$60,RESTAURANT#PRICES,negative,false,,,,,,,,,,,,,,,,,,,,,,,,,,,,
label,B8sUIRgisTiHbpdw5X1wMg,4,"This place never disappoints.  Even though they didn't have the seafood listed on the menu for our dish,  the substitutions might have been better. Since it is a tiny place there is sometimes a wait...  But it's well worth it. As always,  the leftovers were just as delicious...",place,RESTAURANT#GENERAL,positive,false,seafood,FOOD#STYLE_OPTIONS,negative,false,yelp,substitutions,FOOD#QUALITY,negative,false,,SERVICE#GENERAL,negative,true,leftovers,FOOD#QUALITY,positive,false,,,,,,,,,,,,,,,,,,,,,,,,,,,,,,,,
label,qUg8WAiB5OBzrAFnYutOXg,2,"It was our first time eating there and we ordered the buffalo chicken bites, chicken tacos, stuffed potato spring rolls and salmon three way! The food was mediocre and our server was really slow! Don't think we'll be going back there!",food,FOOD#QUALITY,negative,false,server,SERVICE#GENERAL,negative,false,yelp,,RESTAURANT#GENERAL,negative,true,,,,,,,,,,,,,,,,,,,,,,,,,,,,,,,,,,,,,,,,
label,Hrno8kOobp9O009DRbsVgQ,4,"On the same lines as any of the Scotty's Brewhouses around Indiana, but this one prides itself for being organic.  Also has a list of beers from different Indiana breweries (a plus in my book).  I had a bison burger which I really liked and would recommend it to any burger fan.",beers,DRINKS#STYLE_OPTIONS,positive,false,bison burger,FOOD#QUALITY,positive,false,yelp,organic,FOOD#STYLE_OPTIONS,positive,false,,,,,,,,,,,,,,,,,,,,,,,,,,,,,,,,,,,,,,,,
label,YQtuP2OsLItDgSyEu5wfHA,2,"Had a falafel wrap here a few years ago. Not bad, so tried it again today. No flavor, except extreme saltiness! The falafels & pita = no flavor. I was hoping the tzatziki sauce would pull it all together, nope! It had no flavor either. It wasn't like the sauce you'd imagine, but more like a thin tasteless glue. Only good part about the wrap were the fresh diced cucumber & tomato, too bad that was underneath the icky white sauce that doesn't even deserve to be called tzatziki : (",falafel wrap,FOOD#QUALITY,negative,false,falafels & pita,FOOD#QUALITY,negative,false,yelp,tzatziki sauce,FOOD#QUALITY,negative,false,fresh diced cucumber & tomato,FOOD#QUALITY,positive,false,icky white sauce,FOOD#QUALITY,negative,false,,,,,,,,,,,,,,,,,,,,,,,,,,,,,,,,
label,2iJRf9PbAEG_zYDgOZDeog,1,"This place was so not with the price. Chips were staleish. I asked waitress if I could get shrimp in tacos some other way than fried and she said no, they are pre battered.  So we ordered fish tacos and fish was fried. Husband got mole salmon which had no flavor so he had to ask for hot sauce. Bill was 100 for 2 small tacos, salmon and a few drinks. This place will not last long.",price,RESTAURANT#PRICES,negative,false,Chips,FOOD#QUALITY,negative,false,yelp,waitress,SERVICE#GENERAL,negative,false,mole salmon,FOOD#QUALITY,negative,false,Bill,RESTAURANT#PRICES,negative,false,place,RESTAURANT#GENERAL,negative,false,,,,,,,,,,,,,,,,,,,,,,,,,,,,
label,JTtnrZDdjfuHfmWrN4OUpw,5,I've been coming to the Newtown Saladworks for 4 years.  I like seeing many of the same friendly faces and the best part is that they know my salad order as soon as I get to the counter without even saying it!    My coworkers and I often go out to lunch and the one place we haven't been disappointed by is Saladworks!,,SERVICE#GENERAL,positive,true,friendly faces,SERVICE#GENERAL,positive,false,yelp,Saladworks,RESTAURANT#GENERAL,positive,false,,,,,,,,,,,,,,,,,,,,,,,,,,,,,,,,,,,,,,,,
label,ubFaWabBba1ek28qVI_Avw,2,"Meh, a decent place to get your greasy food but they're pretty disorganized and will likely get your order wrong.  (They've almost always miss the peppers on my hot dog.)  They have Chicago memorabilia decorating the place but the place is sparse enough that is isn't cheezy.  Who knew it would be so hard to find a decent hot dog place!",food,FOOD#QUALITY,positive,false,,SERVICE#GENERAL,negative,true,yelp,hot dog,FOOD#QUALITY,negative,false,place,AMBIENCE#GENERAL,positive,false,,,,,,,,,,,,,,,,,,,,,,,,,,,,,,,,,,,,
label,rmZ5K6fIJXmN_XmrsgBidw,3,"We came in on raceday so I'm wondering if they just really weren't expecting too much business. We got cuban sandwiches, rice, pastalitos (they were out of chicken) and fried plantains. The owner and staff were all really friendly and I like the location and atmosphere, but stopped there. The bread was obviously stale to begin with on the sandwiches and the pastalitos were both cold. The meat wasn't warm at all. Just disappointing that we spent $30+ for what seemed like leftovers from the day before and I'm still craving Cuban food",owner and staff,SERVICE#GENERAL,positive,false,location,LOCATION#GENERAL,positive,false,yelp,atmosphere,AMBIENCE#GENERAL,positive,false,bread,FOOD#QUALITY,negative,false,pastalitos,FOOD#QUALITY,negative,false,meat,FOOD#QUALITY,negative,false,,RESTAURANT#PRICES,negative,true,,,,,,,,,,,,,,,,,,,,,,,,
label,g0BbsNIPy6Et3xLjl0YHPQ,2,This place is walking distance to my office and the lunch prices are pocket friendly! But the food it's really not so great. Bland and unappealing. I would recommend Thai Kitchen in Maryland Heights!,walking distance,LOCATION#GENERAL,positive,false,lunch prices,RESTAURANT#PRICES,positive,false,yelp,food,FOOD#QUALITY,negative,false,,,,,,,,,,,,,,,,,,,,,,,,,,,,,,,,,,,,,,,,
label,Xu8Y0SV3E247GnczkU4f_A,3,(3.5) ~ Overall Food & Service  MY MENU * Oreo Malt Shake = (4) very good * Fries = (3.5) good * Burger = (3) ok...too salty:-(,Oreo Malt Shake,DRINKS#QUALITY,positive,false,Fries,FOOD#QUALITY,positive,false,yelp,Burger,FOOD#QUALITY,negative,false,,,,,,,,,,,,,,,,,,,,,,,,,,,,,,,,,,,,,,,,
label,0kMlS1dVfIw1bH1jK5q9Pw,5,"I will get straight to the point..... If you are ever anywhere near Camden NJ, In fact if you are anywhere in the State of NJ, get to Santana's for breakfast and pastries.   Their coffee puts Starbucks, DD, Micky D's and all the rest to shame!!   Their pastries are INCREDIBLE!!  You would have to fly to Boricua ( Puerto Rico) to even come close!!    My business is in neighboring Pennsauken, and we are there every morning!!!",coffee,DRINKS#QUALITY,positive,false,pastries,FOOD#QUALITY,positive,false,yelp,Santana's,RESTAURANT#GENERAL,positive,false,,,,,,,,,,,,,,,,,,,,,,,,,,,,,,,,,,,,,,,,
label,Xh65-2dKSki897nspdd_LA,4,"Great bbq. I love their mac and cheese,  as well as their other sides. The brisket is extremely tender,  and so is the pork. You also get free ice cream so that never hurts, lol.",bbq,FOOD#QUALITY,positive,false,mac and cheese,FOOD#QUALITY,positive,false,yelp,other sides,FOOD#QUALITY,positive,false,brisket,FOOD#QUALITY,positive,false,pork,FOOD#QUALITY,positive,false,ice cream,FOOD#PRICES,positive,false,,,,,,,,,,,,,,,,,,,,,,,,,,,,
label,q9BRZUJxnIwbI4v_vroEuA,5,"Excellent service!! Great happy hour deal!! I only tried the chips and guacamole this time, but I will be back to try more. Fresh and delicious food.",service,SERVICE#GENERAL,positive,false,happy hour deal,RESTAURANT#PRICES,positive,false,yelp,food,FOOD#QUALITY,positive,false,,,,,,,,,,,,,,,,,,,,,,,,,,,,,,,,,,,,,,,,
label,TNU6p_rBVNVePKnSs6e_kw,4,"Hmm...I have never had a bad experience here.  I've probably been here 4 to 5 times, always for dinner, and I think mostly weekends.  Our whole party has always been happy with their food and service.  My burger is always delicious and as a picky beer drinker (IPAs and Pale Ale's only, please), I am more than satisfied with their selection and prices.  I was stoked that they opened a Cheeseburger in Paradise here...I always visit the one in Lahaina town when in Maui.",food,FOOD#QUALITY,positive,false,service,SERVICE#GENERAL,positive,false,yelp,burger,FOOD#QUALITY,positive,false,beer,DRINKS#QUALITY,positive,false,prices,DRINKS#PRICES,positive,false,Cheeseburger in Paradise,FOOD#STYLE_OPTIONS,positive,false,experience,RESTAURANT#GENERAL,positive,false,,,,,,,,,,,,,,,,,,,,,,,,
label,S090oC7VD0ZnYdBYeH1B9w,2,"Place is similar to Applebee's ... the food is alright and my stomach was bugging me for a while. I came back here for the second time to see if I'd feel the same and I was unfortunately let down with the food. For the price, I expect some better quality.",Place,RESTAURANT#GENERAL,neutral,false,food,FOOD#QUALITY,neutral,false,yelp,food,FOOD#QUALITY,negative,false,price,RESTAURANT#PRICES,negative,false,,,,,,,,,,,,,,,,,,,,,,,,,,,,,,,,,,,,
label,FbHTJfPbg5I_YPBQYooACQ,3,Decent falafel wrap...but not exactly cheap. And the cave-like sitting area was cold and uninviting. There are better choices in Manayunk.,falafel wrap,FOOD#QUALITY,neutral,false,,FOOD#PRICES,negative,true,yelp,cave-like sitting area,AMBIENCE#GENERAL,negative,false,,,,,,,,,,,,,,,,,,,,,,,,,,,,,,,,,,,,,,,,
label,Ewv1cwCYbPiiwUAR12eG8Q,5,"Ohana means family, and as soon as you enter this restaurant and meet the owner teresa you will truly feel like you are just that. The food is delicious and healthy, from the meat options to vegan, you will not be disappointed with anything on the menu.",restaurant,RESTAURANT#GENERAL,positive,false,owner teresa,SERVICE#GENERAL,positive,false,yelp,food,FOOD#QUALITY,positive,false,meat options,FOOD#STYLE_OPTIONS,positive,false,vegan,FOOD#STYLE_OPTIONS,positive,false,,,,,,,,,,,,,,,,,,,,,,,,,,,,,,,,
label,PMekHp126TAwlR0Adh_XBw,2,"I like Deweys's primary because it's close to my house.  The pizza looks great and the crust is good.  My gripe with Dewey's is that the pizzas are just so salty.  We had the pepperoni, socrates revenge, and bronx bomber.  It's like a eatting a brick of salt.  I'm not sure if it's the amount of salt sauce combined with the salty meat, but the combo so overwhelming, I tastebuds are numb to any other flavor.  Otherwise, if they fix that, I would love it.    As for the salads, they're a good size, but seems like something you can toss together yourself.  I usually not get because don't want to spend the money on it.",Deweys's primary,LOCATION#GENERAL,positive,false,pizza,FOOD#QUALITY,positive,false,yelp,crust,FOOD#QUALITY,positive,false,pizzas,FOOD#QUALITY,negative,false,combo,FOOD#QUALITY,negative,false,salads,FOOD#PRICES,negative,false,,,,,,,,,,,,,,,,,,,,,,,,,,,,
label,L81UYYyAUyk1BgpQeWJqLA,1,Once again as of Friday it seems as though Wholefoods is moving away from organic and non gmo labeled products!  This transition is moving Sooo slow! Wholefoods market share will no doubt decline!  Also they always out of stock of store brand organic chicken breast,organic and non gmo labeled products,FOOD#STYLE_OPTIONS,negative,false,store brand organic chicken breast,FOOD#STYLE_OPTIONS,negative,false,yelp,,,,,,,,,,,,,,,,,,,,,,,,,,,,,,,,,,,,,,,,,,,,
label,Fk1PhR1GnHSxkIPmIzW84g,3,"Great food and drinks, albeit overpriced I had the salt of the earth cocktail and it had great flavor. The angry chicken chicken taco was good, but one wasn't very filling. We had the shiitake, lemon and cauliflower pizza as an appetizer and it had good flavor as well.",food,FOOD#QUALITY,positive,false,drinks,DRINKS#QUALITY,positive,false,yelp,salt of the earth cocktail,DRINKS#QUALITY,positive,false,,RESTAURANT#PRICES,negative,true,angry chicken chicken taco,FOOD#QUALITY,positive,false,,FOOD#QUALITY,negative,true,"shiitake, lemon and cauliflower pizza",FOOD#QUALITY,positive,false,,,,,,,,,,,,,,,,,,,,,,,,
label,6zHmtQPQO8I9Fll1W8dPpg,3,"health food overload. this place looks and smells like the prototypical health food store, which i do not dig. (call me what you will, but i like my health food disguised in pretty environs like whole foods. if i'm going to pay top dollar, i don't want to feel like i've walked into a feed store.)  there are lots of products for lots of special needs; however, i found that some things were more expensive than the nearby whole foods so unless i absolutely need something that only essene has, i'll likely not return.",health food,FOOD#STYLE_OPTIONS,negative,false,place,AMBIENCE#GENERAL,negative,false,yelp,,RESTAURANT#PRICES,negative,true,,FOOD#PRICES,negative,true,place,RESTAURANT#GENERAL,negative,false,,,,,,,,,,,,,,,,,,,,,,,,,,,,,,,,
label,K1XKPfI27l9aSX8BoiQT4Q,2,"Four stars for product.  ZERO STARS FOR THE RUDEST MOST ARROGANT, OBNOXIOUS 'CUSTOMER SERVICE'.  I should have walked out of there ... but I didn't and I am still kicking myself.  Pralines are good.  Good texture, good bite quality, I would go slightly less on the sugar and more on the flavour.  But good product nonetheless.",product,FOOD#QUALITY,positive,false,CUSTOMER SERVICE,SERVICE#GENERAL,negative,false,yelp,Pralines,FOOD#QUALITY,positive,false,texture,FOOD#QUALITY,positive,false,bite quality,FOOD#QUALITY,positive,false,sugar,FOOD#QUALITY,negative,false,flavour,FOOD#QUALITY,positive,false,,,,,,,,,,,,,,,,,,,,,,,,
label,_zhRVwK1_iP896IBhiqULg,3,This place was really surprising.  The food was good and worth the money and while the location seems like a good idea it actually keeps me from going back when I do not have a need to be in that plaza.,place,RESTAURANT#GENERAL,positive,false,food,FOOD#QUALITY,positive,false,yelp,,FOOD#PRICES,positive,true,location,LOCATION#GENERAL,negative,false,,,,,,,,,,,,,,,,,,,,,,,,,,,,,,,,,,,,
label,1o4UpE7ynMDQUz-qh8Mb6A,3,"Good food. Not as busy as the other Japanese steakhouses. Worth stopping by. My first time there and had a nice lunch with my family. Ordered traditonal hybatchi grill food and a sushi roll. I've had better but not bad, not bad at all.  Next time we will try something a little more signature to this restaurant!",food,FOOD#QUALITY,positive,false,,SERVICE#GENERAL,positive,true,yelp,,RESTAURANT#GENERAL,positive,true,lunch,FOOD#QUALITY,positive,false,,FOOD#QUALITY,neutral,true,,,,,,,,,,,,,,,,,,,,,,,,,,,,,,,,
label,-8RioWSSLRLN9ArBHloz0Q,1,I legit just walked into Blaze being 9pm and as soon as I got to the line I was told that they are closed. I'm not sure if this is correct as the hours online and on the front door states that they are open until 10pm daily. I also checked the website before coming into Blaze. This pizzeria is new to the area so I was actually pretty stoked to check them out and unfortunately my first experience is not what I expected. It would have been courteous for them to give me an explanation for their time change on a Tuesday night.,,SERVICE#GENERAL,negative,true,,RESTAURANT#GENERAL,negative,true,yelp,,,,,,,,,,,,,,,,,,,,,,,,,,,,,,,,,,,,,,,,,,,,
label,eljIi2P72vnShJexx5weBQ,5,I come to Indy every year for business and this place is great.food was delicious and this is st Elmo's sister rest. St Elmo's shrimps cóctel is great.make sure you make a reservation .I recommend.,place,RESTAURANT#GENERAL,positive,false,food,FOOD#QUALITY,positive,false,yelp,shrimps cóctel,FOOD#QUALITY,positive,false,,RESTAURANT#GENERAL,positive,true,,,,,,,,,,,,,,,,,,,,,,,,,,,,,,,,,,,,
label,SQhSbRTzbDCVZjL59RRmPg,5,"This places never lets me down, I love their cilantro rice and there chicken sandwich is amazing! I add the yellow sauce to everything! If you haven't been, you must try!",places,RESTAURANT#GENERAL,positive,false,cilantro rice,FOOD#QUALITY,positive,false,yelp,chicken sandwich,FOOD#QUALITY,positive,false,yellow sauce,FOOD#STYLE_OPTIONS,positive,false,,RESTAURANT#GENERAL,positive,true,,,,,,,,,,,,,,,,,,,,,,,,,,,,,,,,
label,ZLz3iYrRB4CM-FNNERbAHA,2,"I got the Stuffed Pepper, Shrimp Pasta & green beans. There was NO stuffing in the pepper. Only heavily seasoned ground beef. No shrimp in the pasta, just 3 on top. Green beans were too salty. I'll just stick to the Turkey necks. Been here several times and have only had 1 good plate.",Stuffed Pepper,FOOD#QUALITY,negative,false,Shrimp Pasta,FOOD#QUALITY,negative,false,yelp,green beans,FOOD#QUALITY,negative,false,,FOOD#QUALITY,negative,true,,,,,,,,,,,,,,,,,,,,,,,,,,,,,,,,,,,,
label,Xs8Z8lmKkosqW5mw_sVAoA,5,"My absolute favorite cafe in the city. Their black and white latte is probably the best I've ever had (not too sweet and just the right amount of foam), soups are always really good (even for non-soup people) and there's just a lot of space to do work. The noise level is perfect, the music is at a perfect level, and I always enjoy when patrons bring their dogs. I'll keep giving them my business for as long as I can.",cafe,RESTAURANT#GENERAL,positive,false,black and white latte,DRINKS#QUALITY,positive,false,yelp,soups,FOOD#QUALITY,positive,false,space,AMBIENCE#GENERAL,positive,false,noise level,AMBIENCE#GENERAL,positive,false,music,AMBIENCE#GENERAL,positive,false,dogs,AMBIENCE#GENERAL,positive,false,,RESTAURANT#GENERAL,positive,true,,,,,,,,,,,,,,,,,,,,
label,WHssgGeV5mFCFe2yblGm0Q,4,"If you're looking for a great happy hour then this is your spot! Their happy hour menu has many choices for drinks and appetizers. My mom and I frequently go to On The Border for margaritas because they are delicious! If you go during the summer, you must try the watermelon margarita. :-) the only complaint I have ever had here is their service. On The Border is frequently getting new employees who aren't always as attentive as you'd like your service to be. It is common to wait long periods of time for your bill or even need a refill for chips and a drink.",happy hour menu,DRINKS#STYLE_OPTIONS,positive,false,appetizers,FOOD#STYLE_OPTIONS,positive,false,yelp,margaritas,DRINKS#QUALITY,positive,false,watermelon margarita,DRINKS#QUALITY,positive,false,service,SERVICE#GENERAL,negative,false,spot,RESTAURANT#GENERAL,positive,false,,,,,,,,,,,,,,,,,,,,,,,,,,,,
label,UmxZjU3W-aeZ6wQBR_qtuA,4,Only have had drinks there as the menu looks like nothing special.   But The atmosphere is really cool to have a drink in.   It has a nice breeze and you can see the gulf from inside the bar.,drinks,DRINKS#QUALITY,negative,false,atmosphere,AMBIENCE#GENERAL,positive,false,yelp,breeze,AMBIENCE#GENERAL,positive,false,gulf,AMBIENCE#GENERAL,positive,false,,,,,,,,,,,,,,,,,,,,,,,,,,,,,,,,,,,,
label,qYd0CbpgOFCBo6hsaSCh4g,5,"This place has phenomenal food from start to finish. The brussel sprouts were so savory, we ordered two helpings. We also had two of the chicken tacos, and two of the braised short ribs. For dessert, I believe we had something chocolate, and definitely delicious. We actually went to this place back in April but as I'm sitting in another restaurant telling my friend about our experience at this place, I thought I should write them a review since it was so worthy!",food,FOOD#QUALITY,positive,false,brussel sprouts,FOOD#QUALITY,positive,false,yelp,dessert,FOOD#QUALITY,positive,false,place,RESTAURANT#GENERAL,positive,false,,,,,,,,,,,,,,,,,,,,,,,,,,,,,,,,,,,,
label,erTo1f8QG4__DsFFuh1dcQ,2,"Visiting my daughter at nearby college and she wanted some Japanese food. Yelp review brought us here.  My wife and I ordered Chirashi and it looked okay at first but sashimi slices were a bit thin and rice had very little sushi rice flavor.  Problem was the freshness. Fish didn't have any firmness to it and they smell fishy. My son's salmon wasn't fresh either. My daughter's Unagi Don was okay.  Misoshiru was watery and tasteless. If you like cooked items, lots of mayo, teriyaki sauce and lots of avocados, this is your place.   I would give service 3, overall food 2 and sushi or sashimi 1 star for freshness.",Chirashi,FOOD#QUALITY,neutral,false,sashimi,FOOD#QUALITY,negative,false,yelp,rice,FOOD#QUALITY,negative,false,freshness,FOOD#QUALITY,negative,false,fish,FOOD#QUALITY,negative,false,salmon,FOOD#QUALITY,negative,false,Unagi Don,FOOD#QUALITY,neutral,false,Misoshiru,FOOD#QUALITY,negative,false,service,SERVICE#GENERAL,neutral,false,food,FOOD#QUALITY,negative,false,sushi or sashimi,FOOD#QUALITY,negative,false,,,,,,,,
label,y1CKb9ltYWadxx3ImQkOeQ,3,Standard Chili's experience: Fast service and yummy food. I love that you can now order and pay from the tablets at the tables... very cool!,service,SERVICE#GENERAL,positive,false,food,FOOD#QUALITY,positive,false,yelp,,,,,,,,,,,,,,,,,,,,,,,,,,,,,,,,,,,,,,,,,,,,
label,JqFt66fEtRl8l1kmMC61_A,1,"Absolute garbage company. Trying to get from Indy to Chicago and they are more than an hour late, did not inform me of the delay, and their entire customer policy (feel free to read it on the website) consists of ""we cannot be held responsible for anything."" Sitting at a bus stop with 20 people whom are all having their time wasted with absolutely no recourse.",,SERVICE#GENERAL,negative,true,,,,,yelp,,,,,,,,,,,,,,,,,,,,,,,,,,,,,,,,,,,,,,,,,,,,
label,LIx-hamEbXBmMQlDlgGRaA,5,Great Thai food!! I had the Spicy Thai Basil with Chicken!!! Yummy!! Great cool weather with great company at a relaxing Thai restaurant in a lovely patio setting!! Will be back for sure!!,Spicy Thai Basil with Chicken,FOOD#QUALITY,positive,false,patio setting,AMBIENCE#GENERAL,positive,false,yelp,restaurant,RESTAURANT#GENERAL,positive,false,,,,,,,,,,,,,,,,,,,,,,,,,,,,,,,,,,,,,,,,
label,lmOj_0UU0NJO_mn31ECw8A,1,"What's the point of setting a pick up time for a ToGo order when you end up waiting 30mins after that to get your food anyway?? The restaurant wasn't busy in the slightest, and it literally took over 30 minutes from the time I was supposed to pick up my order for them to actually bring out my to go order. I could've walked in and ordered food, and I would've gotten it faster.",,SERVICE#GENERAL,negative,true,,,,,yelp,,,,,,,,,,,,,,,,,,,,,,,,,,,,,,,,,,,,,,,,,,,,
label,nHhn0g5ZkhgA3i7boVmO9g,1,"This mcdonalds is terrible. Place is dirty, employees take too long to take an order, they mess up orders and seems like everyone that works here is miserable. Avoid the aggravation and go some where else.",mcdonalds,RESTAURANT#GENERAL,negative,false,Place,AMBIENCE#GENERAL,negative,false,yelp,,SERVICE#GENERAL,negative,true,orders,SERVICE#GENERAL,negative,false,staff,SERVICE#GENERAL,negative,false,,,,,,,,,,,,,,,,,,,,,,,,,,,,,,,,
label,mMBjSBm_6xdh8NlsinXVGw,1,Terrible food. Took 25 minutes to get our food. We ordered blueberry pancakes with a side of 2 eggs. Pancakes were overdone and had almost no blueberries. Left with stomach aches and disappointment,food,FOOD#QUALITY,negative,false,,SERVICE#GENERAL,negative,true,yelp,blueberry pancakes,FOOD#QUALITY,negative,false,,,,,,,,,,,,,,,,,,,,,,,,,,,,,,,,,,,,,,,,
label,f4HYlW3lEoGCQ4fDiW51Zg,4,Amazing new find! Small cute cafe with VERY reasonable prices for delicious food. I tried the egg on Gouda crepe with bacon which was delicious and well stuffed. I just wish the Gouda taste was a bit stronger and that there was some type of sauce to go with it. The caramel ricotta crepe was DELICIOUS and very well prepared. I'll definitely be coming back to try the rest of their menu!,prices,RESTAURANT#PRICES,positive,false,food,FOOD#QUALITY,positive,false,yelp,egg on Gouda crepe with bacon,FOOD#QUALITY,positive,false,Gouda taste,FOOD#QUALITY,negative,false,sauce,FOOD#STYLE_OPTIONS,negative,false,caramel ricotta crepe,FOOD#QUALITY,positive,false,cafe,AMBIENCE#GENERAL,positive,false,,RESTAURANT#GENERAL,positive,true,,,,,,,,,,,,,,,,,,,,
label,ljPl7_po5zjmN7aXgkc3SA,4,The St. Paul sandwich is just about perfect. Lack of vegetarian egg rolls is the only bummer for me. It's always fast and delicious here.,St. Paul sandwich,FOOD#QUALITY,positive,false,vegetarian egg rolls,FOOD#STYLE_OPTIONS,negative,false,yelp,,SERVICE#GENERAL,positive,true,,FOOD#QUALITY,positive,true,,,,,,,,,,,,,,,,,,,,,,,,,,,,,,,,,,,,
label,52Inm8t0OEjXfK4zY8iwuw,5,"The service was great and the food was good too. I didn't want soup with my grilled cheese since it was such a hot day...so they made me a second grilled cheese!  I didn't try the coffee but had a couple of the smoothies (PB&J, Island Espresso) which were really tasty.   The atmosphere is good-open space-makes it feel larger than it is. And there is a tiny puppy chilling here too.",service,SERVICE#GENERAL,positive,false,food,FOOD#QUALITY,positive,false,yelp,smoothies,DRINKS#QUALITY,positive,false,atmosphere,AMBIENCE#GENERAL,positive,false,,,,,,,,,,,,,,,,,,,,,,,,,,,,,,,,,,,,
label,pauADirph5PtF0V3fH1zPg,2,"I had sausage gravy and biscuits for my breakfast here and was severely disappointed. The gravy was thin and lacking flavor, the biscuits were under cooked and over flowered. The atmosphere inside is non existent. They try to present themselves as more of an upscale restaurant but are dragged down by the constant rustling of the wait staff replacing the paper table covers. All in all my visits to the café was just disappointing.",gravy,FOOD#QUALITY,negative,false,biscuits,FOOD#QUALITY,negative,false,yelp,atmosphere,AMBIENCE#GENERAL,negative,false,wait staff,SERVICE#GENERAL,negative,false,restaurant,RESTAURANT#GENERAL,negative,false,café,RESTAURANT#GENERAL,negative,false,,,,,,,,,,,,,,,,,,,,,,,,,,,,
label,2wF0UrCPwX_meD87fD5NAw,4,"The service was good.  The ingredients were fresh.  Nice and noisy like a kid friendly family place should be.  Plenty of options for your burrito, enough so that my daughter and I could build a burrito to each of our satisfactions.  This feat in itself is no small accomplishment.  I'll be back.",service,SERVICE#GENERAL,positive,false,ingredients,FOOD#QUALITY,positive,false,yelp,place,AMBIENCE#GENERAL,positive,false,options,FOOD#STYLE_OPTIONS,positive,false,,RESTAURANT#GENERAL,positive,true,,,,,,,,,,,,,,,,,,,,,,,,,,,,,,,,
label,-oZkCD04uGDrx8-JD3PsBQ,5,I went here for the first time a few days ago.  I really enjoyed the atmosphere and customer service.  The ladies all had really good attitudes.  I will definitely be going back!,atmosphere,AMBIENCE#GENERAL,positive,false,customer service,SERVICE#GENERAL,positive,false,yelp,ladies,SERVICE#GENERAL,positive,false,,RESTAURANT#GENERAL,positive,true,,,,,,,,,,,,,,,,,,,,,,,,,,,,,,,,,,,,
label,SeAYz1h10AKH0JOKkeySyw,1,"Inconceivable: at a group presentation and they failed, even after a request to do so, turn off the loud of noxious music. Food was served late, 1.5 hour after ordering!! Good: mediocre.",music,AMBIENCE#GENERAL,negative,false,,SERVICE#GENERAL,negative,true,yelp,,RESTAURANT#GENERAL,negative,true,,,,,,,,,,,,,,,,,,,,,,,,,,,,,,,,,,,,,,,,
label,ajGV47J_Wm_k_W_veLobsg,1,Worst service ever.   After waiting 45 mins called and they say driver just left 20 mins late same story finally after almost 2 hours the wrong food shows up as well as everything disgusting. Called back listened to owner yell at waitress about this wile I'm listening so I drive there for a refund and over arguing w me even though order was horrible ..   wow worst food worst service and the owner is completely unprofessional...,service,SERVICE#GENERAL,negative,false,food,FOOD#QUALITY,negative,false,yelp,,SERVICE#GENERAL,negative,true,,,,,,,,,,,,,,,,,,,,,,,,,,,,,,,,,,,,,,,,
label,GU-WyL8mRKzJiNEZyqvFOA,1,When I went to eat here they were cleaning the ceiling fans right over where the food was being prepared.,ceiling fans,AMBIENCE#GENERAL,negative,false,,,,,yelp,,,,,,,,,,,,,,,,,,,,,,,,,,,,,,,,,,,,,,,,,,,,
label,LdeSixSVOEYBeHG_3GF2OA,4,"Great food.  Good cocktails.  Decent service, although,  the staff could afford to dress distinctly different since its hard to identify them from they other customers.  The bathrooms are a nightmare though.  There simply are not enough when it's busy, which  it is frequently.  Kills the good experience.",food,FOOD#QUALITY,positive,false,cocktails,DRINKS#QUALITY,positive,false,yelp,service,SERVICE#GENERAL,positive,false,staff,SERVICE#GENERAL,negative,false,bathrooms,AMBIENCE#GENERAL,negative,false,experience,RESTAURANT#GENERAL,negative,false,,,,,,,,,,,,,,,,,,,,,,,,,,,,
label,iuwbcokeZwBNOnU1F3DI-w,5,"The Smoked Salmon Frittata came with the smoked salmon, egg, potato, red bell peppers, goat cheese, horseradish -dil crema & fresh fruit. And it was as good as it sounded   A very good mod dat brunch, dinner, and private dining spot.",Smoked Salmon Frittata,FOOD#QUALITY,positive,false,spot,RESTAURANT#GENERAL,positive,false,yelp,,,,,,,,,,,,,,,,,,,,,,,,,,,,,,,,,,,,,,,,,,,,
label,6Do80t02Vx6rNMa4JcqkEA,3,"Mediocre ribs, sauce was too sweet and vinegary. Lack of substitutions for side dishes. Waiter seemed impatient with my friend's pesca-vegetarian dietary restriction.",ribs,FOOD#QUALITY,negative,false,sauce,FOOD#QUALITY,negative,false,yelp,substitutions,FOOD#STYLE_OPTIONS,negative,false,Waiter,SERVICE#GENERAL,negative,false,,,,,,,,,,,,,,,,,,,,,,,,,,,,,,,,,,,,
label,ebJuMT88xHmz9GOQ_EbT8A,5,"Healthy food is a rarity in Nola, and HK does healthy food fast. I live in the campus area and I love the convenience of this place. The menu covers it all really, so whatever I'm in the mood for they usually have it.",healthy food,FOOD#QUALITY,positive,false,,SERVICE#GENERAL,positive,true,yelp,convenience,RESTAURANT#GENERAL,positive,false,menu,FOOD#STYLE_OPTIONS,positive,false,,,,,,,,,,,,,,,,,,,,,,,,,,,,,,,,,,,,
label,OUIz0_ZsGSRbwegcCcNnvw,4,Visited last night for dinner. The turkey burger and loaded fries are just as delicious at the Charlotte Ave location. Happy to have this new location in my Sylvan Park neighborhood!,turkey burger,FOOD#QUALITY,positive,false,loaded fries,FOOD#QUALITY,positive,false,yelp,new location,LOCATION#GENERAL,positive,false,,,,,,,,,,,,,,,,,,,,,,,,,,,,,,,,,,,,,,,,
label,sx0ZIptpxgO4tVkONTCD1A,1,We tried to eat lunch here with 7 of us and the whole place empty and were rudely turned away because large parties usually call ahead!  If I could give this place a negative star I sure would.  Besides being in a hard to get to blase strip mall it had no ambiance!  Feel bad for the owner with such poor employees!  Don't waste your time:(,,SERVICE#GENERAL,negative,true,place,RESTAURANT#GENERAL,negative,false,yelp,ambiance,AMBIENCE#GENERAL,negative,false,employees,SERVICE#GENERAL,negative,false,,LOCATION#GENERAL,negative,true,,,,,,,,,,,,,,,,,,,,,,,,,,,,,,,,
label,ly__Ip5iGGzr2OK8Gk-P-w,2,"The waiter was super nice and so was the owner. So, that part is great and lots of beers to choose from. However, the restaurant is very tired, needs painting redone and in serious need of good cleaning, window sills, bathrooms,... The food is at best mediocre and for the price, definitely not worth it. They are very nice people working there though. So their heart is in it, just need to make some changes.",waiter,SERVICE#GENERAL,positive,false,owner,SERVICE#GENERAL,positive,false,yelp,beers,DRINKS#STYLE_OPTIONS,positive,false,restaurant,AMBIENCE#GENERAL,negative,false,food,FOOD#QUALITY,negative,false,price,FOOD#PRICES,negative,false,people,SERVICE#GENERAL,positive,false,,,,,,,,,,,,,,,,,,,,,,,,
label,Do0M3vXCC78O75ZPheQ8YQ,2,"The food is mediocre for the prices. Also the hostess tried to sit us in the bar area with five people and a handicap person.  I asked her if we could get something else she said no this is where the next waitress needs a table. What????? So I was about to get the manger and she decided to move us. Their patio is not pet friendly which stinks and do not get the veggie burger it is horrible. They used to have a better one not sure why they changed it. Also please get some dairy free cheese cakes already, it's 2016!   Update: Veggie burger is much better now!",food,FOOD#QUALITY,negative,false,prices,FOOD#PRICES,negative,false,yelp,hostess,SERVICE#GENERAL,negative,false,patio,AMBIENCE#GENERAL,negative,false,veggie burger,FOOD#QUALITY,negative,false,veggie burger,FOOD#QUALITY,positive,false,veggie burger,FOOD#STYLE_OPTIONS,negative,false,,,,,,,,,,,,,,,,,,,,,,,,
label,EiJAWh4RA4Y63vd-I-rpaQ,3,If this was more of a restaurant I would give it four stars but it's really more of a cafeteria.  You get food by the weight and they really only have a couple things to choose from.  Food wasn't bad at all but I think they really could've done more with it and have a better selection of different Indian cuisine.  On the plus side it's really cheap I think my food was like four or five dollars for the plate so its worth it to check it out if in the neighborhood.,restaurant,RESTAURANT#GENERAL,negative,false,Food,FOOD#QUALITY,positive,false,yelp,,FOOD#STYLE_OPTIONS,negative,true,food,FOOD#PRICES,positive,false,,,,,,,,,,,,,,,,,,,,,,,,,,,,,,,,,,,,
label,PF8gg-0c6QEc4zYi8zU5lg,3,"Food was great. Enjoyed a very spicy beef dish which was worth every cent. Our server was a sweetheart, but the reservation process and initial greeting were unacceptable. Pretentious BIG time. I will return, but they need to remember they are not the only place in town!",Food,FOOD#QUALITY,positive,false,beef dish,FOOD#QUALITY,positive,false,yelp,beef dish,FOOD#PRICES,positive,false,server,SERVICE#GENERAL,positive,false,reservation process,SERVICE#GENERAL,negative,false,initial greeting,SERVICE#GENERAL,negative,false,,RESTAURANT#GENERAL,negative,true,,RESTAURANT#GENERAL,positive,true,,,,,,,,,,,,,,,,,,,,
label,FwQiOAY9iQYbmG2hUyT8Rg,2,"The drink menu is nothing special, but the filet mignon sliders with fries are delicious. Service is frequent and warm. The atmosphere wasn't my thing, but it was (loudly) buzzing with conversation the whole time, so at least there's a crowd.  I'd probably go here again for a late night snack, but otherwise I'll stay away. There's a $15 minimum to use a card.",drink menu,DRINKS#QUALITY,negative,false,filet mignon sliders with fries,FOOD#QUALITY,positive,false,yelp,Service,SERVICE#GENERAL,positive,false,atmosphere,AMBIENCE#GENERAL,negative,false,,AMBIENCE#GENERAL,positive,true,,RESTAURANT#GENERAL,positive,true,,RESTAURANT#GENERAL,negative,true,$15 minimum,RESTAURANT#PRICES,negative,false,,,,,,,,,,,,,,,,,,,,
label,1nysAxJbaE5pfiOrT7fgpQ,4,We ate here as a walk in birthday celebration dinner on a busy Saturday night. The host was very accommodating and found us a table quickly.  The service was great and the food was fabulous.  This is a great local place with a wonderfully cozy atmosphere. We live in a town with few really good food options so this is a great option if u are looking to stay close but have a great meal. The location on the river is beautiful too. Would be great if there was a real outdoor seating option.,host,SERVICE#GENERAL,positive,false,service,SERVICE#GENERAL,positive,false,yelp,food,FOOD#QUALITY,positive,false,meal,FOOD#QUALITY,positive,false,place,RESTAURANT#GENERAL,positive,false,atmosphere,AMBIENCE#GENERAL,positive,false,location,LOCATION#GENERAL,positive,false,,,,,,,,,,,,,,,,,,,,,,,,
label,BwBqCVFKuZ4e-QXNgi5Cwg,5,AWESOME experience at this funky joint.   Server was super friendly and had the bartender make us off-menu drinks.  Mixologist was on point.  Food? HELL YES. Black bean burger (hold the bun) with chips and salsa-- divine!,experience,RESTAURANT#GENERAL,positive,false,joint,RESTAURANT#GENERAL,positive,false,yelp,Server,SERVICE#GENERAL,positive,false,off-menu drinks,DRINKS#STYLE_OPTIONS,positive,false,Mixologist,DRINKS#QUALITY,positive,false,Food,FOOD#QUALITY,positive,false,Black bean burger,FOOD#QUALITY,positive,false,chips and salsa,FOOD#QUALITY,positive,false,,,,,,,,,,,,,,,,,,,,
label,rl6_w-2Ur3cDflT6PwNIBw,2,What can you say about beignets and coffee. If you mess that up the place should close. Two stars for piss poor customer service. Word to the wise: don't take someone's order and walk away mid-way to pack up another order for a customer. Unbelievable!,customer service,SERVICE#GENERAL,negative,false,order,SERVICE#GENERAL,negative,false,yelp,place,RESTAURANT#GENERAL,negative,false,,,,,,,,,,,,,,,,,,,,,,,,,,,,,,,,,,,,,,,,
label,hi4khsXhk3GgSuDjVSRrbA,2,This was our 3rd visit in just over a year and nothing has changed. Construction everywhere. Please sync your lights and let the traffic flow.   Your drivers are horrible and I'm talking about just the Snowbirders. People of every age and race had a problem finding their accelerator on their vehicles.   We love the area but would rather drive in LA than Tucson any day.,Construction,AMBIENCE#GENERAL,negative,false,area,LOCATION#GENERAL,positive,false,yelp,,,,,,,,,,,,,,,,,,,,,,,,,,,,,,,,,,,,,,,,,,,,
label,FMphZfF2GT1fvS59Kbh9rw,3,"Mr.B's has seen better days. Service is lacking (we reordered bread and never received it, Wine was brought to the table well into the main course, my soup was almost cold). The food is still good, but they really need to work on getting the service to the level it used to be.",Service,SERVICE#GENERAL,negative,false,soup,FOOD#QUALITY,negative,false,yelp,food,FOOD#QUALITY,positive,false,,SERVICE#GENERAL,negative,true,,SERVICE#GENERAL,negative,true,,,,,,,,,,,,,,,,,,,,,,,,,,,,,,,,
label,GgXDuF9qsAovAIcC70QdOQ,5,"This place was awesome! It ended up being one of our favorite meals in Nashville - and that is saying a lot!! Our server, Grant, was a rockstar and so helpful and patient with us. Definitely recommend. Great burgers, beer, and staff!",place,RESTAURANT#GENERAL,positive,false,server,SERVICE#GENERAL,positive,false,yelp,burgers,FOOD#QUALITY,positive,false,beer,DRINKS#QUALITY,positive,false,staff,SERVICE#GENERAL,positive,false,,,,,,,,,,,,,,,,,,,,,,,,,,,,,,,,
label,lAaTQ3tHAa2AG5F1YWncrA,5,"I am from New York, Alfredo has a spectacular cheesesteak he is very nice I added hot peppers and tomatoes and grilled onions delicious and great price! Extremely friendly and delicious the pizza is also very good. My go to place",cheesesteak,FOOD#QUALITY,positive,false,price,RESTAURANT#PRICES,positive,false,yelp,pizza,FOOD#QUALITY,positive,false,,SERVICE#GENERAL,positive,true,place,RESTAURANT#GENERAL,positive,false,,,,,,,,,,,,,,,,,,,,,,,,,,,,,,,,
label,9fYmkpYxDtv8WIcAYYrjUA,3,"It's a pretty good go to spot.  Has a menu that offers a variety of foods.  The drinks are pretty good. Service is okay.  Pros: Big tvs, good crowd when a game is on. Cons: can get tight when crowded.",spot,RESTAURANT#GENERAL,positive,false,menu,FOOD#STYLE_OPTIONS,positive,false,yelp,drinks,DRINKS#QUALITY,positive,false,Service,SERVICE#GENERAL,neutral,false,tv,AMBIENCE#GENERAL,positive,false,crowd,AMBIENCE#GENERAL,positive,false,crowd,AMBIENCE#GENERAL,negative,false,,,,,,,,,,,,,,,,,,,,,,,,
label,nn5Y8Bru4FpgXiNSqfslYw,1,"We arrived over an hour before the posted closing time, and were greeted with ""I'm closing early.""  So much for IHOP, we went to Dave's Dogs across the freeway and had a good meal -- and they stayed open.  If I had pulled something like that when I was in food service I would have been fired!",IHOP,RESTAURANT#GENERAL,negative,false,meal,FOOD#QUALITY,positive,false,yelp,Dave's Dogs,RESTAURANT#GENERAL,positive,false,,,,,,,,,,,,,,,,,,,,,,,,,,,,,,,,,,,,,,,,
label,rc8yMvo3Qj4_G8uws7jsoA,3,"TJ'S had great ambience and views. The food was good but not exceptional...price appropriate for area. Service was somewhat slow.  For a more complete review, we will need to try their pizza.",ambience,AMBIENCE#GENERAL,positive,false,views,AMBIENCE#GENERAL,positive,false,yelp,food,FOOD#QUALITY,positive,false,price,RESTAURANT#PRICES,positive,false,Service,SERVICE#GENERAL,negative,false,,,,,,,,,,,,,,,,,,,,,,,,,,,,,,,,
label,TsH6BrZJdxNh_92I2pGLWQ,2,Vegetarian hoagie was not impressive but was a bit soggy with an ungenerous amount if wilted lettuce and tomatoes. The person taking my order did not listen to me and wrote down the wrong address and rudely hung up on me. Because of the incorrect address it took the delivery person though nice took awhile to get my food delivered since they went to the wrong location.,Vegetarian hoagie,FOOD#QUALITY,negative,false,lettuce and tomatoes,FOOD#QUALITY,negative,false,yelp,person taking my order,SERVICE#GENERAL,negative,false,delivery person,SERVICE#GENERAL,negative,false,,,,,,,,,,,,,,,,,,,,,,,,,,,,,,,,,,,,
label,v9e5CP88B5n9aH2X_vbuLw,5,It was great.  I had crab Benedict. Just the kind of place i was looking for. Paud parking on the street was easy to find.,place,RESTAURANT#GENERAL,positive,false,parking,LOCATION#GENERAL,positive,false,yelp,,,,,,,,,,,,,,,,,,,,,,,,,,,,,,,,,,,,,,,,,,,,
label,mZsloODjugTSbaKTcCe5lg,2,"We chose this place based on previous reviews but were disappointed with the food. Would not recommend this place. The cost seems excessive for the items purchased.  We spent about $30 for one pizza steak, french fries, boneless wings and mozzarella sticks.",food,FOOD#QUALITY,negative,false,cost,FOOD#PRICES,negative,false,yelp,place,RESTAURANT#GENERAL,negative,false,,,,,,,,,,,,,,,,,,,,,,,,,,,,,,,,,,,,,,,,
label,UVtCh-T1zYwQt5rkhyz9nA,3,"I had a dinner meeting here on Tuesday night. The Cajun Ribeye steak was cooked to perfection. We were having a great dinner get together, until the waiter accidently knock over a glass of red wine and it wound up on an associate of mine. Really do not think a free desert was the best choice of action in this case",Cajun Ribeye steak,FOOD#QUALITY,positive,false,waiter,SERVICE#GENERAL,negative,false,yelp,free desert,SERVICE#GENERAL,negative,false,dinner,AMBIENCE#GENERAL,positive,false,,,,,,,,,,,,,,,,,,,,,,,,,,,,,,,,,,,,
label,nZyvS000DGcy6Ilv41SSSQ,5,Great family restaurant feel. Po boys had the perfect bread. We had 3 different kinds and all were tasty. Mac 'n Cheese was good and a little spicy. Really fabulous service.,family restaurant feel,AMBIENCE#GENERAL,positive,false,Po boys,FOOD#QUALITY,positive,false,yelp,Mac 'n Cheese,FOOD#QUALITY,positive,false,service,SERVICE#GENERAL,positive,false,,,,,,,,,,,,,,,,,,,,,,,,,,,,,,,,,,,,
label,8JyupJb557RpBSJUnsmRnQ,2,"Leaving hungry. My fish was undercooked, floppy, gloppy and bloody. The Royal Street Salad with bacon, mild blue cheese and delectable herb vinaigrette was delicious - if overdressed. My husband's YaYa Gumbo underwhelmed with lack of spice. Our waitress was a tad snooty too. Cool old school dark wood decor and long bar. If I were you, I'd go somewhere else!",fish,FOOD#QUALITY,negative,false,Royal Street Salad,FOOD#QUALITY,positive,false,yelp,YaYa Gumbo,FOOD#QUALITY,negative,false,waitress,SERVICE#GENERAL,negative,false,decor,AMBIENCE#GENERAL,positive,false,,RESTAURANT#GENERAL,negative,true,,,,,,,,,,,,,,,,,,,,,,,,,,,,
label,tse0qavwbKNnnlsdZkpL2g,5,Excellent healthy options for NOLA dining with lots of to go choices. I had turkey meatballs and spaghetti. It is a wonderful lunch place.,healthy options,FOOD#STYLE_OPTIONS,positive,false,to go choices,FOOD#STYLE_OPTIONS,positive,false,yelp,place,RESTAURANT#GENERAL,positive,false,,,,,,,,,,,,,,,,,,,,,,,,,,,,,,,,,,,,,,,,
label,fBqoZi6Jzda8ZBoNrkPhdA,5,This is the best place in town for great Chinese food. Everything is top notch and one of may favorite things is that they double as a Japanese restaurant with fresh sushi. So I can start out with an appetizer of sashimi and have Chinese for the main course.,place,RESTAURANT#GENERAL,positive,false,Chinese food,FOOD#QUALITY,positive,false,yelp,,RESTAURANT#GENERAL,positive,true,sushi,FOOD#QUALITY,positive,false,sashimi,FOOD#QUALITY,positive,false,,,,,,,,,,,,,,,,,,,,,,,,,,,,,,,,
label,V2PQEkMmMj7UH_rINCrkrg,2,"Food was good.  Waitress was attentive - probably too attentive.  She brought us the wrong check - of course, ours was higher!  Figures!  The main peeve was the opera singer - from his bad toupee to the volume, it was almost comical.  When he did ""Sweet Caroline"" in an operatic style, all we could do was laugh!",Food,FOOD#QUALITY,positive,false,Waitress,SERVICE#GENERAL,negative,false,yelp,check,RESTAURANT#PRICES,negative,false,opera singer,AMBIENCE#GENERAL,negative,false,,,,,,,,,,,,,,,,,,,,,,,,,,,,,,,,,,,,
label,_qA6-L34QD8ruHD7xRI0Yg,5,"Our 1st visit here. We went through the drive thru & ordered 4 Chicago dogs. The total bill was $10.  The Chicago Dogs were great & the only place in a 28 mile radius that you can purchase one. The only 2 things missing were a poppyseed bun & celery salt. My last attempt for a Chicago dog locally was Sonic (yuck). SuperGyro uses 100% beef hot dogs, that neon green relish, sport peppers, onions, dill pickle tomatoes & onion. I'll be back for more & also to try the other menu items.",total bill,RESTAURANT#PRICES,neutral,false,Chicago Dogs,FOOD#QUALITY,positive,false,yelp,poppyseed bun,FOOD#STYLE_OPTIONS,negative,false,celery salt,FOOD#STYLE_OPTIONS,negative,false,,RESTAURANT#GENERAL,positive,true,,,,,,,,,,,,,,,,,,,,,,,,,,,,,,,,
label,QbM-NTJff1N7RSqof652ug,4,"I am a huge fan of P.F. Chang's, so when I found out that they made a fast food-type restaurant, I was excited.  The atmosphere isn't like P.F. Chang's; it's loud and it does have a more fast food feel to it. I did, however, love the way it was set up; you order your food at the bar, sit down, and they bring it out to you in 5 minutes (if that).  The food itself was absolutely fantastic compared to about of time it took to make and the price. I was very pleased and surprised with all of the flavors it had. I would recommend going there.",atmosphere,AMBIENCE#GENERAL,negative,false,food,FOOD#QUALITY,positive,false,yelp,price,FOOD#PRICES,positive,false,,SERVICE#GENERAL,positive,true,,RESTAURANT#GENERAL,positive,true,,,,,,,,,,,,,,,,,,,,,,,,,,,,,,,,
label,28F7TeJvaB2FP1vf1Xr9tQ,2,"This place is disappointing for a 4.5 star rating. The burgers were so-so. The vibe felt very much like a chain restaurant like Red Robin. We did go on a Tuesday night so perhaps it's better on the weekends? Either way, we won't be back.",place,RESTAURANT#GENERAL,negative,false,burgers,FOOD#QUALITY,neutral,false,yelp,vibe,AMBIENCE#GENERAL,negative,false,,RESTAURANT#GENERAL,negative,true,,,,,,,,,,,,,,,,,,,,,,,,,,,,,,,,,,,,
label,eYBO0lnwVx-QFi7V0w1xBA,1,"So I no refill on coffee no service poo , sad , everyone gone a MOTHERS DAY COOKIE , but not me ! No bill , had to get up and pay!! I how its mothers  day but there was enough servers around and bussers that this should not had happened",service,SERVICE#GENERAL,negative,false,coffee,DRINKS#QUALITY,negative,false,yelp,MOTHERS DAY COOKIE,FOOD#QUALITY,negative,false,bill,RESTAURANT#PRICES,negative,false,,,,,,,,,,,,,,,,,,,,,,,,,,,,,,,,,,,,
label,J13w1xa43Ym6Tr-97hrSgw,2,"every time I am in here, I'm amazed at how rude the cashier is and how indifferent the servers are. food is overpriced. menu is not exciting or original.",cashier,SERVICE#GENERAL,negative,false,servers,SERVICE#GENERAL,negative,false,yelp,food,FOOD#PRICES,negative,false,menu,FOOD#STYLE_OPTIONS,negative,false,,,,,,,,,,,,,,,,,,,,,,,,,,,,,,,,,,,,
label,f4-xSo7B37monwhRZ939jw,5,Got the cheesecake at the Coffee X change on Tangue Verde.  It was really good.  I heard others talk about the muffins and canolis.  Will def put that on the list for next time.,cheesecake,FOOD#QUALITY,positive,false,,,,,yelp,,,,,,,,,,,,,,,,,,,,,,,,,,,,,,,,,,,,,,,,,,,,
label,WXku760ztc0Ls0wJ5QswCA,5,"I am surprised the average rating is 3.5 stars. For what it is, a soccer bar, I think this place is great and I actually prefer this location to the Mass Ave one.  The decor makes you feel like you're at an English pub. There are TVs everywhere so it's a great place to watch a game.  The beer selection is great, the service is great and the food is good. I've had their chicken salad sandwich, wings and fish and chips and all three are good. Better than your typical bar food.",place,RESTAURANT#GENERAL,positive,false,location,LOCATION#GENERAL,positive,false,yelp,decor,AMBIENCE#GENERAL,positive,false,TVs,AMBIENCE#GENERAL,positive,false,beer selection,DRINKS#QUALITY,positive,false,service,SERVICE#GENERAL,positive,false,food,FOOD#QUALITY,positive,false,chicken salad sandwich,FOOD#QUALITY,positive,false,wings,FOOD#QUALITY,positive,false,fish and chips,FOOD#QUALITY,positive,false,,,,,,,,,,,,
label,L9asV6W4T75CD2lwZdQBaQ,3,"Ice cream wasn't the best, and definitely not for the price. But it was there when I was passing through Belmawr, and it hit the spot when I needed to satisfy my sweet tooth!   The service was friendly, albeit a little slow. And the place has a cute, quaint charm about it with the decor. If I lived in the area I'd probably return, but I wouldn't make any special trips to go back here.",Ice cream,FOOD#QUALITY,negative,false,price,FOOD#PRICES,negative,false,yelp,service,SERVICE#GENERAL,neutral,false,place,AMBIENCE#GENERAL,positive,false,,RESTAURANT#GENERAL,neutral,true,,,,,,,,,,,,,,,,,,,,,,,,,,,,,,,,
label,52phbw4zW9_EEaU_q9c3bQ,2,Very disappointed.... food was only ok.... waitress was not to be found. There's way too many other great restaurants in New Orleans to settle for a place like this.,,RESTAURANT#GENERAL,negative,true,food,FOOD#QUALITY,neutral,false,yelp,waitress,SERVICE#GENERAL,negative,false,,,,,,,,,,,,,,,,,,,,,,,,,,,,,,,,,,,,,,,,
label,_AnNmWzbP3O-0h6HirLEoA,1,"Jim the waiter shouldn't make comments about customers where they can hear it, very poor customer service, won't go back again.",customer service,SERVICE#GENERAL,negative,false,,RESTAURANT#GENERAL,negative,true,yelp,,,,,,,,,,,,,,,,,,,,,,,,,,,,,,,,,,,,,,,,,,,,
label,k5foen6qbRssONseGEc0aw,4,"This is a nice Indian buffet with a pretty wide selection.  There is nothing that will make you say ""wow"", but many good Indian dishes for a very reasonable price.  Would return again.",buffet,FOOD#STYLE_OPTIONS,positive,false,Indian dishes,FOOD#QUALITY,positive,false,yelp,price,FOOD#PRICES,positive,false,,RESTAURANT#GENERAL,positive,true,,,,,,,,,,,,,,,,,,,,,,,,,,,,,,,,,,,,
label,QpP7bUiahAE3PXEXiydW1A,5,"We sat on the patio on one of the most beautiful early evenings Florida has to offer.  Our waiter was very friendly, funny and knowledgable.  We shared a salad with beets, arugula and chevre with pine nuts and a balalmic dressing, wonderful!!  We followed that with the Grouper sandwich that was so fresh and tasty that it is second on my list of favorite Grouper sandwiches I have ever had.  Our waiter said that it was red grouper that had been swimming in the gulf only days ago.  I love the feel of this area in downtown St. Pete and it is a fun place to people watch and enjoy the scenery.",patio,AMBIENCE#GENERAL,positive,false,waiter,SERVICE#GENERAL,positive,false,yelp,salad,FOOD#QUALITY,positive,false,Grouper sandwich,FOOD#QUALITY,positive,false,downtown St. Pete,LOCATION#GENERAL,positive,false,,,,,,,,,,,,,,,,,,,,,,,,,,,,,,,,
label,tkP_mgWfNiSDn3N9OikjfQ,2,"Love Dunedin, The bar lacks decent entertainment. The bar staff isn't very personal.My husband and i went friday, and the bar staff acted as if getting us a drink was a big deal.",Dunedin,LOCATION#GENERAL,positive,false,bar,AMBIENCE#GENERAL,negative,false,yelp,bar staff,SERVICE#GENERAL,negative,false,,,,,,,,,,,,,,,,,,,,,,,,,,,,,,,,,,,,,,,,
label,jnbtIsEl4kq2k6UW2tyg4A,4,"I am now a every week shopper. We made a change in our diets and this is the easest way we can shop, other than reading every single label in a store. It is pricey, but we have learned to really look at the prices and have found that there is plenty of ways to cut, bying the whole foods brand really helps. Everything is good here, the people are always friendly.",pricey,FOOD#PRICES,negative,false,everything,RESTAURANT#GENERAL,positive,false,yelp,people,SERVICE#GENERAL,positive,false,,,,,,,,,,,,,,,,,,,,,,,,,,,,,,,,,,,,,,,,
label,Gbfsz69jqDWoMd9sAyvclw,4,I didn't know what to expect when I got there but it was incredible.  Lots of varieties on food and alcohol.  Macaroni and cheese is to die for.   Not expensive either.  Definitely a great place.,it,RESTAURANT#GENERAL,positive,false,food,FOOD#STYLE_OPTIONS,positive,false,yelp,alcohol,DRINKS#STYLE_OPTIONS,positive,false,Macaroni and cheese,FOOD#QUALITY,positive,false,expensive,FOOD#PRICES,positive,false,place,RESTAURANT#GENERAL,positive,false,,,,,,,,,,,,,,,,,,,,,,,,,,,,
label,rU0AXEHNwFCOGlMyLwuJtA,2,"Mostly good but if you have an issue with the food they tell you ""tough"" just like the beef sticks.  Staff not empowered to help.",food,FOOD#QUALITY,negative,false,beef sticks,FOOD#QUALITY,negative,false,yelp,Staff,SERVICE#GENERAL,negative,false,,RESTAURANT#GENERAL,positive,true,,,,,,,,,,,,,,,,,,,,,,,,,,,,,,,,,,,,
label,1zSEW7gGunlSduNXaCudtQ,5,"Loved the Bourbon flight! Bartender was attentive, and another bartender offered his opinion on the bourbon when he asked. Very friendly atmosphere.",Bourbon flight,DRINKS#QUALITY,positive,false,Bartender,SERVICE#GENERAL,positive,false,yelp,bourbon,DRINKS#STYLE_OPTIONS,positive,false,atmosphere,AMBIENCE#GENERAL,positive,false,,,,,,,,,,,,,,,,,,,,,,,,,,,,,,,,,,,,
label,_w6QVJv16fFPovPdqBvadA,5,"A hidden Jem right off Main Street!  It's a no frills place but the food is fresh, healthy and reasonably priced. The smoothie my boyfriend got was so good he took another one for the road. I had the falafel platter and  it was awesome. I will definitely be coming back!",Jem,RESTAURANT#GENERAL,positive,false,food,FOOD#QUALITY,positive,false,yelp,food,FOOD#PRICES,positive,false,smoothie,DRINKS#QUALITY,positive,false,falafel platter,FOOD#QUALITY,positive,false,,RESTAURANT#GENERAL,positive,true,,,,,,,,,,,,,,,,,,,,,,,,,,,,
label,jYIJjPURFHaH0iA42egGQA,3,I was super disappointed by our server and my appetizer plate. Don't get the sampler. But I've liked other things here before so on average I'd give it 3 stars,server,SERVICE#GENERAL,negative,false,appetizer plate,FOOD#QUALITY,negative,false,yelp,sampler,FOOD#QUALITY,negative,false,,RESTAURANT#GENERAL,positive,true,,RESTAURANT#GENERAL,neutral,true,,,,,,,,,,,,,,,,,,,,,,,,,,,,,,,,
label,z-9mHZSCTJDkrHmp4B4ESQ,5,Excellent service at this port of subs. Line gets extremely long on the weekends but it moves quickly. Always fresh and yummy.,service,SERVICE#GENERAL,positive,false,,SERVICE#GENERAL,negative,true,yelp,,SERVICE#GENERAL,positive,true,,FOOD#QUALITY,positive,true,,,,,,,,,,,,,,,,,,,,,,,,,,,,,,,,,,,,
label,u7NNL4ur-IzQ6j8DlUnW9w,3,"Great breakfast fare and all. Eggs provençale was pretty good; all kinds of herbs and seasonings, but cooked inconsistently. Tomato on the side was awesome.  Omelets were executed well, and the pastries were pretty impressive.  But the coffee was horrendously bad. And without good coffee, what's the point of breakfast?  And I still can't trust restaurants that have misspellings on their menus. Even if the misspelling is from another language.",breakfast fare,FOOD#STYLE_OPTIONS,positive,false,Eggs provençale,FOOD#QUALITY,positive,false,yelp,Eggs provençale,FOOD#QUALITY,negative,false,Tomato,FOOD#QUALITY,positive,false,Omelets,FOOD#QUALITY,positive,false,pastries,FOOD#QUALITY,positive,false,coffee,DRINKS#QUALITY,negative,false,misspellings,RESTAURANT#MISCELLANEOUS,negative,false,,,,,,,,,,,,,,,,,,,,
label,Cj4SUpCNJoKIYR0Y4OMjDw,5,"An amazing view, impeccable professional service great fare,don't  skip a visit to this Philadelphia gem. Nick, who is a stellar, incredible server, recommended a lovely 2010 Bordeaux-Chateau Font Merlet which complemented the Tuna Tartare and Steak Tataki.  This is a must see in Philadelphia. After witnessing a fabulous nighttime view, I can't wait to return to check out the spectacular sunsets.",view,AMBIENCE#GENERAL,positive,false,service,SERVICE#GENERAL,positive,false,yelp,fare,FOOD#QUALITY,positive,false,server,SERVICE#GENERAL,positive,false,2010 Bordeaux-Chateau Font Merlet,DRINKS#QUALITY,positive,false,Tuna Tartare,FOOD#QUALITY,positive,false,Steak Tataki,FOOD#QUALITY,positive,false,gem,RESTAURANT#GENERAL,positive,false,,,,,,,,,,,,,,,,,,,,
label,wWD0cnmUjqFUfs6BEiDwXg,4,Good food  cashier Alessandra very polite and respectful . meal box was reasonable for the price  And it  tasted good as well I will come back if in the area,food,FOOD#QUALITY,positive,false,cashier,SERVICE#GENERAL,positive,false,yelp,meal box,FOOD#PRICES,positive,false,it,FOOD#QUALITY,positive,false,,RESTAURANT#GENERAL,positive,true,,,,,,,,,,,,,,,,,,,,,,,,,,,,,,,,
label,ctNcYZKvB2nZzVTYGRCIAw,2,"I personally don't like Manny's pizza. I'd give it a 2 of 10. However, many of the people I grew up with and went to school with do love it. They have a pretty beasty menu, with a lot of sandwiches. They are all reasonably priced. The Clint Eastwood is good. I've only had it once though. i don't commonly crave that kinda stuff. I think their pizza is really weak, but I've had some good things there.. I just can't remember. The staff is cool, good fast nice delivery service..Which you can't complain about. Manny's has been open a lot of years so you really can't argue that factor. People like, however I'm not one of them.",pizza,FOOD#QUALITY,negative,false,Clint Eastwood,FOOD#QUALITY,positive,false,yelp,reasonably priced,FOOD#PRICES,positive,false,staff,SERVICE#GENERAL,positive,false,delivery service,SERVICE#GENERAL,positive,false,,,,,,,,,,,,,,,,,,,,,,,,,,,,,,,,
label,B4nqOw82ztr6lIGKftxZrg,4,"Every time I stop by an Italian restaurant, I forget they're there to feed the starving family in you. My gosh, my meal was never ending. Alfredo sauce was pretty good. Standard to what I expect my white sauce to be -- rich and creamy. I also ordered a side of the meatball because it seems to be their specialty. Cooked through without being too tough. The meat tasted well seasoned without overpowering and despite the clashing sauce, was pretty good to eat together. Blasphemous maybe, but I enjoyed it. I will stop by for a meal next time I'm in STL.",Alfredo sauce,FOOD#QUALITY,positive,false,white sauce,FOOD#QUALITY,positive,false,yelp,meatball,FOOD#QUALITY,positive,false,,RESTAURANT#GENERAL,positive,true,,,,,,,,,,,,,,,,,,,,,,,,,,,,,,,,,,,,
label,FHNC9_EEMpQQe00wNSpOwg,3,"My fiancé and I ate breakfast here and it wasn't bad, but it wasn't great either.  I had the beignets which were overly sweet and the filling didn't quite work. The fiance had the southern breakfast, said the eggs were cooked poorly and the grits were too salty.  Overall it wasn't terrible, but it was probably the most disappointing meal we had during our four day trip to New Orleans.  We did eat here on a Monday morning so it may have been an off day.",breakfast,FOOD#QUALITY,neutral,false,beignets,FOOD#QUALITY,negative,false,yelp,filling,FOOD#QUALITY,negative,false,eggs,FOOD#QUALITY,negative,false,grits,FOOD#QUALITY,negative,false,meal,FOOD#QUALITY,negative,false,,RESTAURANT#GENERAL,negative,true,,,,,,,,,,,,,,,,,,,,,,,,
label,KyztSw9VambOXqsKxHxKCw,5,Perfect place to celebrate my birthday. Everything from the service to the robust/perfectly seasoned food to the warm and rustic ambiance... Simply amazing.,place,RESTAURANT#GENERAL,positive,false,service,SERVICE#GENERAL,positive,false,yelp,food,FOOD#QUALITY,positive,false,ambiance,AMBIENCE#GENERAL,positive,false,,,,,,,,,,,,,,,,,,,,,,,,,,,,,,,,,,,,
label,0s2QEesL4DdEczAVjRrqxQ,1,Service was...wait what service?! We were disregarded for 15 minutes after asking for service. While the quality and atmosphere may have been wonderful the service was an absolute disappointment. Save your money for those that appreciate your patronage.,service,SERVICE#GENERAL,negative,false,atmosphere,AMBIENCE#GENERAL,positive,false,yelp,,RESTAURANT#PRICES,negative,true,,,,,,,,,,,,,,,,,,,,,,,,,,,,,,,,,,,,,,,,
label,qp6-rBgdRv_PZGAaW3spYw,5,"We went late on a Saturday night and sat on the patio! Our server, Robin, was friendly and answered the (many) questions and (many) recommendations I asked for! Food was delicious and the Nutella cheesecake was seriously the best cheesecake I've ever had, which is saying something because cheesecake usually weirds me out. The menu is quite large however I am in the restaurant industry and I really love having so many options, especially at 10:30pm after my shift when I don't even really know what sounds good or what I'll be craving!",patio,AMBIENCE#GENERAL,positive,false,server,SERVICE#GENERAL,positive,false,yelp,Food,FOOD#QUALITY,positive,false,Nutella cheesecake,FOOD#QUALITY,positive,false,menu,FOOD#STYLE_OPTIONS,positive,false,,,,,,,,,,,,,,,,,,,,,,,,,,,,,,,,
label,vBK79c3_1Ff_oqkh5VpfGg,5,HOLY SMOKES!  actual pumpkin pie mixed in with the frozen custard......are you kidding me? Why hasn't this become a huge sweep the nation treat.   The best part was the chunks of pie crust. Like finding a diamond inside another diamond. Super yummy.,pumpkin pie mixed in with the frozen custard,FOOD#QUALITY,positive,false,,,,,yelp,,,,,,,,,,,,,,,,,,,,,,,,,,,,,,,,,,,,,,,,,,,,
label,EWLZyRmMjtQL6CqRJhlZvw,1,"High drama bar. I have never been to a bar where I felt so uncomfortable... Staff fighting, rude to customers and not to mention an extremely long wait for ""the best wings in town"". No thanks.",High drama bar,AMBIENCE#GENERAL,negative,false,staff,SERVICE#GENERAL,negative,false,yelp,wait,SERVICE#GENERAL,negative,false,,,,,,,,,,,,,,,,,,,,,,,,,,,,,,,,,,,,,,,,
label,FYHNc27eON7b-L2c8LC29w,2,"We went on more than a few recommendations so we were disappointed when most of our fish was overcooked.  We ordered the octopus, shrimp, and smelts.  It was really unfortunate because the hummus was wonderful and the service was fantastic.  Its so cozy in there and they don't rush you even though there is generally a wait.  It may have been an off night but there are really too many other places to try so we most likely won't go back.",fish,FOOD#QUALITY,negative,false,hummus,FOOD#QUALITY,positive,false,yelp,service,SERVICE#GENERAL,positive,false,cozy,AMBIENCE#GENERAL,positive,false,,RESTAURANT#GENERAL,negative,true,,,,,,,,,,,,,,,,,,,,,,,,,,,,,,,,
label,tKxhiCdNrfvLEd1LDELiPA,5,"I absolutely love Dorignac's. Their selection is amazing, and their cafe is delicious! Their alcohol section is very extensive and reasonably priced. They carry beer, wine, and liquor - a one stop shop! In fact, the whole store is priced pretty well. They have a good variety of foods; I eat Paleo a lot, and their Paleo options are good. Dorignac's is a little out of the way for me since I live in Broadmoor, but if I'm in Metairie for errands, I definitely get my groceries here.",Dorignac's,RESTAURANT#GENERAL,positive,false,selection,FOOD#STYLE_OPTIONS,positive,false,yelp,cafe,FOOD#QUALITY,positive,false,alcohol section,DRINKS#STYLE_OPTIONS,positive,false,alcohol section,DRINKS#PRICES,positive,false,"beer, wine, and liquor",DRINKS#STYLE_OPTIONS,positive,false,store,RESTAURANT#PRICES,positive,false,variety of foods,FOOD#STYLE_OPTIONS,positive,false,Paleo options,FOOD#STYLE_OPTIONS,positive,false,out of the way,LOCATION#GENERAL,negative,false,,,,,,,,,,,,
label,RHhObbK3y-e1FBKgBkFJOg,3,"Great staff, but the steaks here were over rated and over priced. The night we went the steak was okay,  nothing to write home about. The side dishes and drinks were good.",staff,SERVICE#GENERAL,positive,false,steaks,FOOD#QUALITY,negative,false,yelp,steaks,FOOD#PRICES,negative,false,steak,FOOD#QUALITY,neutral,false,side dishes,FOOD#QUALITY,positive,false,drinks,DRINKS#QUALITY,positive,false,,,,,,,,,,,,,,,,,,,,,,,,,,,,
label,WjmyiSeauaWtXO9xUrdsoA,4,"I eat lunch here 1 to 2 times a week and have very good consistency in the quality of the food and service. They really do offer fresh food items and breads, oh your sweet tooth can also be satisfied with their pastries! I only do the pastries on the weekends as one of my coworkers has told me that calories don't count on the weekends!",food,FOOD#QUALITY,positive,false,service,SERVICE#GENERAL,positive,false,yelp,food items,FOOD#QUALITY,positive,false,breads,FOOD#QUALITY,positive,false,pastries,FOOD#QUALITY,positive,false,,,,,,,,,,,,,,,,,,,,,,,,,,,,,,,,
label,ku8ZKoLVTNrDRz5acwuieQ,3,I don't know what happened to this place but it used to be our goto. Sampler platter is amazing milk shakes great but any flounder or crabcake just not good always so frozen tasting. I'm not expecting a 5star meal but come on! Still continued to order despite the old grease taste and freezer burn. Switched to key pizza. Would like to try again considering the reviews. Kinda iffy about this place.,place,RESTAURANT#GENERAL,negative,false,Sampler platter,FOOD#QUALITY,positive,false,yelp,milk shakes,DRINKS#QUALITY,positive,false,flounder,FOOD#QUALITY,negative,false,crabcake,FOOD#QUALITY,negative,false,old grease taste,FOOD#QUALITY,negative,false,freezer burn,FOOD#QUALITY,negative,false,,,,,,,,,,,,,,,,,,,,,,,,
label,Uj9B9QN76ZzWo5Zu91vmRw,3,Service was good but I expected a bit more from the pancakes being they are the pancake pantry.  I definitely recommend their hash browns and hot sauce,Service,SERVICE#GENERAL,positive,false,pancakes,FOOD#QUALITY,negative,false,yelp,hash browns,FOOD#QUALITY,positive,false,hot sauce,FOOD#QUALITY,positive,false,,,,,,,,,,,,,,,,,,,,,,,,,,,,,,,,,,,,
label,IeQr3x0JSRrtGH2H27cOGw,5,"Great new spot for us locals to get off of Beach Drive!  Creative menu and and fresh makeover looks hip and fresh.  I had short ribs and truffle fries, I could be mistaken but I believe I had some duck as well, not bad for a girl who doesn't like meat. I couldn't get enough:) Thumbs up to them, the bar is small but you can sit indoors or outdoors",spot,RESTAURANT#GENERAL,positive,false,menu,FOOD#STYLE_OPTIONS,positive,false,yelp,makeover,AMBIENCE#GENERAL,positive,false,short ribs,FOOD#QUALITY,positive,false,truffle fries,FOOD#QUALITY,positive,false,duck,FOOD#QUALITY,positive,false,bar,AMBIENCE#GENERAL,neutral,false,,,,,,,,,,,,,,,,,,,,,,,,
label,N1BQhqtLnFguM30rklq90g,2,"Meh...I wasn't impressed with this spot. Looking past the array of hand written signs and lack of available bagels, the food was ok. I got the pastrami, egg, and cheese. There was hardly any pastrami and the cheese wasn't melted. My wife also had the pleasure of adding spoiled creamer to her coffee. I think we'll just stick with Einstein's or St Pete Bagel.",spot,RESTAURANT#GENERAL,negative,false,food,FOOD#QUALITY,neutral,false,yelp,pastrami,FOOD#QUALITY,negative,false,cheese,FOOD#QUALITY,negative,false,creamer,DRINKS#QUALITY,negative,false,coffee,DRINKS#QUALITY,negative,false,,,,,,,,,,,,,,,,,,,,,,,,,,,,
label,1Thftj8y7xsqpGjrTNWzjg,1,"I went recently to the Lakeview location and ordered the chicken quesadilla. As I was eating, I noticed that there was not much chicken between the two layers of tortilla. I peeled apart the two layers to see how much chicken was not there, and there was a piece of red plastic in the midst of the cheese. The red plastic seemed to be the plastics that tie off bread packages. I was offered no compensation for my meal and there was an obvious lack of sincereity in the waitresses's apology. I have been a big Chateau costumer and have been for years. I was very disappointed in the services here.",chicken quesadilla,FOOD#QUALITY,negative,false,red plastic,FOOD#QUALITY,negative,false,yelp,compensation,SERVICE#GENERAL,negative,false,waitress's apology,SERVICE#GENERAL,negative,false,services,SERVICE#GENERAL,negative,false,,,,,,,,,,,,,,,,,,,,,,,,,,,,,,,,
label,GROJpv8cv2Qls2kCZ-9ImA,2,"Service was terrible. We sat at the bar and the bartenders were not friendly. However, the guy shucking oysters was very friendly and helped me decide what to order to eat (he recommended the Island Tuna and it was very good). Gary, a bartender, was absolutely rude and disrespectful. If it were not for Brandon (the guy shucking oysters), we would have left and eaten dinner elsewhere.",Service,SERVICE#GENERAL,negative,false,bartenders,SERVICE#GENERAL,negative,false,yelp,guy shucking oysters,SERVICE#GENERAL,positive,false,Island Tuna,FOOD#QUALITY,positive,false,Gary,SERVICE#GENERAL,negative,false,,,,,,,,,,,,,,,,,,,,,,,,,,,,,,,,
label,zajO392fdoj7I8R5mfi2ig,4,"Good B&B style hotel, reasonably priced. Great location, close to beach, State Street, and Urban wine trail. A little noisy, but not a big problem. Would stay there again.",,RESTAURANT#PRICES,positive,true,location,LOCATION#GENERAL,positive,false,yelp,noisy,AMBIENCE#GENERAL,negative,false,,RESTAURANT#GENERAL,positive,true,,,,,,,,,,,,,,,,,,,,,,,,,,,,,,,,,,,,
label,T-Thr8jwI1kRr7CuYg5v9Q,5,Can't say enough nice things about this place!  Reasonably priced and delicious options!  They have a gluten free bread that's pretty tasty so there are options for that! Love it!,place,RESTAURANT#GENERAL,positive,false,,RESTAURANT#PRICES,positive,true,yelp,options,FOOD#QUALITY,positive,false,gluten free bread,FOOD#QUALITY,positive,false,options,FOOD#STYLE_OPTIONS,positive,false,,,,,,,,,,,,,,,,,,,,,,,,,,,,,,,,
label,6A3nqv9MGFPox-lDi6bT6w,5,"Great drinks, food and atmosphere! A little loud if you are trying to eat out with a group of friends, but still a great time! Love the tropical touch!",drinks,DRINKS#QUALITY,positive,false,food,FOOD#QUALITY,positive,false,yelp,atmosphere,AMBIENCE#GENERAL,positive,false,loud,AMBIENCE#GENERAL,negative,false,tropical touch,AMBIENCE#GENERAL,positive,false,,RESTAURANT#GENERAL,positive,true,,,,,,,,,,,,,,,,,,,,,,,,,,,,
label,9zuY5eDEzE59eqq5zO8F2A,4,"I am giving this bar four stars because not only is it my go to bar most nights, but also because of all the BS the bartenders and workers put up with there. The drinks here are not bad, average priced, however some nights they are a bit watered down. Overall its a good bar, if you are a fan of REALLY loud music, go on the weekends, if you are not a fan, like me, stick to weekdays. Also stay away from the bathrooms, they are a wreck. Overall though, good service and nice bartenders !",bar,RESTAURANT#GENERAL,positive,false,bartenders and workers,SERVICE#GENERAL,negative,false,yelp,drinks,DRINKS#QUALITY,neutral,false,drinks,DRINKS#PRICES,neutral,false,drinks,DRINKS#QUALITY,negative,false,music,AMBIENCE#GENERAL,negative,false,bathrooms,RESTAURANT#MISCELLANEOUS,negative,false,service,SERVICE#GENERAL,positive,false,bartenders,SERVICE#GENERAL,positive,false,,,,,,,,,,,,,,,,
label,PzHiS8h4Bq-R1AxJqZj6LQ,4,"This is my neighborhood cafe, and it's everything I want: casual dining, friendly service, dog-friendly outdoor patio, and good food. In some ways, Ghini's reminds me of the Hotel Congress' Cup Cafe, but quieter and more laid-back. I've been here for breakfast, lunch, and desserts. Ghini's is a popular place with a solid reputation---and the bakery next door is a favorite too. I'm awarding the cafe four stars instead of five because the place does get a little chaotic during the peak times (again, just like the Cup) and I can see how a first-time visitor might find that off-putting. All in all, I recommend you try Ghini's and discover one of Tucson's delights. Enjoy!",service,SERVICE#GENERAL,positive,false,outdoor patio,AMBIENCE#GENERAL,positive,false,yelp,food,FOOD#QUALITY,positive,false,,SERVICE#GENERAL,negative,true,place,RESTAURANT#GENERAL,positive,false,casual dining,FOOD#STYLE_OPTIONS,positive,false,,AMBIENCE#GENERAL,positive,true,,,,,,,,,,,,,,,,,,,,,,,,
label,0-RgkJk9NTz7TGO07_vuqQ,5,This place just keeps getting better. The people there are so nice and they make a heck of a taco. They just added seating inside as well as more produce. Perfect for anyone in the nations. They are are also starting to serve Bongo Java coffee on their coffee bar as well as a large assortment of Rishi tea! Highly recommend stopping in and becoming a regular.,people,SERVICE#GENERAL,positive,false,taco,FOOD#QUALITY,positive,false,yelp,seating,AMBIENCE#GENERAL,positive,false,produce,FOOD#STYLE_OPTIONS,positive,false,coffee,DRINKS#QUALITY,positive,false,Rishi tea,DRINKS#STYLE_OPTIONS,positive,false,place,RESTAURANT#GENERAL,positive,false,,,,,,,,,,,,,,,,,,,,,,,,
label,S-IpV4o5NaeZiMei1Asmmw,3,"It's a college-town bar, what do you expect? Lol. Alcohol, pub/bar food, good tap selection, good atmosphere and specials. A Villanova tradition. It's not an upscale bar, or a great place to grab lunch. It is what it is, a bar!",tap selection,DRINKS#STYLE_OPTIONS,positive,false,atmosphere,AMBIENCE#GENERAL,positive,false,yelp,,,,,,,,,,,,,,,,,,,,,,,,,,,,,,,,,,,,,,,,,,,,
label,7uH4XueW_JZPgggUnR8Igw,5,"This place is insane! Amazing selection of anything you could possibly want! Fresh coffee bar, gelato, pastries, cheeses, wines, sliced meats, fresh homemade pastas & sauces, I could go on for a while... You need to go here!",place,RESTAURANT#GENERAL,positive,false,selection,FOOD#STYLE_OPTIONS,positive,false,yelp,coffee,DRINKS#QUALITY,positive,false,pastas,FOOD#QUALITY,positive,false,,,,,,,,,,,,,,,,,,,,,,,,,,,,,,,,,,,,
label,Bo3i1F_M3dyZzvkterQyZQ,2,"Nice place for breakfast or lunch any time of the day.  However,  there was no soup in the men's or women's restroom today. There was a roll of paper towels on the zinc instead of the dispenser.",place,RESTAURANT#GENERAL,positive,false,soup,RESTAURANT#MISCELLANEOUS,negative,false,yelp,roll of paper towels,RESTAURANT#MISCELLANEOUS,negative,false,,,,,,,,,,,,,,,,,,,,,,,,,,,,,,,,,,,,,,,,
label,Oa_I_T25KMmHfyTcpNMiMQ,5,Just down right darn good pizza with lots of different varieties you don't see much anywhere else! And hello beers!,pizza,FOOD#QUALITY,positive,false,varieties,FOOD#STYLE_OPTIONS,positive,false,yelp,beers,DRINKS#QUALITY,positive,false,,,,,,,,,,,,,,,,,,,,,,,,,,,,,,,,,,,,,,,,
label,an-6q6o86LjAof5n1iU7cA,5,This is my favorite place for Mexican! Meals always come out piping hot and delicious. We love the seafood burrito but haven't had a bad meal. The chips and salsa are mediocre but the meal makes up for them. The margarita and beer selection is also plenty and they keep pouring as requested!,place,RESTAURANT#GENERAL,positive,false,Meals,FOOD#QUALITY,positive,false,yelp,seafood burrito,FOOD#QUALITY,positive,false,meal,FOOD#QUALITY,positive,false,chips and salsa,FOOD#QUALITY,negative,false,margarita and beer selection,DRINKS#STYLE_OPTIONS,positive,false,,,,,,,,,,,,,,,,,,,,,,,,,,,,
label,O4P7uJflv83wBPbkhUy_Ag,2,"Don't like being a hater, but 1st knock on it  was that it took an hour to get my food, then it wasn't that good either. Kind of bland.  The people are nice and the restaurant looks nice too, but doubtful if I'm coming back. The curry was bleh",,SERVICE#GENERAL,negative,true,food,FOOD#QUALITY,negative,false,yelp,people,SERVICE#GENERAL,positive,false,restaurant,AMBIENCE#GENERAL,positive,false,restaurant,RESTAURANT#GENERAL,negative,false,curry,FOOD#QUALITY,negative,false,,,,,,,,,,,,,,,,,,,,,,,,,,,,
label,e08Xg3i306SFU_IIysuyZw,3,The service was great & my food came in no time!  I tried the taste of bayou & thought it was just okay. I'll give this place another try next time I'm around & get something different.,service,SERVICE#GENERAL,positive,false,,SERVICE#GENERAL,positive,true,yelp,taste of bayou,FOOD#QUALITY,neutral,false,place,RESTAURANT#GENERAL,positive,false,,,,,,,,,,,,,,,,,,,,,,,,,,,,,,,,,,,,
label,WXRlzD3j0jD5aPDZJ7H1Ow,5,Awesome service! Food is made quickly but accurately. It is so fresh. I just wish they delivered to me but it's good enough that I am willing to drive there to get it. Also try their day old bread for .50. It is a full baguette and makes great garlic bread to accompany your dinner!,service,SERVICE#GENERAL,positive,false,Food,FOOD#QUALITY,positive,false,yelp,,SERVICE#GENERAL,negative,true,day old bread,FOOD#PRICES,positive,false,garlic bread,FOOD#QUALITY,positive,false,,,,,,,,,,,,,,,,,,,,,,,,,,,,,,,,
label,p6O65mBIXcqAuPetLPjt-Q,3,Decent brunch speacials- the lumberjack slam is very good. Chicken and waffles could be better. Excellent service. The waitress has been very attentive both times that I've been there. Nice ambience as well.,lumberjack slam,FOOD#QUALITY,positive,false,Chicken and waffles,FOOD#QUALITY,negative,false,yelp,service,SERVICE#GENERAL,positive,false,waitress,SERVICE#GENERAL,positive,false,ambience,AMBIENCE#GENERAL,positive,false,brunch speacials,FOOD#STYLE_OPTIONS,neutral,false,,,,,,,,,,,,,,,,,,,,,,,,,,,,
label,GKCmYik5o3eJkwAGt-cPeg,1,Went for Sunday brunch . The service was great for us as there was only one other table being served. The gumbo was so salty with burnt roux.  It was not edible .  The Bar B que  shrimp and grits had twice as many shrimp heads as shrimp. Don't think air condition works . The inside of the restaurant is very nice . It's just such a shame they can't serve good food . I won't be back.,service,SERVICE#GENERAL,positive,false,gumbo,FOOD#QUALITY,negative,false,yelp,shrimp and grits,FOOD#QUALITY,negative,false,air condition,AMBIENCE#GENERAL,negative,false,inside of the restaurant,AMBIENCE#GENERAL,positive,false,,FOOD#QUALITY,negative,true,,RESTAURANT#GENERAL,negative,true,,,,,,,,,,,,,,,,,,,,,,,,
label,5IJ8bbgtuaYY44jylnQ5lw,3,"Really want this place to succeed,   They are attentive, customer service oriented, etc. Place is clean and bright. I had really high expectations. Sandwiches were fine.  Didn't blow me away, but they were fine. I probably need to try it a few more times to get a better sense...",customer service,SERVICE#GENERAL,positive,false,place,AMBIENCE#GENERAL,positive,false,yelp,Sandwiches,FOOD#QUALITY,neutral,false,,,,,,,,,,,,,,,,,,,,,,,,,,,,,,,,,,,,,,,,
label,XvcLs6lqCHS2NjEm8_p3YA,4,Great food. Enjoyed everything and the staff was amazing. 45 min wait for the table and the priciness warranted 4 stars.,food,FOOD#QUALITY,positive,false,staff,SERVICE#GENERAL,positive,false,yelp,,SERVICE#GENERAL,negative,true,priciness,RESTAURANT#PRICES,positive,false,,,,,,,,,,,,,,,,,,,,,,,,,,,,,,,,,,,,
label,ibrk66oc_2FBdqsp_NUSyw,2,"Menu changed from what they had posted on their website that day, so we were disappointed when we got there but were willing to try other things.  Service was good and people were friendly.  Food however did not live up to the hype. Salad, trio appetizers, chicken, and trout were all average at best to bad. Perhaps other things on the menu are better, but based on these we will not ever return.",Menu,FOOD#STYLE_OPTIONS,negative,false,Service,SERVICE#GENERAL,positive,false,yelp,Food,FOOD#QUALITY,negative,false,Salad,FOOD#QUALITY,negative,false,trio appetizers,FOOD#QUALITY,negative,false,chicken,FOOD#QUALITY,negative,false,trout,FOOD#QUALITY,negative,false,,RESTAURANT#GENERAL,negative,true,,,,,,,,,,,,,,,,,,,,
