review_id,aspect,aspect_term,category,sentiment,is_implicit
KCGwTjtJ0C1YDPjJYCkEGw,food_quality,,FOOD#QUALITY,negative,False
NkBJI0AILlLI-Wt-1bUQWA,food_quality,,FOOD#QUALITY,"positive, negative",False
a5oDGNrhwhrYh1u89v9hTA,food_quality,,FOOD#QUALITY,negative,False
u9BAQm8nvs1YdBMnFFs7GA,food_quality,,FOOD#QUALITY,positive,False
4qZZE0PEa3MRo2TXUEXO3g,food_quality,,FOOD#QUALITY,positive,False
T7Cp9wxRAAGtUynIby9qCw,food_quality,,FOOD#QUALITY,negative,False
X7lexrNtmZgZ_5lt94uR9Q,food_quality,,FOOD#QUALITY,positive,False
sE8xFCkXgn92lviAJoU1Ag,food_quality,,FOOD#QUALITY,positive,False
4R1TNUgx04hiO21VedTcIw,food_quality,,FOOD#QUALITY,positive,False
W7iHVmbmGkFBo3wj_yVeDg,food_quality,,FOOD#QUALITY,positive,False
BUHCgFiwaS70G0VCNsFgqg,food_quality,,FOOD#QUALITY,negative,False
q68ZmNePuVNw6ZrBid6UQg,food_quality,,FOOD#QUALITY,positive,False
g0yGvJX3eMP8IqZSbHtyIg,food_quality,,FOOD#QUALITY,positive,False
iXULcSxHIEuKBdZqpogSwA,food_quality,,FOOD#QUALITY,positive,False
S1ocjePToHEw2VbTBHH71Q,food_quality,,FOOD#QUALITY,"positive, negative",False
tUnVMrUwzxU0VXMBmLSGWg,food_quality,,FOOD#QUALITY,"neutral, negative",False
YM47FT1FlrhTqBPUI4_KvQ,food_quality,,FOOD#QUALITY,positive,False
J0rheEklgHxGxwhdLMpb6Q,food_quality,,FOOD#QUALITY,positive,False
_ZdwS4iEzJIVpy7-DjkEpA,food_quality,,FOOD#QUALITY,positive,False
bVmVp4r1D2xzEFfM2rPEzg,food_quality,,FOOD#QUALITY,positive,False
crsfxDJGj2U-IIxvttdPqQ,food_quality,,FOOD#QUALITY,positive,False
Rcl9V-coF-aydOKfsF96EA,food_quality,,FOOD#QUALITY,positive,False
un8ttFRy6XqJGxGxjYfxxQ,food_quality,,FOOD#QUALITY,positive,False
KwKLD2zFgGFydkr4uqfQyg,food_quality,,FOOD#QUALITY,positive,False
Pv33hzmaYTzn-cUpjwFTjA,food_quality,,FOOD#QUALITY,neutral,False
kC38P384eVAs9SPEjU75dw,food_quality,,FOOD#QUALITY,negative,False
9F1q7618Fmf2QFGo_sPbrg,food_quality,,FOOD#QUALITY,"neutral, positive",False
hlMS_Am9OqoFORRAW96FIw,food_quality,,FOOD#QUALITY,negative,False
o-Z2Voi2UmHujo0TEIcfCw,food_quality,,FOOD#QUALITY,positive,False
5tyLmfkqov22Asc5CMG2OA,food_quality,,FOOD#QUALITY,"negative, neutral",False
TRtzUEDSW4P07ElNTCK5lw,food_quality,,FOOD#QUALITY,"negative, positive",False
xNwDDFanM_lcGwsDoSShRQ,food_quality,,FOOD#QUALITY,positive,False
ZFYaWplFSjk0FfCofZz-Yg,food_quality,,FOOD#QUALITY,"positive, negative",False
6cHQxtaHnKpV4yAfPiTS9g,food_quality,,FOOD#QUALITY,"positive, negative, neutral",False
qS7BFEqhbnd27HV_eDcurg,food_quality,,FOOD#QUALITY,positive,False
rfz83tnAFfFfjc88MNE8fA,food_quality,,FOOD#QUALITY,neutral,False
Xe__9plcT4VI1oAfv9f24Q,food_quality,,FOOD#QUALITY,positive,False
F5teuZDjKfq2Dr0II6Db_g,food_quality,,FOOD#QUALITY,negative,False
DkrsmadeZJj_GERNMIBxVg,food_quality,,FOOD#QUALITY,positive,False
DVwdqnIcG9l9deyAV8cEjA,food_quality,,FOOD#QUALITY,negative,False
9YXzd7f_RtPXyv354W9Q7w,food_quality,,FOOD#QUALITY,negative,False
llqUthbVLqU0WDnu-TFh0Q,food_quality,,FOOD#QUALITY,"negative, positive",False
STRDbH66JtZSm60yyjFw1A,food_quality,,FOOD#QUALITY,positive,False
goS6BPv_0nDhy89HJ14XkA,food_quality,,FOOD#QUALITY,"neutral, positive",False
zbbj5ZwqG5kj_Zefb2XscA,food_quality,,FOOD#QUALITY,positive,False
oO-Iqg0BJBYkW593wQadlQ,food_quality,,FOOD#QUALITY,negative,False
pouCNK0hBhJc2WY0joqkbQ,food_quality,,FOOD#QUALITY,positive,False
hQnGUPmvVwEqq1gwfB4eyw,food_quality,,FOOD#QUALITY,positive,False
NlJvzUZ_-Ob2F8w2xyuudQ,food_quality,,FOOD#QUALITY,positive,False
dIrnN8UBRubrL1Oaw4rq8g,food_quality,,FOOD#QUALITY,negative,False
MBrXrHhRAbM__74YsiQBxw,food_quality,,FOOD#QUALITY,positive,False
mpSF5MNA6lyV_OSkxi4uYg,food_quality,,FOOD#QUALITY,positive,False
9yQLlmI-uAoTd35g3Az-ug,food_quality,,FOOD#QUALITY,"positive, negative",False
1C255cHg0dsl71xoFughkA,food_quality,,FOOD#QUALITY,positive,False
3eRIYY2jMy-LwDmKjhue_w,food_quality,,FOOD#QUALITY,"neutral, positive",False
ExRfuo5_4evEVT3L4c_Nng,food_quality,,FOOD#QUALITY,positive,False
tLIBML_k6DXA3H9PEjj7HA,food_quality,,FOOD#QUALITY,"negative, positive",False
TbikcUbqg1ku2H69GqZnLA,food_quality,,FOOD#QUALITY,negative,False
BbNDLthnnCMi7vcua1neuA,food_quality,,FOOD#QUALITY,negative,False
AzK0yfSVQ0tPQWJevNOyiw,food_quality,,FOOD#QUALITY,neutral,False
zQ3kBDE1LVcavOojztYZOA,food_quality,,FOOD#QUALITY,positive,False
zSNwKMaT4e1UWVS5tBouaA,food_quality,,FOOD#QUALITY,"positive, negative",False
t-VxzwrFJtm13GGcBO-2bw,food_quality,,FOOD#QUALITY,positive,False
GbMcGLNuFFAEx38nUkxkgQ,food_quality,,FOOD#QUALITY,positive,False
E7igMHkfseLnRS7118KERw,food_quality,,FOOD#QUALITY,negative,False
i9wzer9wJInHnlh6zVH56w,food_quality,,FOOD#QUALITY,positive,False
7RGcPXsoYgXWt7n1TKWNdA,food_quality,,FOOD#QUALITY,positive,False
r9Qn_Y3nT-AWDdi3pCz07A,food_quality,,FOOD#QUALITY,"neutral, negative",False
1jpF8KyWSbXoNYQ4gDaIng,food_quality,,FOOD#QUALITY,negative,False
MmE5fyvflezLXbQyFkPivg,food_quality,,FOOD#QUALITY,negative,False
ItdTEzYEXp5ZUGIOAV4rZg,food_quality,,FOOD#QUALITY,positive,False
a5Fmk_AKuHdJRFgrmucIyw,food_quality,,FOOD#QUALITY,negative,False
_h6NvONt5vGBrEMqEZQcnQ,food_quality,,FOOD#QUALITY,positive,False
Fk-ExH4pvjBcwCuTG81gSg,food_quality,,FOOD#QUALITY,positive,False
2KxuaCOzuXpnZ--1BA-X_g,food_quality,,FOOD#QUALITY,"positive, negative",False
sOVkacZiV50dLVnAecUrlA,food_quality,,FOOD#QUALITY,negative,False
3TARi_spDx3FfTmZXktAiQ,food_quality,,FOOD#QUALITY,positive,False
2D5DtWKHbN2ghLvxQmG-1w,food_quality,,FOOD#QUALITY,positive,False
_tAwaRbfLK0UJBQUsDKbeA,food_quality,,FOOD#QUALITY,positive,False
ZwfIQvFSAHgeVFjghAMO_A,food_quality,,FOOD#QUALITY,positive,False
OXiYENXL835wlj9vZ2KN1Q,food_quality,,FOOD#QUALITY,positive,False
XzHZUPfZ_mBQCIuDk9n5iQ,food_quality,,FOOD#QUALITY,negative,False
TcYhEIcbrVlojGfS4sTZOQ,food_quality,,FOOD#QUALITY,positive,False
-7wZLHrckzyOr-fX_CiT4A,food_quality,,FOOD#QUALITY,positive,False
FbYShDGBTQb2tTEHHAtG9g,food_quality,,FOOD#QUALITY,neutral,False
a4p0CRz3A-APavbD1IT8UQ,food_quality,,FOOD#QUALITY,"positive, negative",False
zGOU_UKPvMDaERtDqLsowg,food_quality,,FOOD#QUALITY,positive,False
qN7RfHGqzuWz-aE4Ik7_GA,food_quality,,FOOD#QUALITY,negative,False
Msb02JkfIqVIEOjR9wFYPg,food_quality,,FOOD#QUALITY,"negative, positive",False
c_Iy6yFpJzQqCsYb5IX-rw,food_quality,,FOOD#QUALITY,"negative, positive",False
3lwAyxwk0zxKI8JkINtXXQ,food_quality,,FOOD#QUALITY,positive,False
JBWZmBy69VMggxj3eYn17Q,food_quality,,FOOD#QUALITY,positive,False
K_J3aKPiNQ2onKCblbOFtw,food_quality,,FOOD#QUALITY,"positive, neutral",False
_i0Ofi9owHHxypgetGRL4g,food_quality,,FOOD#QUALITY,positive,False
oPes27qEd4prveltgBtxJg,food_quality,,FOOD#QUALITY,positive,False
Y9X_pfyN7KyuLsJREUqPPw,food_quality,,FOOD#QUALITY,negative,False
jTm_vNAYnlmE5eWNUPbEYg,food_quality,,FOOD#QUALITY,positive,False
4OcRfnJiiJF6MROv9hTxQg,food_quality,,FOOD#QUALITY,"neutral, positive",False
716BqF7YD-eAiI0PpYL9jw,food_quality,,FOOD#QUALITY,"positive, negative",False
GV3MduPY1YtOP5vzTYEU3A,food_quality,,FOOD#QUALITY,"positive, negative",False
HcTEtuUhgJ6R-ASWTHxgWg,food_quality,,FOOD#QUALITY,positive,False
y8PRSF5TV3O71Iq0c6lxQA,food_quality,,FOOD#QUALITY,"positive, negative",False
nr3xQXUl3f-BwBWbu8ipsQ,food_quality,,FOOD#QUALITY,negative,False
BliwMeEGWCN34_Wg9vsyEA,food_quality,,FOOD#QUALITY,positive,False
WzUTZT2T9sksgsJqbjJypA,food_quality,,FOOD#QUALITY,positive,False
ERTejHvTN99rza1kDmHA3g,food_quality,,FOOD#QUALITY,negative,False
5_xWY_CT7mAZrpkCdxCLFQ,food_quality,,FOOD#QUALITY,"negative, positive",False
PfzN_ZsOPIvpXZKUWNRyOw,food_quality,,FOOD#QUALITY,negative,False
FCPtJw25EBC8lP16KbB4vw,food_quality,,FOOD#QUALITY,positive,False
mtng7UJud3_cbJnMVVQ-Hw,food_quality,,FOOD#QUALITY,"positive, negative",False
nWmaktIuBdAJvVDwDdUOEQ,food_quality,,FOOD#QUALITY,neutral,False
JpGfQxcoEq9CF7lq4ktawg,food_quality,,FOOD#QUALITY,negative,False
-eZEYx1zW2c8qdn1MKTN9g,food_quality,,FOOD#QUALITY,"negative, positive",False
2F3w_DTm4NDJILFdsWaGiA,food_quality,,FOOD#QUALITY,negative,False
ZfL9tJyAVGc94XnpGgXqbQ,food_quality,,FOOD#QUALITY,negative,False
-_Qm71-tfK5bzGZwrJ3Yhw,food_quality,,FOOD#QUALITY,positive,False
1r0TZiIjYonzHlUnjwVVYg,food_quality,,FOOD#QUALITY,"positive, negative",False
P-HWARFHkyHeeSc5cK5W_Q,food_quality,,FOOD#QUALITY,negative,False
Yk1rX9s9_Hc2pLW4VtwM-Q,food_quality,,FOOD#QUALITY,"positive, neutral",False
J4bewYavb3HEhYkEOc3QFQ,food_quality,,FOOD#QUALITY,"positive, neutral",False
64heHyDtwXbOdb4EyyKSnA,food_quality,,FOOD#QUALITY,"negative, positive",False
U-3oj_EQVJiIVFiAZBA8ZA,food_quality,,FOOD#QUALITY,neutral,False
t_6K8YBwfVyqjnAt4YBkcQ,food_quality,,FOOD#QUALITY,neutral,False
6nn-UdDSIomFbSR-lI6TcQ,food_quality,,FOOD#QUALITY,"positive, neutral",False
Epqq93V48NgS_7lWAwzubw,food_quality,,FOOD#QUALITY,neutral,False
gkUw708T1nVrRKONTj2OBQ,food_quality,,FOOD#QUALITY,"positive, neutral",False
cjKlwEl2pqLN4nJvl7wUSA,food_quality,,FOOD#QUALITY,positive,False
dLJK7FNRSQcCMxZRZH8OFA,food_quality,,FOOD#QUALITY,positive,False
7b8kUPREsEoII7U1RjJs3A,food_quality,,FOOD#QUALITY,positive,False
iKPCtAvscLm_bm3F9gQV_A,food_quality,,FOOD#QUALITY,positive,False
9b4hz7HY4fLYfE1o3z17bA,food_quality,,FOOD#QUALITY,"negative, positive",False
PvZvLfodXgbqqZT2q65HwA,food_quality,,FOOD#QUALITY,negative,False
zvSCU6NlZ9vbt-GowXq7HQ,food_quality,,FOOD#QUALITY,"positive, neutral",False
RnwgT0y0hgennVJIFDqguQ,food_quality,,FOOD#QUALITY,positive,False
rZmBNfihjuQo6Bk5J06yOA,food_quality,,FOOD#QUALITY,positive,False
JTt8b3zxPdJ0JGbsQ3moxw,food_quality,,FOOD#QUALITY,"neutral, positive",False
TYslH-CAecjJxLNs96KduA,food_quality,,FOOD#QUALITY,positive,False
Gyw77tgrqdHnDBI6WfFjMw,food_quality,,FOOD#QUALITY,positive,False
HX_02aNBcVJctMkSUzZV3A,food_quality,,FOOD#QUALITY,"positive, negative",False
I64eVtoBWV47Tnhv09gAsA,food_quality,,FOOD#QUALITY,positive,False
2hC9p6EPJTPyKepJhHLhOw,food_quality,,FOOD#QUALITY,positive,False
ypFqmURIY41F4pWaMW1VrQ,food_quality,,FOOD#QUALITY,positive,False
2Tl9TNP8xtPXlDl9Oc3Jug,food_quality,,FOOD#QUALITY,positive,False
L3p7RXD-IA8YIlTW6_9xyQ,food_quality,,FOOD#QUALITY,positive,False
G4twDEDGszYFRfZvciBsGQ,food_quality,,FOOD#QUALITY,positive,False
A0WD4cLK1yixRurPwMBRSA,food_quality,,FOOD#QUALITY,negative,False
Drng9Z_nRSWlGQUfX9IJPg,food_quality,,FOOD#QUALITY,positive,False
twOSOJoQoexng8miZm8gtg,food_quality,,FOOD#QUALITY,positive,False
b8-_q_gr-5zplgCwNhvSNw,food_quality,,FOOD#QUALITY,neutral,False
24wRCl4rswWprHQNozTzyA,food_quality,,FOOD#QUALITY,negative,False
KUgjVQp2mGUOmDyA95FzZA,food_quality,,FOOD#QUALITY,negative,False
ROxBxYZETOczYFkls4Ul_Q,food_quality,,FOOD#QUALITY,negative,False
7oGT9dENGHh-lrQtuA33Gw,food_quality,,FOOD#QUALITY,positive,False
wlD6o45VOxARfAS9wdgfbA,food_quality,,FOOD#QUALITY,"positive, neutral",False
KWyf1YEErmD6Dtt5K5QWnA,food_quality,,FOOD#QUALITY,positive,False
90CvpvkdakyLXK82b3t53A,food_quality,,FOOD#QUALITY,"negative, neutral",False
SkiDGm6PcDOJ28_2cS2Yrw,food_quality,,FOOD#QUALITY,positive,False
I9hhK-tbVXUYQXyC_ycaTw,food_quality,,FOOD#QUALITY,"positive, negative",False
WT8NHJHnGdg5Jq9DU5VYzw,food_quality,,FOOD#QUALITY,positive,False
qTDwtZQDg-TzrFbPtntxJw,food_quality,,FOOD#QUALITY,positive,False
4EnJDFDleSNDxzXIT8IYUw,food_quality,,FOOD#QUALITY,positive,False
hFCpyJD7WANssrIMdnPqRQ,food_quality,,FOOD#QUALITY,positive,False
vdtWa5Ym9ImeMMOHwnIfrw,food_quality,,FOOD#QUALITY,neutral,False
H976K-qnM74zl7bih49TnQ,food_quality,,FOOD#QUALITY,negative,False
xt4EJrfsTc34uUhjACaSjQ,food_quality,,FOOD#QUALITY,positive,False
t26xhlStugrS8buSNlZC0w,food_quality,,FOOD#QUALITY,negative,False
qB1WZb8yb7_g2AlFN7vGtw,food_quality,,FOOD#QUALITY,"negative, positive",False
BTGQWHMcO848q3d6lFGKdg,food_quality,,FOOD#QUALITY,"neutral, negative",False
QpAd8_6T1SbrLKRMHVOhUg,food_quality,,FOOD#QUALITY,positive,False
hIubFC6LBxFz0ntgWjjTrQ,food_quality,,FOOD#QUALITY,positive,False
v5tuBGThz31Qywa50jL2Tg,food_quality,,FOOD#QUALITY,positive,False
FqC0sXUpVZPiS0gjDNO01Q,food_quality,,FOOD#QUALITY,positive,False
hCSL860vy9K7e4Qu9Mon7Q,food_quality,,FOOD#QUALITY,"positive, negative",False
qt5sA1GlTMx74yQYi7gNLw,food_quality,,FOOD#QUALITY,"negative, positive",False
J3dl_BagtA9JnppdGkHlvQ,food_quality,,FOOD#QUALITY,positive,False
xqIKhAEeNQ7fm0qYC212_Q,food_quality,,FOOD#QUALITY,positive,False
EWu4JyMnNr247ePRkOaEkQ,food_quality,,FOOD#QUALITY,negative,False
iBcn9OepmFm-j4X_oGLAlQ,food_quality,,FOOD#QUALITY,"positive, negative",False
QIPRGwJcNPodg7v2nqqSEw,food_quality,,FOOD#QUALITY,"neutral, negative",False
GtkNOuCYl66VMWmOmqYlYw,food_quality,,FOOD#QUALITY,negative,False
aAZfPGaF1YHh2jImso40eg,food_quality,,FOOD#QUALITY,positive,False
GJyvMqGIj34vweJYsn3uhw,food_quality,,FOOD#QUALITY,negative,False
cbcnrGl_ovi1egXLGRUS7A,food_quality,,FOOD#QUALITY,positive,False
AmPAwe3TwEKDFtHXUFjpGA,food_quality,,FOOD#QUALITY,negative,False
dA1LSJkJXf2zOGidFg_UBg,food_quality,,FOOD#QUALITY,positive,False
YE3ReOpGl3h4q2DJx_5tIw,food_quality,,FOOD#QUALITY,positive,False
FMFZoES5LfumuwhsZbIDlQ,food_quality,,FOOD#QUALITY,positive,False
4mQB_GKC-f5GPoDr3ZyxRA,food_quality,,FOOD#QUALITY,"negative, positive, neutral",False
cCVSPKPlYLN0azETtQHzrg,food_quality,,FOOD#QUALITY,positive,False
onlgwy5qGDEzddsrnIvtWg,food_quality,,FOOD#QUALITY,positive,False
YONIMR09r7NhlpP8z1OfWg,food_quality,,FOOD#QUALITY,negative,False
qVG8nSByP0TQ9Aw_KkjhhA,food_quality,,FOOD#QUALITY,neutral,False
6j7TrxqNC9FtcRIPrDpRqQ,food_quality,,FOOD#QUALITY,neutral,False
Jm5zNjzGlmHcQaQGTlYRog,food_quality,,FOOD#QUALITY,negative,False
E91iUqN6z_7Y0xUHBwM0yw,food_quality,,FOOD#QUALITY,positive,False
SRF_nqNqo_-n--mPi4xk1Q,food_quality,,FOOD#QUALITY,positive,False
Aj0UVTXgRLXAasN1X4qXuA,food_quality,,FOOD#QUALITY,positive,False
chtDBb_3unH0Wcs3W2Iahw,food_quality,,FOOD#QUALITY,positive,False
xOLT8Z62v6el61dOQTOHdQ,food_quality,,FOOD#QUALITY,positive,False
GVEAispVyfwkjyuOkmBLvA,food_quality,,FOOD#QUALITY,positive,False
aOCI7NVqcwf9mb0sGZxHJw,food_quality,,FOOD#QUALITY,"positive, negative",False
0wLjHPDXrJ4OKwwaKzl7BA,food_quality,,FOOD#QUALITY,positive,False
VjQl5idbz1Y9PNvVi7iHlQ,food_quality,,FOOD#QUALITY,negative,False
PPgbLBvi34A6m7bKJfTwhw,food_quality,,FOOD#QUALITY,negative,False
WqqtROjIbnBPvZi9Q9tu8Q,food_quality,,FOOD#QUALITY,positive,False
VpO2y8sEzcUECZ2GA3Of1A,food_quality,,FOOD#QUALITY,positive,False
Q8Vz3ELyBKwFwelkSws75g,food_quality,,FOOD#QUALITY,positive,False
wphbA_OQlOtP4AaT8oTeOw,food_quality,,FOOD#QUALITY,"neutral, positive",False
kXkoBcxhLJ058tTeBbUz6g,food_quality,,FOOD#QUALITY,negative,False
ccMORGjJYr3Mq7sjASl1iA,food_quality,,FOOD#QUALITY,"negative, positive",False
2LeaIpYBnVZQudLUoqedyg,food_quality,,FOOD#QUALITY,positive,False
bMficDLE7xpYS47EGPH3KA,food_quality,,FOOD#QUALITY,positive,False
quiZPC8t-iZs1uiMA1ovEQ,food_quality,,FOOD#QUALITY,positive,False
F6TZRirbqYmzmHcvorR5-Q,food_quality,,FOOD#QUALITY,"negative, positive",False
K2LXvZrJUHkOHTTTVv-ECQ,food_quality,,FOOD#QUALITY,positive,False
W_PIVM-gVnd1QNUcWvz06w,food_quality,,FOOD#QUALITY,positive,False
i-aMU53oKzRkspInjLrguQ,food_quality,,FOOD#QUALITY,positive,False
BMSxOuQByoq1W5d_5HXgoA,food_quality,,FOOD#QUALITY,positive,False
vq6z2WRhYGLXtCeeIsG83g,food_quality,,FOOD#QUALITY,negative,False
29VbRhfPF1K8OHFK4NtvXg,food_quality,,FOOD#QUALITY,positive,False
jMVnTfb6zWR9hbFd3g67_A,food_quality,,FOOD#QUALITY,"neutral, negative",False
TkcqktnOSRRDOLcba0YIqQ,food_quality,,FOOD#QUALITY,positive,False
EU8WdSUTSSkyCOITxZxpng,food_quality,,FOOD#QUALITY,"neutral, negative",False
MbY_8Mv4GwpPuOpMK4GHSA,food_quality,,FOOD#QUALITY,negative,False
f2K0mmkgRxylGh2jFbhsng,food_quality,,FOOD#QUALITY,positive,False
N7QO4KNVOzYKyyizhKG4vg,food_quality,,FOOD#QUALITY,negative,False
pFrc3z4Q1i5GvPuQwH307g,food_quality,,FOOD#QUALITY,positive,False
lDhP7hZ-4x9EiuuNjCrYUw,food_quality,,FOOD#QUALITY,"neutral, positive, negative",False
w9AZ-yK5XgHIPCUiktt7jQ,food_quality,,FOOD#QUALITY,positive,False
KH9O1_ibrfH3Ted7FKr6Jw,food_quality,,FOOD#QUALITY,positive,False
JGwX2Q3XtaG_IEPnZW6HNw,food_quality,,FOOD#QUALITY,negative,False
WJDYbdTXFKKSpALuOOktOA,food_quality,,FOOD#QUALITY,"positive, negative",False
oD2T4HLtcIJm8A0oPKN4pg,food_quality,,FOOD#QUALITY,negative,False
pT-tX310TvUI9Hq4cEUzMw,food_quality,,FOOD#QUALITY,negative,False
z49KLFmNFVpfpQTLm6iU5Q,food_quality,,FOOD#QUALITY,positive,False
GNREgOUkqcrAeX-vNRqYNg,food_quality,,FOOD#QUALITY,"positive, neutral",False
gx92zfKLC767cNBzw6D0-w,food_quality,,FOOD#QUALITY,positive,False
0XcLDuhP0X-0xWss3JT8ag,food_quality,,FOOD#QUALITY,negative,False
YvGP8BLTIEHgQ6NRDblENA,food_quality,,FOOD#QUALITY,positive,False
LJfFwF9iLPnculjovMU6FQ,food_quality,,FOOD#QUALITY,positive,False
FyhYAlL1BzP-LQAIGJjSFw,food_quality,,FOOD#QUALITY,"neutral, positive, negative",False
_2hLZ-CaSl2IEKA2fkoCIw,food_quality,,FOOD#QUALITY,positive,False
DOeEDBfsrNph0ktNkYYFnQ,food_quality,,FOOD#QUALITY,positive,False
89T8fLUl5qAv_XE1c63lpQ,food_quality,,FOOD#QUALITY,positive,False
Jsb8cMAhM2IRa3QrCZuK7w,food_quality,,FOOD#QUALITY,"negative, positive",False
T4RBB13p0TcW9Ewgbr9tFw,food_quality,,FOOD#QUALITY,positive,False
tEbj0ngS0OJY8KS1EYrkZA,food_quality,,FOOD#QUALITY,"positive, negative",False
OMiCeDGT6qgzIbSdgtzwxQ,food_quality,,FOOD#QUALITY,"negative, positive",False
0JsANzFPOn5Girp2jqr5Kg,food_quality,,FOOD#QUALITY,positive,False
XjxtaScSUKQYjWo1bwv3jw,food_quality,,FOOD#QUALITY,"positive, neutral, negative",False
6Ro733k212Qm6N51BtyBww,food_quality,,FOOD#QUALITY,negative,False
qSCCNv6JsHpQL8_uJoL9zQ,food_quality,,FOOD#QUALITY,positive,False
2qH5hkzrXvMmpr3oJL1mGA,food_quality,,FOOD#QUALITY,positive,False
iWcI1EsQYiJip4AUNmrOJA,food_quality,,FOOD#QUALITY,positive,False
zvoD7wAWnDPEuoX2VExqKA,food_quality,,FOOD#QUALITY,"neutral, negative",False
v-ZAxtbd6combJRkP_R7yg,food_quality,,FOOD#QUALITY,positive,False
6ka6yLrIDvIP5NWeli89Yg,food_quality,,FOOD#QUALITY,negative,False
W9vzqX7qgUI62U8RnG0jNg,food_quality,,FOOD#QUALITY,positive,False
yESwqM-ryu4DEqocQF-eRw,food_quality,,FOOD#QUALITY,positive,False
RghsE6WZFi3VXyOp8kAW8Q,food_quality,,FOOD#QUALITY,negative,False
pGWguqKpuVyGRl4VmSVqog,food_quality,,FOOD#QUALITY,positive,False
DGKX_0EB-GtZyPRW9n-6Zw,food_quality,,FOOD#QUALITY,"negative, positive, neutral",False
aCQlXITs1n3miHdaNz7VNQ,food_quality,,FOOD#QUALITY,negative,False
n2V-OIurdlk5_gmgIUXclQ,food_quality,,FOOD#QUALITY,"positive, negative",False
YbMyvlDA2W3Py5lTz8VK-A,food_quality,,FOOD#QUALITY,positive,False
pLffaOqWKZ0nmkNQWz3-rQ,food_quality,,FOOD#QUALITY,"positive, negative",False
uoq8diGbYjoWatu0q4roug,food_quality,,FOOD#QUALITY,negative,False
mhXnmcYcmNHWfpzFs7X38w,food_quality,,FOOD#QUALITY,"positive, neutral",False
olE4krXhdHesUI6vBM-DNg,food_quality,,FOOD#QUALITY,positive,False
SoYWh6Ps92GO3OBSI5u5Cg,food_quality,,FOOD#QUALITY,positive,False
Vgf5v4VPDHe-XXdqDlKhnQ,food_quality,,FOOD#QUALITY,positive,False
1fWh-u2danTIGgqWc4dC-A,food_quality,,FOOD#QUALITY,positive,False
ukv2XBhA8qN61MocwiWIhA,food_quality,,FOOD#QUALITY,negative,False
o1c_U0lLIpSE5OXFxT7LWw,food_quality,,FOOD#QUALITY,positive,False
IoD-bb3f5RQVLg3FRl-Wdg,food_quality,,FOOD#QUALITY,"negative, positive, neutral",False
vwRiVcPC97IByHuoNxsmAQ,food_quality,,FOOD#QUALITY,neutral,False
_049kQuwekkDCYHfq6pNww,food_quality,,FOOD#QUALITY,negative,False
SZUscLQYenYn4HnxoQ7axw,food_quality,,FOOD#QUALITY,positive,False
fJEh5S8078RMX3Z6wCIeXw,food_quality,,FOOD#QUALITY,positive,False
vYKa4veJpNQLZgNcsq_3dA,food_quality,,FOOD#QUALITY,"positive, neutral",False
U1BRYyASugNxx5pYZrAfZA,food_quality,,FOOD#QUALITY,"negative, positive",False
I6wWdesofRaarzYwCtF2Tg,food_quality,,FOOD#QUALITY,positive,False
oUrKJzj_qZybqqPatE9q1A,food_quality,,FOOD#QUALITY,negative,False
FiBTxmPrJ1RDouZ38GDQqA,food_quality,,FOOD#QUALITY,"positive, neutral",False
0g1gi5MANr_JDKLUOJuv6Q,food_quality,,FOOD#QUALITY,positive,False
51JP2_ZDsoZ-y3JlJSGHnQ,food_quality,,FOOD#QUALITY,negative,False
KsiKb3qtqMYdE7ossXKsdQ,food_quality,,FOOD#QUALITY,positive,False
ADdT0e8k_ZfSr44uWhX54Q,food_quality,,FOOD#QUALITY,neutral,False
dSuL6efBAT1JUT5Uacze5Q,food_quality,,FOOD#QUALITY,negative,False
LmNnpLYCwRqGSvGXfXljxg,food_quality,,FOOD#QUALITY,"negative, positive",False
aPbv7bXQ_dlaQ2PD8vRutw,food_quality,,FOOD#QUALITY,positive,False
68wPx3XqwfPnFRanRFA1Fw,food_quality,,FOOD#QUALITY,negative,False
r-dSoC1rlwBaQ_qmo2pL1Q,food_quality,,FOOD#QUALITY,negative,False
OklyV0LjXni_Wsa-ChkAwA,food_quality,,FOOD#QUALITY,positive,False
5vmJtjKgb3hcLWjf3d8YXA,food_quality,,FOOD#QUALITY,positive,False
Pt8QpgaoQLztl8jf7XzWZg,food_quality,,FOOD#QUALITY,negative,False
IWMk_Thy74Be4dEQW2QFrw,food_quality,,FOOD#QUALITY,"positive, neutral, negative",False
p8nZV43cpAVnwoRLCcLmAw,food_quality,,FOOD#QUALITY,positive,False
gTBmyv_0E8LaCujbzP_oOw,food_quality,,FOOD#QUALITY,positive,False
NaZ74XtFtwemvpkCPGW0OQ,food_quality,,FOOD#QUALITY,negative,False
B7oJ823S4CSlHydsgeTdng,food_quality,,FOOD#QUALITY,negative,False
v40J4Va3O-aK5oEY5tgl2A,food_quality,,FOOD#QUALITY,"positive, negative",False
-xi5fBwlqxBY1B2a1ZsE7A,food_quality,,FOOD#QUALITY,negative,False
nbFqFRJ165_HP0FV-KLGpQ,food_quality,,FOOD#QUALITY,negative,False
uDqEGGx9AZp2w3Hju5mQ_Q,food_quality,,FOOD#QUALITY,positive,False
egeersiBSKDB6c_x1KeMeA,food_quality,,FOOD#QUALITY,positive,False
Q12U2QUTTr1jExUJj-cR0Q,food_quality,,FOOD#QUALITY,positive,False
DAbb8KQydrwTe7wSgf9Hbg,food_quality,,FOOD#QUALITY,"neutral, negative, positive",False
VxDw6KWHrK99yQ3l553Lsw,food_quality,,FOOD#QUALITY,positive,False
huLfiw2bImtevbLgUEO2Bg,food_quality,,FOOD#QUALITY,positive,False
-qaHVIS4FJvVhgVxqZQETw,food_quality,,FOOD#QUALITY,negative,False
i8nVcu3u2-e0szyCS7PY1g,food_quality,,FOOD#QUALITY,positive,False
qbBF6ytQTNXOlx0JMQFwzA,food_quality,,FOOD#QUALITY,positive,False
AYVxN-txWRL_jfKi42yOlg,food_quality,,FOOD#QUALITY,positive,False
xypL0vVaPyE9bWMSW6cdAg,food_quality,,FOOD#QUALITY,positive,False
BXQcBN0iAi1lAUxibGLFzA,food_quality,,FOOD#QUALITY,positive,False
NlFFWrn7A_TrG8DLF_SfWg,food_quality,,FOOD#QUALITY,positive,False
2QLcXtfzQCBv0j7gbI_T7g,food_quality,,FOOD#QUALITY,positive,False
yzAC50YF40m_Z3xLTCZtNw,food_quality,,FOOD#QUALITY,positive,False
YFH17b5Guhg9yJaOH4ReIQ,food_quality,,FOOD#QUALITY,"positive, negative",False
_8HS9Y8YeCbT_Tqb302Obw,food_quality,,FOOD#QUALITY,neutral,False
z7i6dzUcJ5VcdOYR1IVHzA,food_quality,,FOOD#QUALITY,positive,False
BZi-1yBaflNIl11IrBIa9A,food_quality,,FOOD#QUALITY,"neutral, negative",False
wl7uoCeGWFtNsA03zwK40Q,food_quality,,FOOD#QUALITY,positive,False
P_NZRZPHP3k-HnYacdUtwQ,food_quality,,FOOD#QUALITY,"negative, positive",False
BtSsA38lOajizNbcrrsLZw,food_quality,,FOOD#QUALITY,"neutral, negative",False
qUhB-W4h-7d2q2pKBviqZw,food_quality,,FOOD#QUALITY,negative,False
uL7aKc4NBHKT7MRZezeccA,food_quality,,FOOD#QUALITY,negative,False
OsioSPpIJbqgqkOlNCCORg,food_quality,,FOOD#QUALITY,negative,False
QU0IE32PTOuy7cNPBWpWEQ,food_quality,,FOOD#QUALITY,"negative, positive",False
-hUSEnmdCiz1gvgWsjUBFg,food_quality,,FOOD#QUALITY,positive,False
ryeN_mDStRaUWlxfkuDejA,food_quality,,FOOD#QUALITY,positive,False
50P3DXJI2XZHzPMB_8epMA,food_quality,,FOOD#QUALITY,positive,False
Joi6NuKCR70xnnftIsxsfQ,food_quality,,FOOD#QUALITY,negative,False
b42SD7bOhgDY6QZGdq29ZQ,food_quality,,FOOD#QUALITY,"neutral, positive",False
AvCbW9WAH4mKTuzlCnS9LA,food_quality,,FOOD#QUALITY,negative,False
NLY-ESHohB09por6GYK-bg,food_quality,,FOOD#QUALITY,positive,False
2Wjq5_cwlkYQFxwxm-POxA,food_quality,,FOOD#QUALITY,"positive, negative",False
_sxeiVGkwB7QRcQXb1nv8g,food_quality,,FOOD#QUALITY,negative,False
JWzhHnAjFydyG5R6xcqfcw,food_quality,,FOOD#QUALITY,"positive, negative",False
VQgUlzIlXDiWUwZkI-psQQ,food_quality,,FOOD#QUALITY,negative,False
BqWMGs_aQ5C6ohW4HTNVSg,food_quality,,FOOD#QUALITY,positive,False
_99iV9vW6E3PDRUn4jX8iA,food_quality,,FOOD#QUALITY,"positive, negative",False
DKSdzpU90aqfr1dFv29wCQ,food_quality,,FOOD#QUALITY,positive,False
rhLP-MxjtiIziTdkKDZu1A,food_quality,,FOOD#QUALITY,positive,False
xlNMcilP5F6Agymc2TwgRg,food_quality,,FOOD#QUALITY,positive,False
66KUpAcnKRA3BB_BNSgjpw,food_quality,,FOOD#QUALITY,positive,False
oVvOc2K-1lNBoW8kwI0MPQ,food_quality,,FOOD#QUALITY,positive,False
Qlga0zAS39p1k8t-aalB8w,food_quality,,FOOD#QUALITY,positive,False
UdREKGErnjt-3rPv0eRvxQ,food_quality,,FOOD#QUALITY,positive,False
A78Fz-Zqwhe1aSjYFeKimw,food_quality,,FOOD#QUALITY,positive,False
idagMMjysGHSlC6YnIZpiw,food_quality,,FOOD#QUALITY,positive,False
8x4WVgu2t2MD48_ftQXrLw,food_quality,,FOOD#QUALITY,positive,False
kB_t5NMQTK7pOivLE-Sb_w,food_quality,,FOOD#QUALITY,positive,False
5RRgyOx99KsN2_Bj4mV59w,food_quality,,FOOD#QUALITY,"negative, positive",False
_S0_7CKLbq5mo1HACy4NOA,food_quality,,FOOD#QUALITY,positive,False
C3Msq-y2OacmQigWQE1mRQ,food_quality,,FOOD#QUALITY,positive,False
XiGS9kY5haniQ6YxiL2xdg,food_quality,,FOOD#QUALITY,negative,False
liWnObQxCckRGAyFbaI7oQ,food_quality,,FOOD#QUALITY,negative,False
cLZYOOYH_fnIMp7VJzKm3A,food_quality,,FOOD#QUALITY,positive,False
2hRrx58bBu9qH041WKkHpg,food_quality,,FOOD#QUALITY,positive,False
fMgfMUUH2e_eOK_DFRrlrw,food_quality,,FOOD#QUALITY,negative,False
hB-MuoQS5CekTvy71Z1mAQ,food_quality,,FOOD#QUALITY,neutral,False
rSb5ddG7z-yvyytPkjBvmA,food_quality,,FOOD#QUALITY,negative,False
I1rcoz7_p4z2hXjpno5RHw,food_quality,,FOOD#QUALITY,neutral,False
0d6zYBqT5TFKxBGetwDHFA,food_quality,,FOOD#QUALITY,positive,False
MM7K3u0ZLMS6jTUMz4oGVQ,food_quality,,FOOD#QUALITY,positive,False
A497ZSdY_rzhvi5UvzyXgQ,food_quality,,FOOD#QUALITY,positive,False
gny50CjEIqzI7Qa4LZzd5Q,food_quality,,FOOD#QUALITY,positive,False
PXHNKUDzIQO_0kjuCvx3Lw,food_quality,,FOOD#QUALITY,positive,False
cWIVbtHF-b73rxjcaUB0cA,food_quality,,FOOD#QUALITY,positive,False
DWbmJF84jRrGaJRmlSSnYQ,food_quality,,FOOD#QUALITY,"positive, negative",False
MBELEXco6QI0D2KrEz_yJQ,food_quality,,FOOD#QUALITY,negative,False
M5unN9Y4QKjgiKM5ty0ebw,food_quality,,FOOD#QUALITY,negative,False
3l2LLRhZr861RZQui-G3sA,food_quality,,FOOD#QUALITY,"positive, negative",False
0jK_XF0mWBOnnTL55UO1nA,food_quality,,FOOD#QUALITY,positive,False
CzqjdvdDIscS7zgGVw7Zxg,food_quality,,FOOD#QUALITY,positive,False
rZ_ueS0k33XBb4DUoHzx2g,food_quality,,FOOD#QUALITY,positive,False
QSqgKgMhBT0rq8XlCZtaZA,food_quality,,FOOD#QUALITY,positive,False
WGYS4K1IKMgHTVejpe27hg,food_quality,,FOOD#QUALITY,"positive, negative",False
gVyOccpgIOuaBuRhfQtKzw,food_quality,,FOOD#QUALITY,positive,False
ljlip5S2hqb76p_pIlLPSg,food_quality,,FOOD#QUALITY,positive,False
oQ2wM3ibdAnCMBmhfwAi9A,food_quality,,FOOD#QUALITY,"positive, neutral",False
yOR8YEh_aXYJdz0pLX6gJg,food_quality,,FOOD#QUALITY,positive,False
pASf53j-2Fc4MWcx2uLibA,food_quality,,FOOD#QUALITY,"neutral, positive",False
KEd1hpSzOXsudyY6p_n8vw,food_quality,,FOOD#QUALITY,positive,False
EybCX3U3K20euM7oT_-ZZA,food_quality,,FOOD#QUALITY,"positive, negative, neutral",False
vCXmS2gLX93_ukrI2J9zlA,food_quality,,FOOD#QUALITY,positive,False
R_A16STMTt2oZGmpH0R0lA,food_quality,,FOOD#QUALITY,positive,False
PB0jpInvz1mtMAkRWmw-kQ,food_quality,,FOOD#QUALITY,"positive, negative",False
lcVrh-t54GgV0lQmgpPBNw,food_quality,,FOOD#QUALITY,"neutral, negative, positive",False
9H9gt2FWXSihoALX6Ma_Kg,food_quality,,FOOD#QUALITY,"negative, positive",False
SIMrSEHYPNC-uTd11Itf-Q,food_quality,,FOOD#QUALITY,positive,False
5dHofDrDH45QXfUzHiGkYg,food_quality,,FOOD#QUALITY,positive,False
TM1PkkUDSMpb0ijfePRmBQ,food_quality,,FOOD#QUALITY,positive,False
V8dVnEHMdDNxCX6yFFam2Q,food_quality,,FOOD#QUALITY,positive,False
jfMeI1d2AONLj5qRyrE1PQ,food_quality,,FOOD#QUALITY,"positive, neutral",False
UWe8KXRmzNGUp3fKsFxuoQ,food_quality,,FOOD#QUALITY,positive,False
rcuvpXb75km8m0YixC6Wdg,food_quality,,FOOD#QUALITY,negative,False
W5nAOOFVzVAkerS9MX9L2Q,food_quality,,FOOD#QUALITY,negative,False
BROR1DlKTeWaE8knFLsyVg,food_quality,,FOOD#QUALITY,"positive, neutral",False
4rc8qeht1lqIxiH7psDObg,food_quality,,FOOD#QUALITY,positive,False
u7ZPpKtRexbTpNqgtW_nAA,food_quality,,FOOD#QUALITY,positive,False
pOUlMuu-iF35w_gB5QbECA,food_quality,,FOOD#QUALITY,negative,False
HMKp7VRzUX1IBbg8-jhPlg,food_quality,,FOOD#QUALITY,negative,False
ehSAa6UjQzChIY4Jyh7PFA,food_quality,,FOOD#QUALITY,positive,False
qVU-orwdD0vY2njn3Mm-jw,food_quality,,FOOD#QUALITY,positive,False
lXGNW4Wg_ibUDa9Um98GCg,food_quality,,FOOD#QUALITY,negative,False
XHBLM-wUZORthSxauhqusw,food_quality,,FOOD#QUALITY,negative,False
JJTjHYMvWtTh7dTmjGDqOQ,food_quality,,FOOD#QUALITY,negative,False
DKMm70EeF-f2W8YKp48rLg,food_quality,,FOOD#QUALITY,negative,False
aVqiuGjk7CwM4HCaCVdpHA,food_quality,,FOOD#QUALITY,negative,False
zUE0viIQL-LeW23C1fRKPw,food_quality,,FOOD#QUALITY,negative,False
XvUsocLc6X6xbWDALcdrXw,food_quality,,FOOD#QUALITY,positive,False
2cwFTbKqoZwx85JTNga34w,food_quality,,FOOD#QUALITY,positive,False
g8AqWdSETIL6jqpfKg-ppg,food_quality,,FOOD#QUALITY,positive,False
OlaSUt3bA66VcCbVHhR0oA,food_quality,,FOOD#QUALITY,positive,False
ytkIyWc7SUMmNSSHup9Frg,food_quality,,FOOD#QUALITY,negative,False
g7VNSvmlfwaz9tA0h6w4BQ,food_quality,,FOOD#QUALITY,negative,False
86XFsMkFMxNpWT2B9bUwpA,food_quality,,FOOD#QUALITY,neutral,False
X8DAPs6mw4pvIwn5G9E85Q,food_quality,,FOOD#QUALITY,positive,False
eDE-1bu3v-sumc0RHsLbiw,food_quality,,FOOD#QUALITY,negative,False
ByTd1bogF-j58HCZpP6yNQ,food_quality,,FOOD#QUALITY,positive,False
bdRtaCM9ic1i6rLhxKLGxA,food_quality,,FOOD#QUALITY,negative,False
qsjMCjaEW9UWyzAw4ujWcw,food_quality,,FOOD#QUALITY,positive,False
cINASoUyZbUcmat0TloJag,food_quality,,FOOD#QUALITY,positive,False
_mGSHxQ464BkgCJT84lOQQ,food_quality,,FOOD#QUALITY,negative,False
IsOefCaf_gjd_HhldBTGZQ,food_quality,,FOOD#QUALITY,negative,False
O3hIqjdXCr0QO06TmpRoDQ,food_quality,,FOOD#QUALITY,positive,False
WEcDdqAyZFOwe5-0ce9HiQ,food_quality,,FOOD#QUALITY,positive,False
b1qcnKFc-T0GfQpR-9KzOw,food_quality,,FOOD#QUALITY,negative,False
m1DQNVfu6IqjANiP-W3d6g,food_quality,,FOOD#QUALITY,"positive, negative",False
UwK26xR14V-Fw5PBQuSjGA,food_quality,,FOOD#QUALITY,positive,False
iRMFvUB67el1rp1uwaaJ8Q,food_quality,,FOOD#QUALITY,negative,False
8bZmzYSB_nRPepV5xZtOfg,food_quality,,FOOD#QUALITY,positive,False
hll3PKZbMbu2W7uFbF8ezQ,food_quality,,FOOD#QUALITY,positive,False
v6VFMJjeIok0Pj_5h3KWEw,food_quality,,FOOD#QUALITY,positive,False
gnH6VQgZDrTgPA5_gmQWMQ,food_quality,,FOOD#QUALITY,negative,False
FqEB0pqqlJ4o8XlmjG1UZg,food_quality,,FOOD#QUALITY,positive,False
d1RzymGrO5mJ4Hh4aLzBqA,food_quality,,FOOD#QUALITY,positive,False
-6zWMUeDjZur9I4CBY3BbA,food_quality,,FOOD#QUALITY,positive,False
NSP2tmI4KerXB1FfiImfMw,food_quality,,FOOD#QUALITY,positive,False
XWs3JW2wboGq_aIUk81Pzw,food_quality,,FOOD#QUALITY,positive,False
mq5TYgyTE2B0-Uql2BvHKQ,food_quality,,FOOD#QUALITY,"positive, negative",False
8qOaEH5Z6ybt7aVB8Liejw,food_quality,,FOOD#QUALITY,positive,False
r7iPbxTraBWGVp57Qwya-w,food_quality,,FOOD#QUALITY,"positive, negative",False
_mtAWcrtGkJzylWVcN5Gpg,food_quality,,FOOD#QUALITY,positive,False
Fqf68S84OrseV_TdJIy9ow,food_quality,,FOOD#QUALITY,negative,False
lSQHJzpsQu-T9bQFPa5dXw,food_quality,,FOOD#QUALITY,neutral,False
Jh8zoiKX8prVpzFqBWxxnA,food_quality,,FOOD#QUALITY,negative,False
Ak94oMI25qcaCDwfzPpANg,food_quality,,FOOD#QUALITY,positive,False
pnitSpvWhpscUxv303T6kw,food_quality,,FOOD#QUALITY,positive,False
55FySvhm2uULKPq2Ybeyow,food_quality,,FOOD#QUALITY,negative,False
fMo5paIr56SVwrdBb-JMtQ,food_quality,,FOOD#QUALITY,positive,False
E6K9OJEK1_B2eq26KQJfwQ,food_quality,,FOOD#QUALITY,"negative, positive",False
E8yWbfyadrnssLFlWra-0w,food_quality,,FOOD#QUALITY,"positive, negative",False
oWTXgG0ANgdQ9mjhqeab5g,food_quality,,FOOD#QUALITY,positive,False
Lo7KGDnkd_50D7mSBhizaw,food_quality,,FOOD#QUALITY,negative,False
q7VX__unwVfLtlnkp9_P6Q,food_quality,,FOOD#QUALITY,positive,False
l16iEA_RAXimrlX7jc6S6g,food_quality,,FOOD#QUALITY,positive,False
zU0QY78bNL3etZa_yDU5bg,food_quality,,FOOD#QUALITY,positive,False
H1jK1QrRdgofQcGOaJmlxQ,food_quality,,FOOD#QUALITY,negative,False
ubKub-zRK7lLYtbvt1rBUQ,food_quality,,FOOD#QUALITY,negative,False
FbMKErwvxFu5mDu_4wisfA,food_quality,,FOOD#QUALITY,positive,False
6Uwhtks-8xOVfMOrH-C9hw,food_quality,,FOOD#QUALITY,"neutral, negative, positive",False
c6eoMSSx3nI_Dr19cIvXXA,food_quality,,FOOD#QUALITY,positive,False
-DjIfoNFAiT5J4kF9hXocQ,food_quality,,FOOD#QUALITY,"positive, negative",False
n6mlkFkOruNijR1ylR94GQ,food_quality,,FOOD#QUALITY,positive,False
l6ZRiy-HcBRebdJhivoafQ,food_quality,,FOOD#QUALITY,positive,False
z2tE5wRExViDWwA7c44OKw,food_quality,,FOOD#QUALITY,positive,False
nm7K01NxcCt1RrDTfARzDA,food_quality,,FOOD#QUALITY,negative,False
AqPFMleE6RsU23_auESxiA,food_quality,,FOOD#QUALITY,positive,False
iH9u9IvJ54r4s3MsmYOpQg,food_quality,,FOOD#QUALITY,positive,False
QnIh66aZuTHVkHHeDgFUdA,food_quality,,FOOD#QUALITY,"neutral, negative, positive",False
f1YyT-LN1-bFtXcIOpILPQ,food_quality,,FOOD#QUALITY,positive,False
DPjwAUKDNFWNExkmlOw6qA,food_quality,,FOOD#QUALITY,negative,False
WNUMiymm2_ruYwvDwPddmg,food_quality,,FOOD#QUALITY,positive,False
AzQoLK8HJC8PAQcMXQgemQ,food_quality,,FOOD#QUALITY,negative,False
aAmZXdTpogQHvTDai8lRLA,food_quality,,FOOD#QUALITY,neutral,False
BMZPy9pEwkuUPGI3DnYRJg,food_quality,,FOOD#QUALITY,positive,False
7IREnRZPKtKlPYxovXvtnA,food_quality,,FOOD#QUALITY,positive,False
sw7SDpLFKoFXhJc87geY8A,food_quality,,FOOD#QUALITY,negative,False
JVgzkL7QlEJLOsfeNgGZnQ,food_quality,,FOOD#QUALITY,negative,False
mP_WKvaBS2hzhqQd5AOP-Q,food_quality,,FOOD#QUALITY,positive,False
LuknDwBLHlDSSH4eOHu41g,food_quality,,FOOD#QUALITY,positive,False
dec7nUxUVN2TfoVDGCarzw,food_quality,,FOOD#QUALITY,negative,False
Xwwb5w5Ox0f6JquGsYlJGA,food_quality,,FOOD#QUALITY,positive,False
CLWWoalC6c0iN2-CJPvVgg,food_quality,,FOOD#QUALITY,positive,False
RMho6HMpdec1YgIypwWQrQ,food_quality,,FOOD#QUALITY,positive,False
r6hmgcM2r_rGXtS8mdC8lw,food_quality,,FOOD#QUALITY,positive,False
QP2iSktgbwE3zbp36eeDXQ,food_quality,,FOOD#QUALITY,negative,False
nVC7bdUszEj4tqwy2YV4iQ,food_quality,,FOOD#QUALITY,positive,False
X3E7PwAKq3zS_hZJkqIGAA,food_quality,,FOOD#QUALITY,positive,False
MthpHdPYrqIuUhGLGQY5fw,food_quality,,FOOD#QUALITY,negative,False
r0K3LE3H32LqhlLHFdnBxQ,food_quality,,FOOD#QUALITY,positive,False
sEp1BdgRe60Bl8iA6-mQfA,food_quality,,FOOD#QUALITY,positive,False
jTAX4ci6tJCeATkF0lK0pQ,food_quality,,FOOD#QUALITY,"positive, negative",False
JGEGfOjgpwYgE5WfnehLsA,food_quality,,FOOD#QUALITY,negative,False
4XaZ5kc7NQADZiqoz8dwHw,food_quality,,FOOD#QUALITY,negative,False
amyqRFz3aJ6rjZfcGXySlw,food_quality,,FOOD#QUALITY,negative,False
nvc35Qr8cURrX75M98UsOQ,food_quality,,FOOD#QUALITY,positive,False
G4Dqo9GaJyETa8E-o3hXKg,food_quality,,FOOD#QUALITY,"negative, positive, neutral",False
7fBw9u2hI0ik_MRuAkX1Yg,food_quality,,FOOD#QUALITY,neutral,False
oW4U_2rZY4zSzGrBEGmi4Q,food_quality,,FOOD#QUALITY,negative,False
wK4eubUgVfv84Crl1vqhkA,food_quality,,FOOD#QUALITY,"negative, positive",False
ZdjOF1PFSD1_NS9QA1CS2w,food_quality,,FOOD#QUALITY,negative,False
pxQ7GqSva-e-6SdBSzLwDA,food_quality,,FOOD#QUALITY,negative,False
I8LLclE5UOlSOqXP65OPwQ,food_quality,,FOOD#QUALITY,positive,False
K_c6hAR6EPFwB8aDphUZ3w,food_quality,,FOOD#QUALITY,"negative, positive",False
Ht2KneFcFzgeDBRa0JBu8g,food_quality,,FOOD#QUALITY,negative,False
qXYwlzXysEACSzA46feQGA,food_quality,,FOOD#QUALITY,negative,False
NMLgfy8FJCImwSB3_LohSA,food_quality,,FOOD#QUALITY,positive,False
ULfKSXWb4ygg7Vv3k5sqzQ,food_quality,,FOOD#QUALITY,negative,False
GL5KNYxPit0HaNF3w1PKAQ,food_quality,,FOOD#QUALITY,positive,False
ex-jmc2tN3g5a7qqOOKt-A,food_quality,,FOOD#QUALITY,"negative, positive",False
SfKcVwwoiPlfMA2SM54JqQ,food_quality,,FOOD#QUALITY,positive,False
c_OmzmaAvChkyZM3LTcuBQ,food_quality,,FOOD#QUALITY,"negative, neutral",False
O0F7jO27Y6v3xywAxLPr3A,food_quality,,FOOD#QUALITY,negative,False
RzBZe8mtJacwtKkFvuo2mA,food_quality,,FOOD#QUALITY,negative,False
6L_b_pqZ0UBj8kSdx8GD4g,food_quality,,FOOD#QUALITY,positive,False
MDd6ndWo-NKn4sMy6UvgnQ,food_quality,,FOOD#QUALITY,positive,False
cfPVFtLfYtjrf317IWNJCg,food_quality,,FOOD#QUALITY,negative,False
zPtx8jOEN8fMPkW4veywFg,food_quality,,FOOD#QUALITY,negative,False
boKBIfuNJI2dobR55WLe-w,food_quality,,FOOD#QUALITY,"positive, negative",False
WEt2q1i6NmLWdmDLr-winA,food_quality,,FOOD#QUALITY,negative,False
DIRohs5uJ5kqBtSwZDZ1_w,food_quality,,FOOD#QUALITY,positive,False
UNZs2ANeTQ_8eom0HASsKg,food_quality,,FOOD#QUALITY,negative,False
SEVGMtRZpXEfIbQ_WhZ7dA,food_quality,,FOOD#QUALITY,negative,False
dIZegYrM8qlIsCcztwJdgQ,food_quality,,FOOD#QUALITY,positive,False
eMqBvX7-QzDeDBLGNPODqw,food_quality,,FOOD#QUALITY,positive,False
ndEiWLwOyaEqltoKcBF7hQ,food_quality,,FOOD#QUALITY,positive,False
xVeH1kTzduC6HJ1FyHBGzQ,food_quality,,FOOD#QUALITY,"positive, negative",False
mBHvJg2-j3hiI_OJYVaMXg,food_quality,,FOOD#QUALITY,"negative, positive",False
IU2KKGqk7Gdfu1qrjfhkjg,food_quality,,FOOD#QUALITY,"positive, negative",False
DEDYyVHbVJ0IwfBiK2540w,food_quality,,FOOD#QUALITY,"negative, positive",False
a1WQHMLaT9TojRBYHrrqWA,food_quality,,FOOD#QUALITY,negative,False
X7rsF70P7iQpNzUc_dRVow,food_quality,,FOOD#QUALITY,positive,False
M2uQZs0rnlUijHSmGx4zHA,food_quality,,FOOD#QUALITY,positive,False
vLeQf-87uPLbf2MWjUrqeg,food_quality,,FOOD#QUALITY,positive,False
adGKWWhHQNwGnbLFkE6Jfg,food_quality,,FOOD#QUALITY,positive,False
PD-PWOGIESnEE1vVueXSKQ,food_quality,,FOOD#QUALITY,positive,False
WUJfweoJurjkzmkZ1C-ZGA,food_quality,,FOOD#QUALITY,positive,False
zyWcynpTTkXaM3bfyALlBg,food_quality,,FOOD#QUALITY,"negative, positive",False
UDcUQUbUWhmyaNsMgVVNVA,food_quality,,FOOD#QUALITY,"positive, negative",False
3SNP-lbx_aNnTSfy2ZYw9g,food_quality,,FOOD#QUALITY,"neutral, positive",False
hv5lP-aJc6-ra4brlTeyeA,food_quality,,FOOD#QUALITY,"neutral, negative, positive",False
JUq88BgAVEuQ9r1i4MV4-w,food_quality,,FOOD#QUALITY,positive,False
8GZbCEMxrbqmRinDbfHWVQ,food_quality,,FOOD#QUALITY,negative,False
TpS5r76pP2ArDzinSgn70Q,food_quality,,FOOD#QUALITY,positive,False
Q8k6bndVPPDAQl9KuU9POA,food_quality,,FOOD#QUALITY,negative,False
p198qZsKOMCUhgdtRWsOKQ,food_quality,,FOOD#QUALITY,positive,False
EmoEe8L3jTOUTOyhCMMdXw,food_quality,,FOOD#QUALITY,negative,False
wn6ylp4IcoCt-yib8ut4SQ,food_quality,,FOOD#QUALITY,positive,False
N-tN6LvgjrfpPKHmMyuyEg,food_quality,,FOOD#QUALITY,positive,False
H9ffvnupAc3Yuhph_7GP4A,food_quality,,FOOD#QUALITY,"positive, negative",False
_ofccT9KIv1j7StmF-REFQ,food_quality,,FOOD#QUALITY,positive,False
Za2Ulul5bVTXE3azxkZlzg,food_quality,,FOOD#QUALITY,positive,False
mCeSdomqytwXc4uyQBMulQ,food_quality,,FOOD#QUALITY,negative,False
zi1OWH-ZwQktTBH--FOASw,food_quality,,FOOD#QUALITY,positive,False
AbQjvuQjem-mAGBuVBHLSw,food_quality,,FOOD#QUALITY,positive,False
yygV2ktXH-FgTgwe6-vvCw,food_quality,,FOOD#QUALITY,positive,False
tEH1IuhR8TBpt5bdsfx3ow,food_quality,,FOOD#QUALITY,positive,False
j_KTxYP65H3AMvsDVZerLQ,food_quality,,FOOD#QUALITY,negative,False
bC0IAhPpk08mVSzMWmM8hg,food_quality,,FOOD#QUALITY,"neutral, negative",False
AbxNswDUmKaoaYInFAQURw,food_quality,,FOOD#QUALITY,"neutral, positive, negative",False
4rab1QZpVwKSZoqBJE1XmA,food_quality,,FOOD#QUALITY,positive,False
kX65Dhnis6-uRBfWBZbKyQ,food_quality,,FOOD#QUALITY,positive,False
5x6JIL3q0UR30foWSy0giw,food_quality,,FOOD#QUALITY,positive,False
bgHYA5Kpb5LuBHEQFKyw0Q,food_quality,,FOOD#QUALITY,neutral,False
16cQevkVNr2vGKxVBu2xmQ,food_quality,,FOOD#QUALITY,negative,False
KLiYG5nsM6rjLDmqXOHBGw,food_quality,,FOOD#QUALITY,negative,False
ZDiQWIieyFCz3cOxORMECg,food_quality,,FOOD#QUALITY,negative,False
hqOIVQgO9cn0oILzWFAvNg,food_quality,,FOOD#QUALITY,"positive, negative",False
zgyMyUxdN_ZjUYTAZ9xq2A,food_quality,,FOOD#QUALITY,positive,False
pnkuvgFW7EbQLa1JBq-m_w,food_quality,,FOOD#QUALITY,positive,False
lDTzEr8pOYIlQHzPz3Hr1Q,food_quality,,FOOD#QUALITY,positive,False
jJ8A1k6EtWnY4qVvqr4ywQ,food_quality,,FOOD#QUALITY,"positive, negative",False
xZDBrxP915TEjhfYE9WjKA,food_quality,,FOOD#QUALITY,neutral,False
MfBAwMzo0sXymh9MNWZOOg,food_quality,,FOOD#QUALITY,positive,False
fNJSDElIORaKkQ3KWFqXlg,food_quality,,FOOD#QUALITY,positive,False
BS3Q67l2d2R1_o1MT9Gn5g,food_quality,,FOOD#QUALITY,negative,False
UnpjMkNZRrvqWbfnFpeKtg,food_quality,,FOOD#QUALITY,positive,False
dBRyao_LV6yNwSy8iDhbFw,food_quality,,FOOD#QUALITY,positive,False
rdsyqxHX6dIS8Dx74q4qvw,food_quality,,FOOD#QUALITY,negative,False
a7OCV3oJEsLZwPhqboz5wA,food_quality,,FOOD#QUALITY,positive,False
kGJJ6ec_bNx9w0FIBKFOrg,food_quality,,FOOD#QUALITY,negative,False
xqp0pnO0PfBkaFRNaVImYw,food_quality,,FOOD#QUALITY,"positive, negative",False
Vwk33XkYwOtxHDICA0u-Ew,food_quality,,FOOD#QUALITY,positive,False
37CkKX9-DsJyHtHbQk_3UA,food_quality,,FOOD#QUALITY,"positive, negative",False
RMAsTokezafvicMi_rlBuw,food_quality,,FOOD#QUALITY,positive,False
gJ7fifhiME55IvK6GmYkjA,food_quality,,FOOD#QUALITY,positive,False
8913GX_sJyiC_SNQVmE-HA,food_quality,,FOOD#QUALITY,negative,False
f0G8L7-Sjk7OfkzQ40C2WQ,food_quality,,FOOD#QUALITY,positive,False
PEDx4mitXJrqOK_-tvc8KQ,food_quality,,FOOD#QUALITY,negative,False
4Qm__MpoQ2H4-NYPlghb0Q,food_quality,,FOOD#QUALITY,negative,False
NS6C65IPeS4n-fe0JNXGEg,food_quality,,FOOD#QUALITY,negative,False
bed0N65L9E1GyiNsI7BOqg,food_quality,,FOOD#QUALITY,positive,False
7U3qs7XiyytBH_sUZAeaTg,food_quality,,FOOD#QUALITY,positive,False
nDqk-3muceg_aU9RnXrpVQ,food_quality,,FOOD#QUALITY,"negative, neutral",False
UTfU2w1dzcGeEvwqqCOOQA,food_quality,,FOOD#QUALITY,"negative, positive",False
Mp0lXLWe5pS8_J1fJ9WNyQ,food_quality,,FOOD#QUALITY,"positive, negative",False
YnKvsXQ9M6R9d9DjbiviSw,food_quality,,FOOD#QUALITY,positive,False
sxOiKfWcDxtLXVbnD_FHWA,food_quality,,FOOD#QUALITY,negative,False
ZXt-KRGDhZjC8-TxGWxcFg,food_quality,,FOOD#QUALITY,"negative, positive",False
mp92_tFNH2RVSXoqCOScmg,food_quality,,FOOD#QUALITY,negative,False
yCNf7tWAahLZVULW9dEhMw,food_quality,,FOOD#QUALITY,positive,False
bQt8QqosIDjDa3h14zTiZg,food_quality,,FOOD#QUALITY,neutral,False
8X2la4iIscTTYAFUp7M9mA,food_quality,,FOOD#QUALITY,"positive, negative",False
05MMbmO_ABWLaLCRHOyWKg,food_quality,,FOOD#QUALITY,neutral,False
B-7TUHzZyMUsmt5dbUUxlw,food_quality,,FOOD#QUALITY,positive,False
f6R9DJ8XKXAJdjCSUZcxZQ,food_quality,,FOOD#QUALITY,"neutral, negative",False
JK6n6OZ87qgvQUmj3-wcFg,food_quality,,FOOD#QUALITY,negative,False
e1GYYiMDPv7LWtDZae7fuQ,food_quality,,FOOD#QUALITY,negative,False
0zwkv3IogMMdYMVQXdbyAA,food_quality,,FOOD#QUALITY,negative,False
6gGmJYdPXL-TapYv4_VCMw,food_quality,,FOOD#QUALITY,positive,False
cKqTlDvQilciuxnRS7oZnA,food_quality,,FOOD#QUALITY,positive,False
bfT488pdiftn85NVg2xiEg,food_quality,,FOOD#QUALITY,negative,False
Q7VueHeqv34543ao5UX15w,food_quality,,FOOD#QUALITY,positive,False
uneJ59zGqZFaNCCa7iCBiw,food_quality,,FOOD#QUALITY,"neutral, negative",False
8JGWrLHsxml0laUEuBiJSQ,food_quality,,FOOD#QUALITY,"neutral, positive",False
UyTKRc8mhGiz869WGGAfQw,food_quality,,FOOD#QUALITY,positive,False
PfKiiXQAg4ZrEXJCXZciKQ,food_quality,,FOOD#QUALITY,negative,False
xGeodtt_7auN3uHTPJtm7A,food_quality,,FOOD#QUALITY,"negative, neutral",False
a3bXRRZWxMlrBzL3W7u4rQ,food_quality,,FOOD#QUALITY,negative,False
AjFLTLBbVJOuN_JFzSE4OA,food_quality,,FOOD#QUALITY,positive,False
_SqlbVOEFw8cBaOQsBqq4g,food_quality,,FOOD#QUALITY,"positive, negative",False
M8lB_rZypORZl-Baci-brg,food_quality,,FOOD#QUALITY,negative,False
0NMhXbHONCFR1_hX3MlvzQ,food_quality,,FOOD#QUALITY,positive,False
G6joL9p2lAAtZc27VNJ3vQ,food_quality,,FOOD#QUALITY,negative,False
psxbpQH6lDnBpXli53uxIw,food_quality,,FOOD#QUALITY,"neutral, negative",False
ylxfuL-fmfwE6cxk3PT3bA,food_quality,,FOOD#QUALITY,negative,False
flgIq3dLojgAZAbIg5wE9w,food_quality,,FOOD#QUALITY,"neutral, negative",False
Yx4hz2I7Uak0g-rwm2kMXg,food_quality,,FOOD#QUALITY,"neutral, positive",False
lJKwa0eObGUVLwxYuM33vA,food_quality,,FOOD#QUALITY,positive,False
h6xvIYwuf4igeDhoX8ddgQ,food_quality,,FOOD#QUALITY,"neutral, negative",False
u-Qwo5QBFjS32Kut9yYnyQ,food_quality,,FOOD#QUALITY,positive,False
k2tCjTZmK_KDUYi51AlAvA,food_quality,,FOOD#QUALITY,"positive, neutral",False
nB_llreFCxlD344hVj0HOQ,food_quality,,FOOD#QUALITY,negative,False
12ybGv64jy83URMzpXB5hw,food_quality,,FOOD#QUALITY,negative,False
I_dgyabFnyEprIEvCcD1OA,food_quality,,FOOD#QUALITY,positive,False
GoRhTTL4HSXs5nXfPdT9Lg,food_quality,,FOOD#QUALITY,positive,False
yw4sEeReWlx_6ArqEIBZyw,food_quality,,FOOD#QUALITY,"positive, negative, neutral",False
fWH09oXOBgdL5XA8leEUWA,food_quality,,FOOD#QUALITY,"negative, neutral",False
LFjBP5cFaeVo1bBMlpYaeA,food_quality,,FOOD#QUALITY,"neutral, negative",False
l_jI1tfvP0TilW5LarEfUA,food_quality,,FOOD#QUALITY,positive,False
zODpKmu_hvROuTJXqtKmCw,food_quality,,FOOD#QUALITY,positive,False
KsbYXvu6wB0qz3FN0rcyhA,food_quality,,FOOD#QUALITY,"positive, negative",False
H86uKqFwaRpTUBShSE4dYg,food_quality,,FOOD#QUALITY,positive,False
7-5vMVj1yRh9TJhFiXCdDg,food_quality,,FOOD#QUALITY,neutral,False
ABL5ZMVIxiT_JQRaAEy2Ng,food_quality,,FOOD#QUALITY,positive,False
gH4YBcEKkYvFNRQQEvxIKA,food_quality,,FOOD#QUALITY,neutral,False
u6EW2edED7ZfbZAw7lcYYQ,food_quality,,FOOD#QUALITY,positive,False
Bn5P4jFThZiJQEy8mzUXtA,food_quality,,FOOD#QUALITY,positive,False
vM1VNPHewyK69nqXEuN6Jw,food_quality,,FOOD#QUALITY,positive,False
gZNQh4RQMU12bgQeBD9Y8w,food_quality,,FOOD#QUALITY,positive,False
T5co7A8L05GzOBdPqvl66w,food_quality,,FOOD#QUALITY,positive,False
mVXbKzvNiTj16Iak_CQk_w,food_quality,,FOOD#QUALITY,negative,False
qU51pK9Ui3pG5phxzUKtyA,food_quality,,FOOD#QUALITY,positive,False
HuMthxuNIT8_L7YPfQV38Q,food_quality,,FOOD#QUALITY,positive,False
I2uYaAxOk0xfhOr555yyOw,food_quality,,FOOD#QUALITY,positive,False
XkZGXPALjMkPMoG-pu0VfA,food_quality,,FOOD#QUALITY,negative,False
S-H-Ao17MEYH9cLpvevbnQ,food_quality,,FOOD#QUALITY,positive,False
L70rzFf5qOGTjPJ0Dav3nw,food_quality,,FOOD#QUALITY,positive,False
Ba87pTzadbskLUgT5tZYGA,food_quality,,FOOD#QUALITY,"negative, neutral",False
cY5K0fQLkt1Max_6wwHuCA,food_quality,,FOOD#QUALITY,"positive, negative",False
tYYLgYKd5MEu7A8SeDnnQA,food_quality,,FOOD#QUALITY,positive,False
T9l5Qipb285uCF2APokOMQ,food_quality,,FOOD#QUALITY,positive,False
_X10F6glgUTF4fJKT5kS-Q,food_quality,,FOOD#QUALITY,positive,False
UxLMFo-WBrxlgME6vM0YRg,food_quality,,FOOD#QUALITY,positive,False
mpHpPSOGzU7zJW7YDpekNw,food_quality,,FOOD#QUALITY,positive,False
J_Gk3u4VJ2nEEX7YSEmVRA,food_quality,,FOOD#QUALITY,positive,False
5yKmfzyILB1QqU8tRERS-w,food_quality,,FOOD#QUALITY,negative,False
xilt6zGZ3Nqo2_fogn3jjA,food_quality,,FOOD#QUALITY,positive,False
kTK8-zo58XWVRZBxk3fXpw,food_quality,,FOOD#QUALITY,"positive, negative",False
S6pQZQocMB1WHMjTRbt77A,food_quality,,FOOD#QUALITY,positive,False
P-CrxcEYcUIjBuoVQ-YIAA,food_quality,,FOOD#QUALITY,positive,False
k4qQtZ_ooqUvdIOkDba-PQ,food_quality,,FOOD#QUALITY,negative,False
LH2a8f7CGYYOVGzXESRCMA,food_quality,,FOOD#QUALITY,positive,False
PgtEFLO6Ke49pkKuxiKacQ,food_quality,,FOOD#QUALITY,positive,False
UHHKFPgkHNO4foxCMUeJzg,food_quality,,FOOD#QUALITY,neutral,False
iUOsrPFt7oLFT8kqGzN7RQ,food_quality,,FOOD#QUALITY,negative,False
qHQxx1g8rGno-LRd1OxsiA,food_quality,,FOOD#QUALITY,positive,False
aHtgSP4nTEtHvYQ0TE6w1g,food_quality,,FOOD#QUALITY,positive,False
qFgZtnFfvv73CByNPl1BjA,food_quality,,FOOD#QUALITY,positive,False
gj_usrjf1TIkh73H-QO3uw,food_quality,,FOOD#QUALITY,positive,False
z7886BlNmDO_Egyq3fY_AA,food_quality,,FOOD#QUALITY,negative,False
UOfpciAn1koaoGYDTFoW7g,food_quality,,FOOD#QUALITY,"neutral, positive",False
JPH0dfbezXv0-hjG8_dalw,food_quality,,FOOD#QUALITY,positive,False
m8kEghTvKeB6o6yvKqtVZg,food_quality,,FOOD#QUALITY,negative,False
B8sUIRgisTiHbpdw5X1wMg,food_quality,,FOOD#QUALITY,"negative, positive",False
qUg8WAiB5OBzrAFnYutOXg,food_quality,,FOOD#QUALITY,negative,False
Hrno8kOobp9O009DRbsVgQ,food_quality,,FOOD#QUALITY,positive,False
YQtuP2OsLItDgSyEu5wfHA,food_quality,,FOOD#QUALITY,"negative, positive",False
2iJRf9PbAEG_zYDgOZDeog,food_quality,,FOOD#QUALITY,negative,False
ubFaWabBba1ek28qVI_Avw,food_quality,,FOOD#QUALITY,"positive, negative",False
rmZ5K6fIJXmN_XmrsgBidw,food_quality,,FOOD#QUALITY,negative,False
g0BbsNIPy6Et3xLjl0YHPQ,food_quality,,FOOD#QUALITY,negative,False
Xu8Y0SV3E247GnczkU4f_A,food_quality,,FOOD#QUALITY,"positive, negative",False
0kMlS1dVfIw1bH1jK5q9Pw,food_quality,,FOOD#QUALITY,positive,False
Xh65-2dKSki897nspdd_LA,food_quality,,FOOD#QUALITY,positive,False
q9BRZUJxnIwbI4v_vroEuA,food_quality,,FOOD#QUALITY,positive,False
TNU6p_rBVNVePKnSs6e_kw,food_quality,,FOOD#QUALITY,positive,False
S090oC7VD0ZnYdBYeH1B9w,food_quality,,FOOD#QUALITY,"neutral, negative",False
FbHTJfPbg5I_YPBQYooACQ,food_quality,,FOOD#QUALITY,neutral,False
Ewv1cwCYbPiiwUAR12eG8Q,food_quality,,FOOD#QUALITY,positive,False
PMekHp126TAwlR0Adh_XBw,food_quality,,FOOD#QUALITY,"positive, negative",False
Fk1PhR1GnHSxkIPmIzW84g,food_quality,,FOOD#QUALITY,"positive, negative",False
K1XKPfI27l9aSX8BoiQT4Q,food_quality,,FOOD#QUALITY,"positive, negative",False
_zhRVwK1_iP896IBhiqULg,food_quality,,FOOD#QUALITY,positive,False
1o4UpE7ynMDQUz-qh8Mb6A,food_quality,,FOOD#QUALITY,"positive, neutral",False
eljIi2P72vnShJexx5weBQ,food_quality,,FOOD#QUALITY,positive,False
SQhSbRTzbDCVZjL59RRmPg,food_quality,,FOOD#QUALITY,positive,False
ZLz3iYrRB4CM-FNNERbAHA,food_quality,,FOOD#QUALITY,negative,False
Xs8Z8lmKkosqW5mw_sVAoA,food_quality,,FOOD#QUALITY,positive,False
qYd0CbpgOFCBo6hsaSCh4g,food_quality,,FOOD#QUALITY,positive,False
erTo1f8QG4__DsFFuh1dcQ,food_quality,,FOOD#QUALITY,"neutral, negative",False
y1CKb9ltYWadxx3ImQkOeQ,food_quality,,FOOD#QUALITY,positive,False
LIx-hamEbXBmMQlDlgGRaA,food_quality,,FOOD#QUALITY,positive,False
mMBjSBm_6xdh8NlsinXVGw,food_quality,,FOOD#QUALITY,negative,False
f4HYlW3lEoGCQ4fDiW51Zg,food_quality,,FOOD#QUALITY,"positive, negative",False
ljPl7_po5zjmN7aXgkc3SA,food_quality,,FOOD#QUALITY,positive,False
52Inm8t0OEjXfK4zY8iwuw,food_quality,,FOOD#QUALITY,positive,False
pauADirph5PtF0V3fH1zPg,food_quality,,FOOD#QUALITY,negative,False
2wF0UrCPwX_meD87fD5NAw,food_quality,,FOOD#QUALITY,positive,False
ajGV47J_Wm_k_W_veLobsg,food_quality,,FOOD#QUALITY,negative,False
LdeSixSVOEYBeHG_3GF2OA,food_quality,,FOOD#QUALITY,positive,False
iuwbcokeZwBNOnU1F3DI-w,food_quality,,FOOD#QUALITY,positive,False
6Do80t02Vx6rNMa4JcqkEA,food_quality,,FOOD#QUALITY,negative,False
ebJuMT88xHmz9GOQ_EbT8A,food_quality,,FOOD#QUALITY,positive,False
OUIz0_ZsGSRbwegcCcNnvw,food_quality,,FOOD#QUALITY,positive,False
ly__Ip5iGGzr2OK8Gk-P-w,food_quality,,FOOD#QUALITY,negative,False
Do0M3vXCC78O75ZPheQ8YQ,food_quality,,FOOD#QUALITY,"negative, positive",False
EiJAWh4RA4Y63vd-I-rpaQ,food_quality,,FOOD#QUALITY,positive,False
PF8gg-0c6QEc4zYi8zU5lg,food_quality,,FOOD#QUALITY,positive,False
FwQiOAY9iQYbmG2hUyT8Rg,food_quality,,FOOD#QUALITY,positive,False
1nysAxJbaE5pfiOrT7fgpQ,food_quality,,FOOD#QUALITY,positive,False
BwBqCVFKuZ4e-QXNgi5Cwg,food_quality,,FOOD#QUALITY,positive,False
FMphZfF2GT1fvS59Kbh9rw,food_quality,,FOOD#QUALITY,"negative, positive",False
GgXDuF9qsAovAIcC70QdOQ,food_quality,,FOOD#QUALITY,positive,False
lAaTQ3tHAa2AG5F1YWncrA,food_quality,,FOOD#QUALITY,positive,False
nn5Y8Bru4FpgXiNSqfslYw,food_quality,,FOOD#QUALITY,positive,False
rc8yMvo3Qj4_G8uws7jsoA,food_quality,,FOOD#QUALITY,positive,False
TsH6BrZJdxNh_92I2pGLWQ,food_quality,,FOOD#QUALITY,negative,False
mZsloODjugTSbaKTcCe5lg,food_quality,,FOOD#QUALITY,negative,False
UVtCh-T1zYwQt5rkhyz9nA,food_quality,,FOOD#QUALITY,positive,False
nZyvS000DGcy6Ilv41SSSQ,food_quality,,FOOD#QUALITY,positive,False
8JyupJb557RpBSJUnsmRnQ,food_quality,,FOOD#QUALITY,"negative, positive",False
fBqoZi6Jzda8ZBoNrkPhdA,food_quality,,FOOD#QUALITY,positive,False
V2PQEkMmMj7UH_rINCrkrg,food_quality,,FOOD#QUALITY,positive,False
_qA6-L34QD8ruHD7xRI0Yg,food_quality,,FOOD#QUALITY,positive,False
QbM-NTJff1N7RSqof652ug,food_quality,,FOOD#QUALITY,positive,False
28F7TeJvaB2FP1vf1Xr9tQ,food_quality,,FOOD#QUALITY,neutral,False
eYBO0lnwVx-QFi7V0w1xBA,food_quality,,FOOD#QUALITY,negative,False
f4-xSo7B37monwhRZ939jw,food_quality,,FOOD#QUALITY,positive,False
WXku760ztc0Ls0wJ5QswCA,food_quality,,FOOD#QUALITY,positive,False
L9asV6W4T75CD2lwZdQBaQ,food_quality,,FOOD#QUALITY,negative,False
52phbw4zW9_EEaU_q9c3bQ,food_quality,,FOOD#QUALITY,neutral,False
k5foen6qbRssONseGEc0aw,food_quality,,FOOD#QUALITY,positive,False
QpP7bUiahAE3PXEXiydW1A,food_quality,,FOOD#QUALITY,positive,False
Gbfsz69jqDWoMd9sAyvclw,food_quality,,FOOD#QUALITY,positive,False
rU0AXEHNwFCOGlMyLwuJtA,food_quality,,FOOD#QUALITY,negative,False
_w6QVJv16fFPovPdqBvadA,food_quality,,FOOD#QUALITY,positive,False
jYIJjPURFHaH0iA42egGQA,food_quality,,FOOD#QUALITY,negative,False
z-9mHZSCTJDkrHmp4B4ESQ,food_quality,,FOOD#QUALITY,positive,False
u7NNL4ur-IzQ6j8DlUnW9w,food_quality,,FOOD#QUALITY,"positive, negative",False
Cj4SUpCNJoKIYR0Y4OMjDw,food_quality,,FOOD#QUALITY,positive,False
wWD0cnmUjqFUfs6BEiDwXg,food_quality,,FOOD#QUALITY,positive,False
ctNcYZKvB2nZzVTYGRCIAw,food_quality,,FOOD#QUALITY,"negative, positive",False
B4nqOw82ztr6lIGKftxZrg,food_quality,,FOOD#QUALITY,positive,False
FHNC9_EEMpQQe00wNSpOwg,food_quality,,FOOD#QUALITY,"neutral, negative",False
KyztSw9VambOXqsKxHxKCw,food_quality,,FOOD#QUALITY,positive,False
qp6-rBgdRv_PZGAaW3spYw,food_quality,,FOOD#QUALITY,positive,False
vBK79c3_1Ff_oqkh5VpfGg,food_quality,,FOOD#QUALITY,positive,False
FYHNc27eON7b-L2c8LC29w,food_quality,,FOOD#QUALITY,"negative, positive",False
tKxhiCdNrfvLEd1LDELiPA,food_quality,,FOOD#QUALITY,positive,False
RHhObbK3y-e1FBKgBkFJOg,food_quality,,FOOD#QUALITY,"negative, neutral, positive",False
WjmyiSeauaWtXO9xUrdsoA,food_quality,,FOOD#QUALITY,positive,False
ku8ZKoLVTNrDRz5acwuieQ,food_quality,,FOOD#QUALITY,"positive, negative",False
Uj9B9QN76ZzWo5Zu91vmRw,food_quality,,FOOD#QUALITY,"negative, positive",False
IeQr3x0JSRrtGH2H27cOGw,food_quality,,FOOD#QUALITY,positive,False
N1BQhqtLnFguM30rklq90g,food_quality,,FOOD#QUALITY,"neutral, negative",False
1Thftj8y7xsqpGjrTNWzjg,food_quality,,FOOD#QUALITY,negative,False
GROJpv8cv2Qls2kCZ-9ImA,food_quality,,FOOD#QUALITY,positive,False
T-Thr8jwI1kRr7CuYg5v9Q,food_quality,,FOOD#QUALITY,positive,False
6A3nqv9MGFPox-lDi6bT6w,food_quality,,FOOD#QUALITY,positive,False
PzHiS8h4Bq-R1AxJqZj6LQ,food_quality,,FOOD#QUALITY,positive,False
0-RgkJk9NTz7TGO07_vuqQ,food_quality,,FOOD#QUALITY,positive,False
7uH4XueW_JZPgggUnR8Igw,food_quality,,FOOD#QUALITY,positive,False
Oa_I_T25KMmHfyTcpNMiMQ,food_quality,,FOOD#QUALITY,positive,False
an-6q6o86LjAof5n1iU7cA,food_quality,,FOOD#QUALITY,"positive, negative",False
O4P7uJflv83wBPbkhUy_Ag,food_quality,,FOOD#QUALITY,negative,False
e08Xg3i306SFU_IIysuyZw,food_quality,,FOOD#QUALITY,neutral,False
WXRlzD3j0jD5aPDZJ7H1Ow,food_quality,,FOOD#QUALITY,positive,False
p6O65mBIXcqAuPetLPjt-Q,food_quality,,FOOD#QUALITY,"positive, negative",False
GKCmYik5o3eJkwAGt-cPeg,food_quality,,FOOD#QUALITY,negative,False
5IJ8bbgtuaYY44jylnQ5lw,food_quality,,FOOD#QUALITY,neutral,False
XvcLs6lqCHS2NjEm8_p3YA,food_quality,,FOOD#QUALITY,positive,False
ibrk66oc_2FBdqsp_NUSyw,food_quality,,FOOD#QUALITY,negative,False
sE8xFCkXgn92lviAJoU1Ag,ambience,,AMBIENCE#GENERAL,negative,False
NmQG9xZFKQgLfGhxAo_ALg,ambience,,AMBIENCE#GENERAL,positive,False
q68ZmNePuVNw6ZrBid6UQg,ambience,,AMBIENCE#GENERAL,positive,False
tUnVMrUwzxU0VXMBmLSGWg,ambience,,AMBIENCE#GENERAL,negative,False
crsfxDJGj2U-IIxvttdPqQ,ambience,,AMBIENCE#GENERAL,negative,False
c-dUoJqvD1Y2mKND-OhDzA,ambience,,AMBIENCE#GENERAL,negative,False
kC38P384eVAs9SPEjU75dw,ambience,,AMBIENCE#GENERAL,positive,False
o-Z2Voi2UmHujo0TEIcfCw,ambience,,AMBIENCE#GENERAL,positive,False
TRtzUEDSW4P07ElNTCK5lw,ambience,,AMBIENCE#GENERAL,positive,False
xNwDDFanM_lcGwsDoSShRQ,ambience,,AMBIENCE#GENERAL,negative,False
ZFYaWplFSjk0FfCofZz-Yg,ambience,,AMBIENCE#GENERAL,negative,False
qS7BFEqhbnd27HV_eDcurg,ambience,,AMBIENCE#GENERAL,"negative, neutral",False
rfz83tnAFfFfjc88MNE8fA,ambience,,AMBIENCE#GENERAL,positive,False
Xe__9plcT4VI1oAfv9f24Q,ambience,,AMBIENCE#GENERAL,negative,False
DkrsmadeZJj_GERNMIBxVg,ambience,,AMBIENCE#GENERAL,positive,False
zbbj5ZwqG5kj_Zefb2XscA,ambience,,AMBIENCE#GENERAL,positive,False
hQnGUPmvVwEqq1gwfB4eyw,ambience,,AMBIENCE#GENERAL,positive,False
NlJvzUZ_-Ob2F8w2xyuudQ,ambience,,AMBIENCE#GENERAL,positive,False
dIrnN8UBRubrL1Oaw4rq8g,ambience,,AMBIENCE#GENERAL,positive,False
MBrXrHhRAbM__74YsiQBxw,ambience,,AMBIENCE#GENERAL,positive,False
TbikcUbqg1ku2H69GqZnLA,ambience,,AMBIENCE#GENERAL,positive,False
AzK0yfSVQ0tPQWJevNOyiw,ambience,,AMBIENCE#GENERAL,negative,False
VIC5IRQmCsVD3nfdH7d__g,ambience,,AMBIENCE#GENERAL,positive,False
t-VxzwrFJtm13GGcBO-2bw,ambience,,AMBIENCE#GENERAL,positive,False
i9wzer9wJInHnlh6zVH56w,ambience,,AMBIENCE#GENERAL,positive,False
X6zqJa_N5zbT9vowCkZlng,ambience,,AMBIENCE#GENERAL,negative,False
W67uN2nO0Tp22YMoano4JA,ambience,,AMBIENCE#GENERAL,positive,False
c0tA0llPYzPeeqe83z7gCw,ambience,,AMBIENCE#GENERAL,"positive, negative",False
MmE5fyvflezLXbQyFkPivg,ambience,,AMBIENCE#GENERAL,positive,False
ItdTEzYEXp5ZUGIOAV4rZg,ambience,,AMBIENCE#GENERAL,positive,False
2KxuaCOzuXpnZ--1BA-X_g,ambience,,AMBIENCE#GENERAL,negative,False
9gMt7m8MNYlLY2srGtffpw,ambience,,AMBIENCE#GENERAL,positive,False
3TARi_spDx3FfTmZXktAiQ,ambience,,AMBIENCE#GENERAL,positive,False
ZwfIQvFSAHgeVFjghAMO_A,ambience,,AMBIENCE#GENERAL,positive,False
OXiYENXL835wlj9vZ2KN1Q,ambience,,AMBIENCE#GENERAL,positive,False
ByfKn8haJuDr0uX3nPGqwg,ambience,,AMBIENCE#GENERAL,negative,False
LF6id28EwPloQoIySIT5aw,ambience,,AMBIENCE#GENERAL,positive,False
zGOU_UKPvMDaERtDqLsowg,ambience,,AMBIENCE#GENERAL,positive,False
qN7RfHGqzuWz-aE4Ik7_GA,ambience,,AMBIENCE#GENERAL,positive,False
Msb02JkfIqVIEOjR9wFYPg,ambience,,AMBIENCE#GENERAL,positive,False
c_Iy6yFpJzQqCsYb5IX-rw,ambience,,AMBIENCE#GENERAL,negative,False
oPes27qEd4prveltgBtxJg,ambience,,AMBIENCE#GENERAL,negative,False
jTm_vNAYnlmE5eWNUPbEYg,ambience,,AMBIENCE#GENERAL,negative,False
MBq7Sz8-ETH_cgpFpquO8w,ambience,,AMBIENCE#GENERAL,negative,False
GV3MduPY1YtOP5vzTYEU3A,ambience,,AMBIENCE#GENERAL,positive,False
nr3xQXUl3f-BwBWbu8ipsQ,ambience,,AMBIENCE#GENERAL,negative,False
BliwMeEGWCN34_Wg9vsyEA,ambience,,AMBIENCE#GENERAL,positive,False
WzUTZT2T9sksgsJqbjJypA,ambience,,AMBIENCE#GENERAL,negative,False
-eZEYx1zW2c8qdn1MKTN9g,ambience,,AMBIENCE#GENERAL,negative,False
J4bewYavb3HEhYkEOc3QFQ,ambience,,AMBIENCE#GENERAL,negative,False
rRypyR30ErdKInuStnymRg,ambience,,AMBIENCE#GENERAL,positive,False
cjKlwEl2pqLN4nJvl7wUSA,ambience,,AMBIENCE#GENERAL,positive,False
dn5WKtuGBxoWmVlT9KMjBA,ambience,,AMBIENCE#GENERAL,negative,False
dLJK7FNRSQcCMxZRZH8OFA,ambience,,AMBIENCE#GENERAL,negative,False
F99EHFlmHnt3U6wSdM2KoA,ambience,,AMBIENCE#GENERAL,negative,False
iKPCtAvscLm_bm3F9gQV_A,ambience,,AMBIENCE#GENERAL,negative,False
rZmBNfihjuQo6Bk5J06yOA,ambience,,AMBIENCE#GENERAL,negative,False
TYslH-CAecjJxLNs96KduA,ambience,,AMBIENCE#GENERAL,positive,False
2Tl9TNP8xtPXlDl9Oc3Jug,ambience,,AMBIENCE#GENERAL,neutral,False
qyaJfgL81qC5u-TNak65oQ,ambience,,AMBIENCE#GENERAL,positive,False
L3p7RXD-IA8YIlTW6_9xyQ,ambience,,AMBIENCE#GENERAL,positive,False
G4twDEDGszYFRfZvciBsGQ,ambience,,AMBIENCE#GENERAL,positive,False
twOSOJoQoexng8miZm8gtg,ambience,,AMBIENCE#GENERAL,positive,False
oH0VZQ1v-mk9Bri81quvPA,ambience,,AMBIENCE#GENERAL,positive,False
ZCQrcS9zg8ZKB7gE7gq5zg,ambience,,AMBIENCE#GENERAL,positive,False
7oGT9dENGHh-lrQtuA33Gw,ambience,,AMBIENCE#GENERAL,positive,False
KWyf1YEErmD6Dtt5K5QWnA,ambience,,AMBIENCE#GENERAL,positive,False
QpAd8_6T1SbrLKRMHVOhUg,ambience,,AMBIENCE#GENERAL,negative,False
hIubFC6LBxFz0ntgWjjTrQ,ambience,,AMBIENCE#GENERAL,positive,False
v5tuBGThz31Qywa50jL2Tg,ambience,,AMBIENCE#GENERAL,negative,False
fsykmHzKuQWhn4jibu_nCQ,ambience,,AMBIENCE#GENERAL,"negative, positive",False
J3dl_BagtA9JnppdGkHlvQ,ambience,,AMBIENCE#GENERAL,positive,False
xqIKhAEeNQ7fm0qYC212_Q,ambience,,AMBIENCE#GENERAL,negative,False
GtkNOuCYl66VMWmOmqYlYw,ambience,,AMBIENCE#GENERAL,negative,False
aAZfPGaF1YHh2jImso40eg,ambience,,AMBIENCE#GENERAL,positive,False
b_IVmXYnwkCDnFAbrmUGHw,ambience,,AMBIENCE#GENERAL,negative,False
dA1LSJkJXf2zOGidFg_UBg,ambience,,AMBIENCE#GENERAL,positive,False
FMFZoES5LfumuwhsZbIDlQ,ambience,,AMBIENCE#GENERAL,positive,False
4mQB_GKC-f5GPoDr3ZyxRA,ambience,,AMBIENCE#GENERAL,positive,False
onlgwy5qGDEzddsrnIvtWg,ambience,,AMBIENCE#GENERAL,positive,False
qVG8nSByP0TQ9Aw_KkjhhA,ambience,,AMBIENCE#GENERAL,positive,False
6j7TrxqNC9FtcRIPrDpRqQ,ambience,,AMBIENCE#GENERAL,neutral,False
dn8s5Kq5drzbkcSkEwPLEQ,ambience,,AMBIENCE#GENERAL,negative,False
dVDJWzxnnIgQqdG6XpKkfQ,ambience,,AMBIENCE#GENERAL,positive,False
E91iUqN6z_7Y0xUHBwM0yw,ambience,,AMBIENCE#GENERAL,negative,False
Aj0UVTXgRLXAasN1X4qXuA,ambience,,AMBIENCE#GENERAL,positive,False
chtDBb_3unH0Wcs3W2Iahw,ambience,,AMBIENCE#GENERAL,negative,False
GVEAispVyfwkjyuOkmBLvA,ambience,,AMBIENCE#GENERAL,negative,False
hEI3B7W1kPkHNrT4bIO9ww,ambience,,AMBIENCE#GENERAL,negative,False
EmBi1PynV13wTPQZEzoDDw,ambience,,AMBIENCE#GENERAL,negative,False
kXkoBcxhLJ058tTeBbUz6g,ambience,,AMBIENCE#GENERAL,negative,False
V0AVbSPBmpaDEn10CwSigQ,ambience,,AMBIENCE#GENERAL,negative,False
bMficDLE7xpYS47EGPH3KA,ambience,,AMBIENCE#GENERAL,positive,False
K2LXvZrJUHkOHTTTVv-ECQ,ambience,,AMBIENCE#GENERAL,positive,False
rGXMJulixaOGNEZaFzOB6w,ambience,,AMBIENCE#GENERAL,positive,False
BMSxOuQByoq1W5d_5HXgoA,ambience,,AMBIENCE#GENERAL,positive,False
EU8WdSUTSSkyCOITxZxpng,ambience,,AMBIENCE#GENERAL,negative,False
MbY_8Mv4GwpPuOpMK4GHSA,ambience,,AMBIENCE#GENERAL,positive,False
f2K0mmkgRxylGh2jFbhsng,ambience,,AMBIENCE#GENERAL,positive,False
lDhP7hZ-4x9EiuuNjCrYUw,ambience,,AMBIENCE#GENERAL,positive,False
KH9O1_ibrfH3Ted7FKr6Jw,ambience,,AMBIENCE#GENERAL,positive,False
z49KLFmNFVpfpQTLm6iU5Q,ambience,,AMBIENCE#GENERAL,positive,False
GNREgOUkqcrAeX-vNRqYNg,ambience,,AMBIENCE#GENERAL,positive,False
OB9FBVQTN5GlHL3F9tAALA,ambience,,AMBIENCE#GENERAL,positive,False
A3RidKtnIjuu1Us4fJPP-A,ambience,,AMBIENCE#GENERAL,negative,False
LJfFwF9iLPnculjovMU6FQ,ambience,,AMBIENCE#GENERAL,positive,False
XjxtaScSUKQYjWo1bwv3jw,ambience,,AMBIENCE#GENERAL,negative,False
2qH5hkzrXvMmpr3oJL1mGA,ambience,,AMBIENCE#GENERAL,positive,False
RghsE6WZFi3VXyOp8kAW8Q,ambience,,AMBIENCE#GENERAL,positive,False
vOnch1Nz481VOlGZR7zxJQ,ambience,,AMBIENCE#GENERAL,positive,False
Mv3eIYcZmXFRNgwQtbYbcQ,ambience,,AMBIENCE#GENERAL,negative,False
n2V-OIurdlk5_gmgIUXclQ,ambience,,AMBIENCE#GENERAL,negative,False
uoq8diGbYjoWatu0q4roug,ambience,,AMBIENCE#GENERAL,negative,False
mhXnmcYcmNHWfpzFs7X38w,ambience,,AMBIENCE#GENERAL,positive,False
olE4krXhdHesUI6vBM-DNg,ambience,,AMBIENCE#GENERAL,positive,False
9JiECNgOrmjN-wLBn8-5pw,ambience,,AMBIENCE#GENERAL,positive,False
vwRiVcPC97IByHuoNxsmAQ,ambience,,AMBIENCE#GENERAL,positive,False
7UKdq8GrzNkpgGHAzE4APA,ambience,,AMBIENCE#GENERAL,"positive, negative",False
vYKa4veJpNQLZgNcsq_3dA,ambience,,AMBIENCE#GENERAL,"negative, positive",False
O2j4KpLz8GUix3M-FZd9sA,ambience,,AMBIENCE#GENERAL,positive,False
oUrKJzj_qZybqqPatE9q1A,ambience,,AMBIENCE#GENERAL,negative,False
JE1B7pcraucwiLDkrETIUA,ambience,,AMBIENCE#GENERAL,"positive, negative",False
51JP2_ZDsoZ-y3JlJSGHnQ,ambience,,AMBIENCE#GENERAL,negative,False
OklyV0LjXni_Wsa-ChkAwA,ambience,,AMBIENCE#GENERAL,"positive, negative, neutral",False
Pt8QpgaoQLztl8jf7XzWZg,ambience,,AMBIENCE#GENERAL,positive,False
IWMk_Thy74Be4dEQW2QFrw,ambience,,AMBIENCE#GENERAL,positive,False
p8nZV43cpAVnwoRLCcLmAw,ambience,,AMBIENCE#GENERAL,positive,False
-mrb4ThJmMJZY3OLKrBXmw,ambience,,AMBIENCE#GENERAL,"neutral, positive",False
v40J4Va3O-aK5oEY5tgl2A,ambience,,AMBIENCE#GENERAL,positive,False
HoHgGhVnCz9suTkoNldHMg,ambience,,AMBIENCE#GENERAL,positive,False
uDqEGGx9AZp2w3Hju5mQ_Q,ambience,,AMBIENCE#GENERAL,positive,False
639vTktJXYz4RQsokG8n2Q,ambience,,AMBIENCE#GENERAL,positive,False
DAbb8KQydrwTe7wSgf9Hbg,ambience,,AMBIENCE#GENERAL,positive,False
VxDw6KWHrK99yQ3l553Lsw,ambience,,AMBIENCE#GENERAL,positive,False
qbBF6ytQTNXOlx0JMQFwzA,ambience,,AMBIENCE#GENERAL,positive,False
BXQcBN0iAi1lAUxibGLFzA,ambience,,AMBIENCE#GENERAL,positive,False
e9ud_GdX_jSjSApl7zmoWw,ambience,,AMBIENCE#GENERAL,"positive, negative",False
hhN45ngR3Sk9aTSpfX-y5Q,ambience,,AMBIENCE#GENERAL,positive,False
z7i6dzUcJ5VcdOYR1IVHzA,ambience,,AMBIENCE#GENERAL,negative,False
OsioSPpIJbqgqkOlNCCORg,ambience,,AMBIENCE#GENERAL,positive,False
5v1q4VmKTeQ93gNqTtXj-Q,ambience,,AMBIENCE#GENERAL,negative,False
Joi6NuKCR70xnnftIsxsfQ,ambience,,AMBIENCE#GENERAL,negative,False
AvCbW9WAH4mKTuzlCnS9LA,ambience,,AMBIENCE#GENERAL,negative,False
NLY-ESHohB09por6GYK-bg,ambience,,AMBIENCE#GENERAL,positive,False
tqRor_STA8vWCSKOA7EfVQ,ambience,,AMBIENCE#GENERAL,negative,False
xlNMcilP5F6Agymc2TwgRg,ambience,,AMBIENCE#GENERAL,positive,False
oVvOc2K-1lNBoW8kwI0MPQ,ambience,,AMBIENCE#GENERAL,positive,False
6T39wGjrDrQSwRso-oAk5Q,ambience,,AMBIENCE#GENERAL,positive,False
UdREKGErnjt-3rPv0eRvxQ,ambience,,AMBIENCE#GENERAL,positive,False
idagMMjysGHSlC6YnIZpiw,ambience,,AMBIENCE#GENERAL,negative,False
yqJv_8CoXNb-NpaEiTY4yw,ambience,,AMBIENCE#GENERAL,positive,False
_S0_7CKLbq5mo1HACy4NOA,ambience,,AMBIENCE#GENERAL,positive,False
2hRrx58bBu9qH041WKkHpg,ambience,,AMBIENCE#GENERAL,positive,False
A497ZSdY_rzhvi5UvzyXgQ,ambience,,AMBIENCE#GENERAL,neutral,False
YQZlvpXLKo8XcN_f81Qwfw,ambience,,AMBIENCE#GENERAL,positive,False
M5unN9Y4QKjgiKM5ty0ebw,ambience,,AMBIENCE#GENERAL,negative,False
dLKW8qHvywI7yud2BaXx5g,ambience,,AMBIENCE#GENERAL,positive,False
rZ_ueS0k33XBb4DUoHzx2g,ambience,,AMBIENCE#GENERAL,positive,False
QSqgKgMhBT0rq8XlCZtaZA,ambience,,AMBIENCE#GENERAL,positive,False
ljlip5S2hqb76p_pIlLPSg,ambience,,AMBIENCE#GENERAL,positive,False
oQ2wM3ibdAnCMBmhfwAi9A,ambience,,AMBIENCE#GENERAL,positive,False
EybCX3U3K20euM7oT_-ZZA,ambience,,AMBIENCE#GENERAL,positive,False
vCXmS2gLX93_ukrI2J9zlA,ambience,,AMBIENCE#GENERAL,positive,False
p6a0RpE7E3ydxpUHeFB1-Q,ambience,,AMBIENCE#GENERAL,positive,False
vk3dm7QF8N46JQ9wd5UWTg,ambience,,AMBIENCE#GENERAL,negative,False
BROR1DlKTeWaE8knFLsyVg,ambience,,AMBIENCE#GENERAL,positive,False
-1R1XmgqcJ01OFHl1mVBng,ambience,,AMBIENCE#GENERAL,negative,False
C1Raue3tkmHln0drWhLNfA,ambience,,AMBIENCE#GENERAL,"negative, positive",False
JBwzK15fZqbRoqPtcfI1vw,ambience,,AMBIENCE#GENERAL,negative,False
qsjMCjaEW9UWyzAw4ujWcw,ambience,,AMBIENCE#GENERAL,positive,False
_QI_2ySXh_clz_oMpaTq_w,ambience,,AMBIENCE#GENERAL,negative,False
b1qcnKFc-T0GfQpR-9KzOw,ambience,,AMBIENCE#GENERAL,negative,False
GK5JEpizD-nDGXsJUYVLTg,ambience,,AMBIENCE#GENERAL,positive,False
iRMFvUB67el1rp1uwaaJ8Q,ambience,,AMBIENCE#GENERAL,negative,False
v6VFMJjeIok0Pj_5h3KWEw,ambience,,AMBIENCE#GENERAL,positive,False
sKdPo0Je5C_pVaCUknnMFg,ambience,,AMBIENCE#GENERAL,"negative, positive",False
d1RzymGrO5mJ4Hh4aLzBqA,ambience,,AMBIENCE#GENERAL,positive,False
-6zWMUeDjZur9I4CBY3BbA,ambience,,AMBIENCE#GENERAL,positive,False
NSP2tmI4KerXB1FfiImfMw,ambience,,AMBIENCE#GENERAL,positive,False
_mtAWcrtGkJzylWVcN5Gpg,ambience,,AMBIENCE#GENERAL,negative,False
lSQHJzpsQu-T9bQFPa5dXw,ambience,,AMBIENCE#GENERAL,negative,False
Jh8zoiKX8prVpzFqBWxxnA,ambience,,AMBIENCE#GENERAL,negative,False
pnitSpvWhpscUxv303T6kw,ambience,,AMBIENCE#GENERAL,negative,False
95L-Xoqd-VdnuegSkRPBbA,ambience,,AMBIENCE#GENERAL,positive,False
kunaTSstZVXHOcA7FX0acQ,ambience,,AMBIENCE#GENERAL,negative,False
Lo7KGDnkd_50D7mSBhizaw,ambience,,AMBIENCE#GENERAL,positive,False
q7VX__unwVfLtlnkp9_P6Q,ambience,,AMBIENCE#GENERAL,positive,False
zU0QY78bNL3etZa_yDU5bg,ambience,,AMBIENCE#GENERAL,negative,False
EOLmWCD2ifUOQTIGZ3Oy8g,ambience,,AMBIENCE#GENERAL,negative,False
FbMKErwvxFu5mDu_4wisfA,ambience,,AMBIENCE#GENERAL,positive,False
5wTSHY2LiDFRi9znKAatQQ,ambience,,AMBIENCE#GENERAL,"positive, negative",False
c6eoMSSx3nI_Dr19cIvXXA,ambience,,AMBIENCE#GENERAL,"negative, positive",False
z2tE5wRExViDWwA7c44OKw,ambience,,AMBIENCE#GENERAL,negative,False
VmBAAgECOLCpERxAQPG5-A,ambience,,AMBIENCE#GENERAL,positive,False
iH9u9IvJ54r4s3MsmYOpQg,ambience,,AMBIENCE#GENERAL,positive,False
f1YyT-LN1-bFtXcIOpILPQ,ambience,,AMBIENCE#GENERAL,positive,False
WNUMiymm2_ruYwvDwPddmg,ambience,,AMBIENCE#GENERAL,positive,False
7IREnRZPKtKlPYxovXvtnA,ambience,,AMBIENCE#GENERAL,positive,False
uH2nfyVmTNPMac4oAvrRsA,ambience,,AMBIENCE#GENERAL,"positive, negative",False
Gwzds30CAS5hRQ5KwoDIyQ,ambience,,AMBIENCE#GENERAL,negative,False
LuknDwBLHlDSSH4eOHu41g,ambience,,AMBIENCE#GENERAL,positive,False
Xwwb5w5Ox0f6JquGsYlJGA,ambience,,AMBIENCE#GENERAL,positive,False
r6hmgcM2r_rGXtS8mdC8lw,ambience,,AMBIENCE#GENERAL,positive,False
X3E7PwAKq3zS_hZJkqIGAA,ambience,,AMBIENCE#GENERAL,negative,False
O3H497kedbA2JS-XMgv3qg,ambience,,AMBIENCE#GENERAL,positive,False
JGEGfOjgpwYgE5WfnehLsA,ambience,,AMBIENCE#GENERAL,positive,False
7fBw9u2hI0ik_MRuAkX1Yg,ambience,,AMBIENCE#GENERAL,negative,False
wK4eubUgVfv84Crl1vqhkA,ambience,,AMBIENCE#GENERAL,neutral,False
K_c6hAR6EPFwB8aDphUZ3w,ambience,,AMBIENCE#GENERAL,negative,False
Ht2KneFcFzgeDBRa0JBu8g,ambience,,AMBIENCE#GENERAL,positive,False
NMLgfy8FJCImwSB3_LohSA,ambience,,AMBIENCE#GENERAL,"negative, positive",False
GL5KNYxPit0HaNF3w1PKAQ,ambience,,AMBIENCE#GENERAL,positive,False
6L_b_pqZ0UBj8kSdx8GD4g,ambience,,AMBIENCE#GENERAL,negative,False
TpX0ze4bK1RBsuadYwWrjw,ambience,,AMBIENCE#GENERAL,negative,False
WEt2q1i6NmLWdmDLr-winA,ambience,,AMBIENCE#GENERAL,negative,False
DIRohs5uJ5kqBtSwZDZ1_w,ambience,,AMBIENCE#GENERAL,positive,False
UNZs2ANeTQ_8eom0HASsKg,ambience,,AMBIENCE#GENERAL,"positive, negative",False
SEVGMtRZpXEfIbQ_WhZ7dA,ambience,,AMBIENCE#GENERAL,negative,False
dIZegYrM8qlIsCcztwJdgQ,ambience,,AMBIENCE#GENERAL,"positive, negative",False
eMqBvX7-QzDeDBLGNPODqw,ambience,,AMBIENCE#GENERAL,positive,False
ndEiWLwOyaEqltoKcBF7hQ,ambience,,AMBIENCE#GENERAL,positive,False
mBHvJg2-j3hiI_OJYVaMXg,ambience,,AMBIENCE#GENERAL,negative,False
qXyQf3kw8aVIVLrJm11KeQ,ambience,,AMBIENCE#GENERAL,positive,False
AriNsqQhD-XzrLo6omIAyQ,ambience,,AMBIENCE#GENERAL,positive,False
M2uQZs0rnlUijHSmGx4zHA,ambience,,AMBIENCE#GENERAL,positive,False
adGKWWhHQNwGnbLFkE6Jfg,ambience,,AMBIENCE#GENERAL,negative,False
PD-PWOGIESnEE1vVueXSKQ,ambience,,AMBIENCE#GENERAL,negative,False
hv5lP-aJc6-ra4brlTeyeA,ambience,,AMBIENCE#GENERAL,neutral,False
JUq88BgAVEuQ9r1i4MV4-w,ambience,,AMBIENCE#GENERAL,negative,False
hAB0sQSE43p0Ml_-fdGKOw,ambience,,AMBIENCE#GENERAL,positive,False
t7axwatX4GDNj4rcadIWcQ,ambience,,AMBIENCE#GENERAL,negative,False
Q8k6bndVPPDAQl9KuU9POA,ambience,,AMBIENCE#GENERAL,negative,False
ZFiN3_hSL1lZGU4xL9QwyA,ambience,,AMBIENCE#GENERAL,positive,False
EmoEe8L3jTOUTOyhCMMdXw,ambience,,AMBIENCE#GENERAL,positive,False
wn6ylp4IcoCt-yib8ut4SQ,ambience,,AMBIENCE#GENERAL,positive,False
N-tN6LvgjrfpPKHmMyuyEg,ambience,,AMBIENCE#GENERAL,positive,False
6lj-OTugXLu8am0vmdTZ_A,ambience,,AMBIENCE#GENERAL,"negative, positive, neutral",False
JV4njJC0FkDxuRrnljAtUA,ambience,,AMBIENCE#GENERAL,negative,False
Za2Ulul5bVTXE3azxkZlzg,ambience,,AMBIENCE#GENERAL,positive,False
zi1OWH-ZwQktTBH--FOASw,ambience,,AMBIENCE#GENERAL,"positive, negative",False
AbQjvuQjem-mAGBuVBHLSw,ambience,,AMBIENCE#GENERAL,positive,False
tEH1IuhR8TBpt5bdsfx3ow,ambience,,AMBIENCE#GENERAL,negative,False
bC0IAhPpk08mVSzMWmM8hg,ambience,,AMBIENCE#GENERAL,positive,False
AbxNswDUmKaoaYInFAQURw,ambience,,AMBIENCE#GENERAL,negative,False
kX65Dhnis6-uRBfWBZbKyQ,ambience,,AMBIENCE#GENERAL,"negative, positive",False
5x6JIL3q0UR30foWSy0giw,ambience,,AMBIENCE#GENERAL,"positive, negative",False
bgHYA5Kpb5LuBHEQFKyw0Q,ambience,,AMBIENCE#GENERAL,negative,False
16cQevkVNr2vGKxVBu2xmQ,ambience,,AMBIENCE#GENERAL,negative,False
KLiYG5nsM6rjLDmqXOHBGw,ambience,,AMBIENCE#GENERAL,positive,False
hqOIVQgO9cn0oILzWFAvNg,ambience,,AMBIENCE#GENERAL,positive,False
pnkuvgFW7EbQLa1JBq-m_w,ambience,,AMBIENCE#GENERAL,positive,False
jJ8A1k6EtWnY4qVvqr4ywQ,ambience,,AMBIENCE#GENERAL,positive,False
MfBAwMzo0sXymh9MNWZOOg,ambience,,AMBIENCE#GENERAL,positive,False
kGJJ6ec_bNx9w0FIBKFOrg,ambience,,AMBIENCE#GENERAL,positive,False
TC1OoDsyGTCdWXDCARIpQg,ambience,,AMBIENCE#GENERAL,positive,False
Vwk33XkYwOtxHDICA0u-Ew,ambience,,AMBIENCE#GENERAL,positive,False
4Qm__MpoQ2H4-NYPlghb0Q,ambience,,AMBIENCE#GENERAL,negative,False
NS6C65IPeS4n-fe0JNXGEg,ambience,,AMBIENCE#GENERAL,negative,False
sxOiKfWcDxtLXVbnD_FHWA,ambience,,AMBIENCE#GENERAL,negative,False
mp92_tFNH2RVSXoqCOScmg,ambience,,AMBIENCE#GENERAL,negative,False
yCNf7tWAahLZVULW9dEhMw,ambience,,AMBIENCE#GENERAL,positive,False
bQt8QqosIDjDa3h14zTiZg,ambience,,AMBIENCE#GENERAL,positive,False
8aFPCcyLa77wBYItaMXp4w,ambience,,AMBIENCE#GENERAL,negative,False
ktYOKqtrZVWaWtHH6Emr5A,ambience,,AMBIENCE#GENERAL,positive,False
X_lseu4ykKX0HAidJqfyCw,ambience,,AMBIENCE#GENERAL,positive,False
8JGWrLHsxml0laUEuBiJSQ,ambience,,AMBIENCE#GENERAL,positive,False
xGeodtt_7auN3uHTPJtm7A,ambience,,AMBIENCE#GENERAL,negative,False
G6joL9p2lAAtZc27VNJ3vQ,ambience,,AMBIENCE#GENERAL,positive,False
lJKwa0eObGUVLwxYuM33vA,ambience,,AMBIENCE#GENERAL,positive,False
u-Qwo5QBFjS32Kut9yYnyQ,ambience,,AMBIENCE#GENERAL,positive,False
GoRhTTL4HSXs5nXfPdT9Lg,ambience,,AMBIENCE#GENERAL,positive,False
l_jI1tfvP0TilW5LarEfUA,ambience,,AMBIENCE#GENERAL,positive,False
vh_pRg0ovctp8wc9WxSb6w,ambience,,AMBIENCE#GENERAL,positive,False
H86uKqFwaRpTUBShSE4dYg,ambience,,AMBIENCE#GENERAL,positive,False
7-5vMVj1yRh9TJhFiXCdDg,ambience,,AMBIENCE#GENERAL,negative,False
gH4YBcEKkYvFNRQQEvxIKA,ambience,,AMBIENCE#GENERAL,positive,False
6tSw-UicDYEe26SNgugqdw,ambience,,AMBIENCE#GENERAL,positive,False
Bn5P4jFThZiJQEy8mzUXtA,ambience,,AMBIENCE#GENERAL,positive,False
T5co7A8L05GzOBdPqvl66w,ambience,,AMBIENCE#GENERAL,positive,False
qU51pK9Ui3pG5phxzUKtyA,ambience,,AMBIENCE#GENERAL,positive,False
XkZGXPALjMkPMoG-pu0VfA,ambience,,AMBIENCE#GENERAL,negative,False
Ba87pTzadbskLUgT5tZYGA,ambience,,AMBIENCE#GENERAL,positive,False
T9l5Qipb285uCF2APokOMQ,ambience,,AMBIENCE#GENERAL,positive,False
_X10F6glgUTF4fJKT5kS-Q,ambience,,AMBIENCE#GENERAL,positive,False
5yKmfzyILB1QqU8tRERS-w,ambience,,AMBIENCE#GENERAL,negative,False
xilt6zGZ3Nqo2_fogn3jjA,ambience,,AMBIENCE#GENERAL,positive,False
S6pQZQocMB1WHMjTRbt77A,ambience,,AMBIENCE#GENERAL,positive,False
UHHKFPgkHNO4foxCMUeJzg,ambience,,AMBIENCE#GENERAL,"positive, negative",False
JgoPc1oKba-v9YAaAEyjng,ambience,,AMBIENCE#GENERAL,negative,False
gj_usrjf1TIkh73H-QO3uw,ambience,,AMBIENCE#GENERAL,positive,False
ubFaWabBba1ek28qVI_Avw,ambience,,AMBIENCE#GENERAL,positive,False
rmZ5K6fIJXmN_XmrsgBidw,ambience,,AMBIENCE#GENERAL,positive,False
FbHTJfPbg5I_YPBQYooACQ,ambience,,AMBIENCE#GENERAL,negative,False
6zHmtQPQO8I9Fll1W8dPpg,ambience,,AMBIENCE#GENERAL,negative,False
Xs8Z8lmKkosqW5mw_sVAoA,ambience,,AMBIENCE#GENERAL,positive,False
UmxZjU3W-aeZ6wQBR_qtuA,ambience,,AMBIENCE#GENERAL,positive,False
LIx-hamEbXBmMQlDlgGRaA,ambience,,AMBIENCE#GENERAL,positive,False
nHhn0g5ZkhgA3i7boVmO9g,ambience,,AMBIENCE#GENERAL,negative,False
f4HYlW3lEoGCQ4fDiW51Zg,ambience,,AMBIENCE#GENERAL,positive,False
52Inm8t0OEjXfK4zY8iwuw,ambience,,AMBIENCE#GENERAL,positive,False
pauADirph5PtF0V3fH1zPg,ambience,,AMBIENCE#GENERAL,negative,False
2wF0UrCPwX_meD87fD5NAw,ambience,,AMBIENCE#GENERAL,positive,False
-oZkCD04uGDrx8-JD3PsBQ,ambience,,AMBIENCE#GENERAL,positive,False
SeAYz1h10AKH0JOKkeySyw,ambience,,AMBIENCE#GENERAL,negative,False
GU-WyL8mRKzJiNEZyqvFOA,ambience,,AMBIENCE#GENERAL,negative,False
LdeSixSVOEYBeHG_3GF2OA,ambience,,AMBIENCE#GENERAL,negative,False
sx0ZIptpxgO4tVkONTCD1A,ambience,,AMBIENCE#GENERAL,negative,False
ly__Ip5iGGzr2OK8Gk-P-w,ambience,,AMBIENCE#GENERAL,negative,False
Do0M3vXCC78O75ZPheQ8YQ,ambience,,AMBIENCE#GENERAL,negative,False
FwQiOAY9iQYbmG2hUyT8Rg,ambience,,AMBIENCE#GENERAL,"negative, positive",False
1nysAxJbaE5pfiOrT7fgpQ,ambience,,AMBIENCE#GENERAL,positive,False
hi4khsXhk3GgSuDjVSRrbA,ambience,,AMBIENCE#GENERAL,negative,False
9fYmkpYxDtv8WIcAYYrjUA,ambience,,AMBIENCE#GENERAL,"positive, negative",False
rc8yMvo3Qj4_G8uws7jsoA,ambience,,AMBIENCE#GENERAL,positive,False
UVtCh-T1zYwQt5rkhyz9nA,ambience,,AMBIENCE#GENERAL,positive,False
nZyvS000DGcy6Ilv41SSSQ,ambience,,AMBIENCE#GENERAL,positive,False
8JyupJb557RpBSJUnsmRnQ,ambience,,AMBIENCE#GENERAL,positive,False
V2PQEkMmMj7UH_rINCrkrg,ambience,,AMBIENCE#GENERAL,negative,False
QbM-NTJff1N7RSqof652ug,ambience,,AMBIENCE#GENERAL,negative,False
28F7TeJvaB2FP1vf1Xr9tQ,ambience,,AMBIENCE#GENERAL,negative,False
WXku760ztc0Ls0wJ5QswCA,ambience,,AMBIENCE#GENERAL,positive,False
L9asV6W4T75CD2lwZdQBaQ,ambience,,AMBIENCE#GENERAL,positive,False
QpP7bUiahAE3PXEXiydW1A,ambience,,AMBIENCE#GENERAL,positive,False
tkP_mgWfNiSDn3N9OikjfQ,ambience,,AMBIENCE#GENERAL,negative,False
1zSEW7gGunlSduNXaCudtQ,ambience,,AMBIENCE#GENERAL,positive,False
Cj4SUpCNJoKIYR0Y4OMjDw,ambience,,AMBIENCE#GENERAL,positive,False
KyztSw9VambOXqsKxHxKCw,ambience,,AMBIENCE#GENERAL,positive,False
0s2QEesL4DdEczAVjRrqxQ,ambience,,AMBIENCE#GENERAL,positive,False
qp6-rBgdRv_PZGAaW3spYw,ambience,,AMBIENCE#GENERAL,positive,False
EWLZyRmMjtQL6CqRJhlZvw,ambience,,AMBIENCE#GENERAL,negative,False
FYHNc27eON7b-L2c8LC29w,ambience,,AMBIENCE#GENERAL,positive,False
IeQr3x0JSRrtGH2H27cOGw,ambience,,AMBIENCE#GENERAL,"positive, neutral",False
zajO392fdoj7I8R5mfi2ig,ambience,,AMBIENCE#GENERAL,negative,False
6A3nqv9MGFPox-lDi6bT6w,ambience,,AMBIENCE#GENERAL,"positive, negative",False
9zuY5eDEzE59eqq5zO8F2A,ambience,,AMBIENCE#GENERAL,negative,False
PzHiS8h4Bq-R1AxJqZj6LQ,ambience,,AMBIENCE#GENERAL,positive,False
0-RgkJk9NTz7TGO07_vuqQ,ambience,,AMBIENCE#GENERAL,positive,False
S-IpV4o5NaeZiMei1Asmmw,ambience,,AMBIENCE#GENERAL,positive,False
O4P7uJflv83wBPbkhUy_Ag,ambience,,AMBIENCE#GENERAL,positive,False
p6O65mBIXcqAuPetLPjt-Q,ambience,,AMBIENCE#GENERAL,positive,False
GKCmYik5o3eJkwAGt-cPeg,ambience,,AMBIENCE#GENERAL,"negative, positive",False
5IJ8bbgtuaYY44jylnQ5lw,ambience,,AMBIENCE#GENERAL,positive,False
4R1TNUgx04hiO21VedTcIw,prices,,FOOD#PRICES,positive,False
iXULcSxHIEuKBdZqpogSwA,prices,,FOOD#PRICES,positive,False
PVBFXtUNSZEmbnfi055q2g,prices,,FOOD#PRICES,negative,False
5tyLmfkqov22Asc5CMG2OA,prices,,FOOD#PRICES,negative,False
6cHQxtaHnKpV4yAfPiTS9g,prices,,FOOD#PRICES,negative,False
9YXzd7f_RtPXyv354W9Q7w,prices,,FOOD#PRICES,negative,False
llqUthbVLqU0WDnu-TFh0Q,prices,,FOOD#PRICES,negative,False
oO-Iqg0BJBYkW593wQadlQ,prices,,FOOD#PRICES,negative,False
pouCNK0hBhJc2WY0joqkbQ,prices,,FOOD#PRICES,negative,False
dIrnN8UBRubrL1Oaw4rq8g,prices,,FOOD#PRICES,negative,False
3eRIYY2jMy-LwDmKjhue_w,prices,,FOOD#PRICES,positive,False
a5Fmk_AKuHdJRFgrmucIyw,prices,,FOOD#PRICES,negative,False
2D5DtWKHbN2ghLvxQmG-1w,prices,,FOOD#PRICES,positive,False
a4p0CRz3A-APavbD1IT8UQ,prices,,FOOD#PRICES,neutral,False
y8PRSF5TV3O71Iq0c6lxQA,prices,,FOOD#PRICES,positive,False
PfzN_ZsOPIvpXZKUWNRyOw,prices,,FOOD#PRICES,negative,False
-_Qm71-tfK5bzGZwrJ3Yhw,prices,,FOOD#PRICES,positive,False
Yk1rX9s9_Hc2pLW4VtwM-Q,prices,,FOOD#PRICES,"positive, negative",False
cjKlwEl2pqLN4nJvl7wUSA,prices,,FOOD#PRICES,positive,False
iKPCtAvscLm_bm3F9gQV_A,prices,,FOOD#PRICES,neutral,False
H3GMAUhQitqkLPLdN27dXw,prices,,FOOD#PRICES,negative,False
JTt8b3zxPdJ0JGbsQ3moxw,prices,,FOOD#PRICES,negative,False
TYslH-CAecjJxLNs96KduA,prices,,FOOD#PRICES,positive,False
2hC9p6EPJTPyKepJhHLhOw,prices,,FOOD#PRICES,positive,False
qyaJfgL81qC5u-TNak65oQ,prices,,FOOD#PRICES,negative,False
KUgjVQp2mGUOmDyA95FzZA,prices,,FOOD#PRICES,neutral,False
I9hhK-tbVXUYQXyC_ycaTw,prices,,FOOD#PRICES,negative,False
4EnJDFDleSNDxzXIT8IYUw,prices,,FOOD#PRICES,positive,False
vdtWa5Ym9ImeMMOHwnIfrw,prices,,FOOD#PRICES,positive,False
xt4EJrfsTc34uUhjACaSjQ,prices,,FOOD#PRICES,positive,False
iTa3E-VkS9sRdJsKj96PRQ,prices,,FOOD#PRICES,positive,False
BTGQWHMcO848q3d6lFGKdg,prices,,FOOD#PRICES,positive,False
2LeaIpYBnVZQudLUoqedyg,prices,,FOOD#PRICES,positive,False
quiZPC8t-iZs1uiMA1ovEQ,prices,,FOOD#PRICES,positive,False
i-aMU53oKzRkspInjLrguQ,prices,,FOOD#PRICES,negative,False
vq6z2WRhYGLXtCeeIsG83g,prices,,FOOD#PRICES,negative,False
f2K0mmkgRxylGh2jFbhsng,prices,,FOOD#PRICES,positive,False
N7QO4KNVOzYKyyizhKG4vg,prices,,FOOD#PRICES,negative,False
KH9O1_ibrfH3Ted7FKr6Jw,prices,,FOOD#PRICES,negative,False
0XcLDuhP0X-0xWss3JT8ag,prices,,FOOD#PRICES,positive,False
YvGP8BLTIEHgQ6NRDblENA,prices,,FOOD#PRICES,positive,False
OB9FBVQTN5GlHL3F9tAALA,prices,,FOOD#PRICES,positive,False
LJfFwF9iLPnculjovMU6FQ,prices,,FOOD#PRICES,negative,False
qSCCNv6JsHpQL8_uJoL9zQ,prices,,FOOD#PRICES,positive,False
pGWguqKpuVyGRl4VmSVqog,prices,,FOOD#PRICES,negative,False
SoYWh6Ps92GO3OBSI5u5Cg,prices,,FOOD#PRICES,positive,False
Vgf5v4VPDHe-XXdqDlKhnQ,prices,,FOOD#PRICES,positive,False
1fWh-u2danTIGgqWc4dC-A,prices,,FOOD#PRICES,negative,False
vYKa4veJpNQLZgNcsq_3dA,prices,,FOOD#PRICES,positive,False
FiBTxmPrJ1RDouZ38GDQqA,prices,,FOOD#PRICES,positive,False
p8nZV43cpAVnwoRLCcLmAw,prices,,FOOD#PRICES,positive,False
qbBF6ytQTNXOlx0JMQFwzA,prices,,FOOD#PRICES,positive,False
NlFFWrn7A_TrG8DLF_SfWg,prices,,FOOD#PRICES,negative,False
wl7uoCeGWFtNsA03zwK40Q,prices,,FOOD#PRICES,positive,False
2Wjq5_cwlkYQFxwxm-POxA,prices,,FOOD#PRICES,"positive, negative",False
DKSdzpU90aqfr1dFv29wCQ,prices,,FOOD#PRICES,positive,False
Qlga0zAS39p1k8t-aalB8w,prices,,FOOD#PRICES,positive,False
6T39wGjrDrQSwRso-oAk5Q,prices,,FOOD#PRICES,positive,False
5RRgyOx99KsN2_Bj4mV59w,prices,,FOOD#PRICES,negative,False
_S0_7CKLbq5mo1HACy4NOA,prices,,FOOD#PRICES,positive,False
C3Msq-y2OacmQigWQE1mRQ,prices,,FOOD#PRICES,negative,False
fMgfMUUH2e_eOK_DFRrlrw,prices,,FOOD#PRICES,negative,False
cWIVbtHF-b73rxjcaUB0cA,prices,,FOOD#PRICES,neutral,False
dGW0K1OMEf30HdrFREE3dQ,prices,,FOOD#PRICES,negative,False
oQ2wM3ibdAnCMBmhfwAi9A,prices,,FOOD#PRICES,positive,False
vCXmS2gLX93_ukrI2J9zlA,prices,,FOOD#PRICES,positive,False
TM1PkkUDSMpb0ijfePRmBQ,prices,,FOOD#PRICES,positive,False
jfMeI1d2AONLj5qRyrE1PQ,prices,,FOOD#PRICES,negative,False
HMKp7VRzUX1IBbg8-jhPlg,prices,,FOOD#PRICES,negative,False
ehSAa6UjQzChIY4Jyh7PFA,prices,,FOOD#PRICES,positive,False
qVU-orwdD0vY2njn3Mm-jw,prices,,FOOD#PRICES,positive,False
DKMm70EeF-f2W8YKp48rLg,prices,,FOOD#PRICES,negative,False
XvUsocLc6X6xbWDALcdrXw,prices,,FOOD#PRICES,negative,False
_mGSHxQ464BkgCJT84lOQQ,prices,,FOOD#PRICES,negative,False
m1DQNVfu6IqjANiP-W3d6g,prices,,FOOD#PRICES,negative,False
iRMFvUB67el1rp1uwaaJ8Q,prices,,FOOD#PRICES,negative,False
r7iPbxTraBWGVp57Qwya-w,prices,,FOOD#PRICES,positive,False
QeIn9B9gcO6-tQraHkaP-Q,prices,,FOOD#PRICES,negative,False
pnitSpvWhpscUxv303T6kw,prices,,FOOD#PRICES,positive,False
q7VX__unwVfLtlnkp9_P6Q,prices,,FOOD#PRICES,negative,False
H1jK1QrRdgofQcGOaJmlxQ,prices,,FOOD#PRICES,negative,False
6Uwhtks-8xOVfMOrH-C9hw,prices,,FOOD#PRICES,positive,False
z2tE5wRExViDWwA7c44OKw,prices,,FOOD#PRICES,negative,False
DPjwAUKDNFWNExkmlOw6qA,prices,,FOOD#PRICES,negative,False
JVgzkL7QlEJLOsfeNgGZnQ,prices,,FOOD#PRICES,positive,False
CLWWoalC6c0iN2-CJPvVgg,prices,,FOOD#PRICES,positive,False
nVC7bdUszEj4tqwy2YV4iQ,prices,,FOOD#PRICES,positive,False
JGEGfOjgpwYgE5WfnehLsA,prices,,FOOD#PRICES,negative,False
7fBw9u2hI0ik_MRuAkX1Yg,prices,,FOOD#PRICES,negative,False
ZdjOF1PFSD1_NS9QA1CS2w,prices,,FOOD#PRICES,negative,False
pxQ7GqSva-e-6SdBSzLwDA,prices,,FOOD#PRICES,negative,False
I8LLclE5UOlSOqXP65OPwQ,prices,,FOOD#PRICES,negative,False
qXYwlzXysEACSzA46feQGA,prices,,FOOD#PRICES,negative,False
cfPVFtLfYtjrf317IWNJCg,prices,,FOOD#PRICES,negative,False
boKBIfuNJI2dobR55WLe-w,prices,,FOOD#PRICES,negative,False
UNZs2ANeTQ_8eom0HASsKg,prices,,FOOD#PRICES,negative,False
eMqBvX7-QzDeDBLGNPODqw,prices,,FOOD#PRICES,positive,False
X7rsF70P7iQpNzUc_dRVow,prices,,FOOD#PRICES,positive,False
adGKWWhHQNwGnbLFkE6Jfg,prices,,FOOD#PRICES,positive,False
zyWcynpTTkXaM3bfyALlBg,prices,,FOOD#PRICES,negative,False
UDcUQUbUWhmyaNsMgVVNVA,prices,,FOOD#PRICES,positive,False
yygV2ktXH-FgTgwe6-vvCw,prices,,FOOD#PRICES,negative,False
5x6JIL3q0UR30foWSy0giw,prices,,FOOD#PRICES,negative,False
BS3Q67l2d2R1_o1MT9Gn5g,prices,,FOOD#PRICES,negative,False
RMAsTokezafvicMi_rlBuw,prices,,FOOD#PRICES,negative,False
nDqk-3muceg_aU9RnXrpVQ,prices,,FOOD#PRICES,negative,False
8X2la4iIscTTYAFUp7M9mA,prices,,FOOD#PRICES,negative,False
JK6n6OZ87qgvQUmj3-wcFg,prices,,FOOD#PRICES,negative,False
e1GYYiMDPv7LWtDZae7fuQ,prices,,FOOD#PRICES,negative,False
r7S1cnhAroikwaJQ1-_jJg,prices,,FOOD#PRICES,negative,False
8JGWrLHsxml0laUEuBiJSQ,prices,,FOOD#PRICES,positive,False
a3bXRRZWxMlrBzL3W7u4rQ,prices,,FOOD#PRICES,negative,False
12ybGv64jy83URMzpXB5hw,prices,,FOOD#PRICES,negative,False
mVXbKzvNiTj16Iak_CQk_w,prices,,FOOD#PRICES,negative,False
S-H-Ao17MEYH9cLpvevbnQ,prices,,FOOD#PRICES,positive,False
Ba87pTzadbskLUgT5tZYGA,prices,,FOOD#PRICES,negative,False
LH2a8f7CGYYOVGzXESRCMA,prices,,FOOD#PRICES,positive,False
iUOsrPFt7oLFT8kqGzN7RQ,prices,,FOOD#PRICES,negative,False
z7886BlNmDO_Egyq3fY_AA,prices,,FOOD#PRICES,positive,False
Xh65-2dKSki897nspdd_LA,prices,,FOOD#PRICES,positive,False
FbHTJfPbg5I_YPBQYooACQ,prices,,FOOD#PRICES,negative,False
PMekHp126TAwlR0Adh_XBw,prices,,FOOD#PRICES,negative,False
6zHmtQPQO8I9Fll1W8dPpg,prices,,FOOD#PRICES,negative,False
_zhRVwK1_iP896IBhiqULg,prices,,FOOD#PRICES,positive,False
ly__Ip5iGGzr2OK8Gk-P-w,prices,,FOOD#PRICES,negative,False
Do0M3vXCC78O75ZPheQ8YQ,prices,,FOOD#PRICES,negative,False
EiJAWh4RA4Y63vd-I-rpaQ,prices,,FOOD#PRICES,positive,False
PF8gg-0c6QEc4zYi8zU5lg,prices,,FOOD#PRICES,positive,False
mZsloODjugTSbaKTcCe5lg,prices,,FOOD#PRICES,negative,False
QbM-NTJff1N7RSqof652ug,prices,,FOOD#PRICES,positive,False
J13w1xa43Ym6Tr-97hrSgw,prices,,FOOD#PRICES,negative,False
L9asV6W4T75CD2lwZdQBaQ,prices,,FOOD#PRICES,negative,False
k5foen6qbRssONseGEc0aw,prices,,FOOD#PRICES,positive,False
jnbtIsEl4kq2k6UW2tyg4A,prices,,FOOD#PRICES,negative,False
Gbfsz69jqDWoMd9sAyvclw,prices,,FOOD#PRICES,positive,False
_w6QVJv16fFPovPdqBvadA,prices,,FOOD#PRICES,positive,False
wWD0cnmUjqFUfs6BEiDwXg,prices,,FOOD#PRICES,positive,False
ctNcYZKvB2nZzVTYGRCIAw,prices,,FOOD#PRICES,positive,False
RHhObbK3y-e1FBKgBkFJOg,prices,,FOOD#PRICES,negative,False
WXRlzD3j0jD5aPDZJ7H1Ow,prices,,FOOD#PRICES,positive,False
S1ocjePToHEw2VbTBHH71Q,location,,LOCATION#GENERAL,positive,False
un8ttFRy6XqJGxGxjYfxxQ,location,,LOCATION#GENERAL,positive,False
1C255cHg0dsl71xoFughkA,location,,LOCATION#GENERAL,positive,False
3eRIYY2jMy-LwDmKjhue_w,location,,LOCATION#GENERAL,positive,False
tbLx0sZ8sLtOSsl6y7eETA,location,,LOCATION#GENERAL,positive,False
ERTejHvTN99rza1kDmHA3g,location,,LOCATION#GENERAL,negative,False
F99EHFlmHnt3U6wSdM2KoA,location,,LOCATION#GENERAL,positive,False
zvSCU6NlZ9vbt-GowXq7HQ,location,,LOCATION#GENERAL,negative,False
oH0VZQ1v-mk9Bri81quvPA,location,,LOCATION#GENERAL,positive,False
ROxBxYZETOczYFkls4Ul_Q,location,,LOCATION#GENERAL,negative,False
4EnJDFDleSNDxzXIT8IYUw,location,,LOCATION#GENERAL,positive,False
vdtWa5Ym9ImeMMOHwnIfrw,location,,LOCATION#GENERAL,positive,False
xt4EJrfsTc34uUhjACaSjQ,location,,LOCATION#GENERAL,positive,False
Jm5zNjzGlmHcQaQGTlYRog,location,,LOCATION#GENERAL,positive,False
GVEAispVyfwkjyuOkmBLvA,location,,LOCATION#GENERAL,negative,False
VpO2y8sEzcUECZ2GA3Of1A,location,,LOCATION#GENERAL,negative,False
EU8WdSUTSSkyCOITxZxpng,location,,LOCATION#GENERAL,positive,False
GNREgOUkqcrAeX-vNRqYNg,location,,LOCATION#GENERAL,negative,False
YvGP8BLTIEHgQ6NRDblENA,location,,LOCATION#GENERAL,positive,False
FyhYAlL1BzP-LQAIGJjSFw,location,,LOCATION#GENERAL,positive,False
0JsANzFPOn5Girp2jqr5Kg,location,,LOCATION#GENERAL,negative,False
zvoD7wAWnDPEuoX2VExqKA,location,,LOCATION#GENERAL,neutral,False
v-ZAxtbd6combJRkP_R7yg,location,,LOCATION#GENERAL,positive,False
YbMyvlDA2W3Py5lTz8VK-A,location,,LOCATION#GENERAL,positive,False
zLZhO9tn2eQhhkJYlx0jmg,location,,LOCATION#GENERAL,positive,False
_18vRkLmdqVuAwjI__mDaA,location,,LOCATION#GENERAL,positive,False
aPbv7bXQ_dlaQ2PD8vRutw,location,,LOCATION#GENERAL,positive,False
Pt8QpgaoQLztl8jf7XzWZg,location,,LOCATION#GENERAL,positive,False
639vTktJXYz4RQsokG8n2Q,location,,LOCATION#GENERAL,positive,False
P_NZRZPHP3k-HnYacdUtwQ,location,,LOCATION#GENERAL,negative,False
uZn77qojiUo0-1Nrc9spUA,location,,LOCATION#GENERAL,negative,False
OrBVcwr3CsCruZPPwJPc2w,location,,LOCATION#GENERAL,negative,False
5RRgyOx99KsN2_Bj4mV59w,location,,LOCATION#GENERAL,positive,False
yqJv_8CoXNb-NpaEiTY4yw,location,,LOCATION#GENERAL,positive,False
M5unN9Y4QKjgiKM5ty0ebw,location,,LOCATION#GENERAL,negative,False
3l2LLRhZr861RZQui-G3sA,location,,LOCATION#GENERAL,negative,False
WGYS4K1IKMgHTVejpe27hg,location,,LOCATION#GENERAL,positive,False
cINASoUyZbUcmat0TloJag,location,,LOCATION#GENERAL,positive,False
b1qcnKFc-T0GfQpR-9KzOw,location,,LOCATION#GENERAL,positive,False
8bZmzYSB_nRPepV5xZtOfg,location,,LOCATION#GENERAL,positive,False
sKdPo0Je5C_pVaCUknnMFg,location,,LOCATION#GENERAL,positive,False
QeIn9B9gcO6-tQraHkaP-Q,location,,LOCATION#GENERAL,negative,False
E8yWbfyadrnssLFlWra-0w,location,,LOCATION#GENERAL,positive,False
n6mlkFkOruNijR1ylR94GQ,location,,LOCATION#GENERAL,positive,False
CLWWoalC6c0iN2-CJPvVgg,location,,LOCATION#GENERAL,neutral,False
okeGytOqkGVVBvAD03dDJQ,location,,LOCATION#GENERAL,negative,False
r0K3LE3H32LqhlLHFdnBxQ,location,,LOCATION#GENERAL,negative,False
ex-jmc2tN3g5a7qqOOKt-A,location,,LOCATION#GENERAL,negative,False
MDd6ndWo-NKn4sMy6UvgnQ,location,,LOCATION#GENERAL,negative,False
t7axwatX4GDNj4rcadIWcQ,location,,LOCATION#GENERAL,negative,False
wn6ylp4IcoCt-yib8ut4SQ,location,,LOCATION#GENERAL,negative,False
JV4njJC0FkDxuRrnljAtUA,location,,LOCATION#GENERAL,negative,False
f6R9DJ8XKXAJdjCSUZcxZQ,location,,LOCATION#GENERAL,negative,False
JK6n6OZ87qgvQUmj3-wcFg,location,,LOCATION#GENERAL,positive,False
cKqTlDvQilciuxnRS7oZnA,location,,LOCATION#GENERAL,positive,False
LFjBP5cFaeVo1bBMlpYaeA,location,,LOCATION#GENERAL,negative,False
2KM-ydGmxv390euz-9t4kg,location,,LOCATION#GENERAL,positive,False
vM1VNPHewyK69nqXEuN6Jw,location,,LOCATION#GENERAL,positive,False
S6pQZQocMB1WHMjTRbt77A,location,,LOCATION#GENERAL,positive,False
rmZ5K6fIJXmN_XmrsgBidw,location,,LOCATION#GENERAL,positive,False
g0BbsNIPy6Et3xLjl0YHPQ,location,,LOCATION#GENERAL,positive,False
PMekHp126TAwlR0Adh_XBw,location,,LOCATION#GENERAL,positive,False
_zhRVwK1_iP896IBhiqULg,location,,LOCATION#GENERAL,negative,False
OUIz0_ZsGSRbwegcCcNnvw,location,,LOCATION#GENERAL,positive,False
sx0ZIptpxgO4tVkONTCD1A,location,,LOCATION#GENERAL,negative,False
1nysAxJbaE5pfiOrT7fgpQ,location,,LOCATION#GENERAL,positive,False
hi4khsXhk3GgSuDjVSRrbA,location,,LOCATION#GENERAL,positive,False
v9e5CP88B5n9aH2X_vbuLw,location,,LOCATION#GENERAL,positive,False
WXku760ztc0Ls0wJ5QswCA,location,,LOCATION#GENERAL,positive,False
QpP7bUiahAE3PXEXiydW1A,location,,LOCATION#GENERAL,positive,False
tkP_mgWfNiSDn3N9OikjfQ,location,,LOCATION#GENERAL,positive,False
tKxhiCdNrfvLEd1LDELiPA,location,,LOCATION#GENERAL,negative,False
zajO392fdoj7I8R5mfi2ig,location,,LOCATION#GENERAL,positive,False
S1ocjePToHEw2VbTBHH71Q,general,,RESTAURANT#GENERAL,neutral,False
tUnVMrUwzxU0VXMBmLSGWg,general,,RESTAURANT#GENERAL,negative,False
YM47FT1FlrhTqBPUI4_KvQ,general,,RESTAURANT#GENERAL,positive,False
J0rheEklgHxGxwhdLMpb6Q,general,,RESTAURANT#GENERAL,negative,False
Rcl9V-coF-aydOKfsF96EA,general,,RESTAURANT#GENERAL,negative,False
c-dUoJqvD1Y2mKND-OhDzA,general,,RESTAURANT#GENERAL,negative,False
Pv33hzmaYTzn-cUpjwFTjA,general,,RESTAURANT#GENERAL,neutral,False
m3B0pnUNP2yumjicSXodnw,general,,RESTAURANT#GENERAL,positive,False
9F1q7618Fmf2QFGo_sPbrg,general,,RESTAURANT#GENERAL,positive,False
TRtzUEDSW4P07ElNTCK5lw,general,,RESTAURANT#GENERAL,positive,False
xNwDDFanM_lcGwsDoSShRQ,general,,RESTAURANT#GENERAL,positive,False
ZFYaWplFSjk0FfCofZz-Yg,general,,RESTAURANT#GENERAL,negative,False
qS7BFEqhbnd27HV_eDcurg,general,,RESTAURANT#GENERAL,positive,False
F5teuZDjKfq2Dr0II6Db_g,general,,RESTAURANT#GENERAL,negative,False
9YXzd7f_RtPXyv354W9Q7w,general,,RESTAURANT#GENERAL,negative,False
goS6BPv_0nDhy89HJ14XkA,general,,RESTAURANT#GENERAL,neutral,False
WM8hDQi5x5I-gpeUg_GG-g,general,,RESTAURANT#GENERAL,positive,False
MBrXrHhRAbM__74YsiQBxw,general,,RESTAURANT#GENERAL,positive,False
tLIBML_k6DXA3H9PEjj7HA,general,,RESTAURANT#GENERAL,negative,False
AzK0yfSVQ0tPQWJevNOyiw,general,,RESTAURANT#GENERAL,negative,False
zQ3kBDE1LVcavOojztYZOA,general,,RESTAURANT#GENERAL,positive,False
t-VxzwrFJtm13GGcBO-2bw,general,,RESTAURANT#GENERAL,positive,False
GbMcGLNuFFAEx38nUkxkgQ,general,,RESTAURANT#GENERAL,positive,False
E7igMHkfseLnRS7118KERw,general,,RESTAURANT#GENERAL,positive,False
7RGcPXsoYgXWt7n1TKWNdA,general,,RESTAURANT#GENERAL,positive,False
ItdTEzYEXp5ZUGIOAV4rZg,general,,RESTAURANT#GENERAL,neutral,False
_h6NvONt5vGBrEMqEZQcnQ,general,,RESTAURANT#GENERAL,positive,False
oBTsbtqTwrjP_yCMpmD-Ww,general,,RESTAURANT#GENERAL,negative,False
tbLx0sZ8sLtOSsl6y7eETA,general,,RESTAURANT#GENERAL,negative,False
2D5DtWKHbN2ghLvxQmG-1w,general,,RESTAURANT#GENERAL,positive,False
ZwfIQvFSAHgeVFjghAMO_A,general,,RESTAURANT#GENERAL,positive,False
OXiYENXL835wlj9vZ2KN1Q,general,,RESTAURANT#GENERAL,positive,False
FbYShDGBTQb2tTEHHAtG9g,general,,RESTAURANT#GENERAL,neutral,False
LF6id28EwPloQoIySIT5aw,general,,RESTAURANT#GENERAL,negative,False
c_Iy6yFpJzQqCsYb5IX-rw,general,,RESTAURANT#GENERAL,positive,False
3lwAyxwk0zxKI8JkINtXXQ,general,,RESTAURANT#GENERAL,positive,False
_i0Ofi9owHHxypgetGRL4g,general,,RESTAURANT#GENERAL,positive,False
oPes27qEd4prveltgBtxJg,general,,RESTAURANT#GENERAL,positive,False
jTm_vNAYnlmE5eWNUPbEYg,general,,RESTAURANT#GENERAL,positive,False
MBq7Sz8-ETH_cgpFpquO8w,general,,RESTAURANT#GENERAL,negative,False
HcTEtuUhgJ6R-ASWTHxgWg,general,,RESTAURANT#GENERAL,positive,False
BliwMeEGWCN34_Wg9vsyEA,general,,RESTAURANT#GENERAL,positive,False
WzUTZT2T9sksgsJqbjJypA,general,,RESTAURANT#GENERAL,positive,False
FCPtJw25EBC8lP16KbB4vw,general,,RESTAURANT#GENERAL,positive,False
nWmaktIuBdAJvVDwDdUOEQ,general,,RESTAURANT#GENERAL,negative,False
JpGfQxcoEq9CF7lq4ktawg,general,,RESTAURANT#GENERAL,negative,False
P-HWARFHkyHeeSc5cK5W_Q,general,,RESTAURANT#GENERAL,"negative, positive",False
Yk1rX9s9_Hc2pLW4VtwM-Q,general,,RESTAURANT#GENERAL,negative,False
U-3oj_EQVJiIVFiAZBA8ZA,general,,RESTAURANT#GENERAL,neutral,False
t_6K8YBwfVyqjnAt4YBkcQ,general,,RESTAURANT#GENERAL,negative,False
Epqq93V48NgS_7lWAwzubw,general,,RESTAURANT#GENERAL,negative,False
rRypyR30ErdKInuStnymRg,general,,RESTAURANT#GENERAL,positive,False
cjKlwEl2pqLN4nJvl7wUSA,general,,RESTAURANT#GENERAL,positive,False
dn5WKtuGBxoWmVlT9KMjBA,general,,RESTAURANT#GENERAL,positive,False
F99EHFlmHnt3U6wSdM2KoA,general,,RESTAURANT#GENERAL,negative,False
zvSCU6NlZ9vbt-GowXq7HQ,general,,RESTAURANT#GENERAL,positive,False
RnwgT0y0hgennVJIFDqguQ,general,,RESTAURANT#GENERAL,positive,False
BtZPrk3q8t0ZZ8nDSwJdlg,general,,RESTAURANT#GENERAL,negative,False
r8Wxogmo8RSDuTEteAAx-w,general,,RESTAURANT#GENERAL,positive,False
7NDSCcDLxNpdZdS6pHwgTA,general,,RESTAURANT#GENERAL,positive,False
TYslH-CAecjJxLNs96KduA,general,,RESTAURANT#GENERAL,positive,False
HX_02aNBcVJctMkSUzZV3A,general,,RESTAURANT#GENERAL,negative,False
I64eVtoBWV47Tnhv09gAsA,general,,RESTAURANT#GENERAL,positive,False
2hC9p6EPJTPyKepJhHLhOw,general,,RESTAURANT#GENERAL,positive,False
G4twDEDGszYFRfZvciBsGQ,general,,RESTAURANT#GENERAL,positive,False
Drng9Z_nRSWlGQUfX9IJPg,general,,RESTAURANT#GENERAL,positive,False
oH0VZQ1v-mk9Bri81quvPA,general,,RESTAURANT#GENERAL,positive,False
b8-_q_gr-5zplgCwNhvSNw,general,,RESTAURANT#GENERAL,negative,False
24wRCl4rswWprHQNozTzyA,general,,RESTAURANT#GENERAL,negative,False
WzDqTwt_akGnPU6xLIg_-A,general,,RESTAURANT#GENERAL,negative,False
KUgjVQp2mGUOmDyA95FzZA,general,,RESTAURANT#GENERAL,negative,False
ZCQrcS9zg8ZKB7gE7gq5zg,general,,RESTAURANT#GENERAL,positive,False
KWyf1YEErmD6Dtt5K5QWnA,general,,RESTAURANT#GENERAL,positive,False
I9hhK-tbVXUYQXyC_ycaTw,general,,RESTAURANT#GENERAL,positive,False
WT8NHJHnGdg5Jq9DU5VYzw,general,,RESTAURANT#GENERAL,positive,False
qTDwtZQDg-TzrFbPtntxJw,general,,RESTAURANT#GENERAL,positive,False
4EnJDFDleSNDxzXIT8IYUw,general,,RESTAURANT#GENERAL,positive,False
hFCpyJD7WANssrIMdnPqRQ,general,,RESTAURANT#GENERAL,positive,False
iTa3E-VkS9sRdJsKj96PRQ,general,,RESTAURANT#GENERAL,negative,False
9AExQBOV-2yCou4TcvHpDA,general,,RESTAURANT#GENERAL,negative,False
pml2HKaEQKcFwejlBS2WiQ,general,,RESTAURANT#GENERAL,negative,False
QpAd8_6T1SbrLKRMHVOhUg,general,,RESTAURANT#GENERAL,positive,False
Avf10pTql_GsSZ122iP3AA,general,,RESTAURANT#GENERAL,positive,False
hCSL860vy9K7e4Qu9Mon7Q,general,,RESTAURANT#GENERAL,positive,False
fsykmHzKuQWhn4jibu_nCQ,general,,RESTAURANT#GENERAL,negative,False
EWu4JyMnNr247ePRkOaEkQ,general,,RESTAURANT#GENERAL,positive,False
GtkNOuCYl66VMWmOmqYlYw,general,,RESTAURANT#GENERAL,negative,False
GJyvMqGIj34vweJYsn3uhw,general,,RESTAURANT#GENERAL,positive,False
cbcnrGl_ovi1egXLGRUS7A,general,,RESTAURANT#GENERAL,positive,False
b_IVmXYnwkCDnFAbrmUGHw,general,,RESTAURANT#GENERAL,negative,False
dA1LSJkJXf2zOGidFg_UBg,general,,RESTAURANT#GENERAL,positive,False
FMFZoES5LfumuwhsZbIDlQ,general,,RESTAURANT#GENERAL,positive,False
cCVSPKPlYLN0azETtQHzrg,general,,RESTAURANT#GENERAL,positive,False
YONIMR09r7NhlpP8z1OfWg,general,,RESTAURANT#GENERAL,negative,False
f63URRJ9DCs2ymfRfXhcvw,general,,RESTAURANT#GENERAL,negative,False
dByIA46uW9B7Z5vGTvAPig,general,,RESTAURANT#GENERAL,negative,False
SRF_nqNqo_-n--mPi4xk1Q,general,,RESTAURANT#GENERAL,negative,False
hEI3B7W1kPkHNrT4bIO9ww,general,,RESTAURANT#GENERAL,negative,False
PPgbLBvi34A6m7bKJfTwhw,general,,RESTAURANT#GENERAL,negative,False
VpO2y8sEzcUECZ2GA3Of1A,general,,RESTAURANT#GENERAL,positive,False
Q8Vz3ELyBKwFwelkSws75g,general,,RESTAURANT#GENERAL,positive,False
kXkoBcxhLJ058tTeBbUz6g,general,,RESTAURANT#GENERAL,negative,False
WwdgjZvARA-p7IU4I4Iqbw,general,,RESTAURANT#GENERAL,positive,False
V0AVbSPBmpaDEn10CwSigQ,general,,RESTAURANT#GENERAL,negative,False
quiZPC8t-iZs1uiMA1ovEQ,general,,RESTAURANT#GENERAL,positive,False
F6TZRirbqYmzmHcvorR5-Q,general,,RESTAURANT#GENERAL,negative,False
K2LXvZrJUHkOHTTTVv-ECQ,general,,RESTAURANT#GENERAL,positive,False
W_PIVM-gVnd1QNUcWvz06w,general,,RESTAURANT#GENERAL,neutral,False
i-aMU53oKzRkspInjLrguQ,general,,RESTAURANT#GENERAL,neutral,False
rGXMJulixaOGNEZaFzOB6w,general,,RESTAURANT#GENERAL,positive,False
vq6z2WRhYGLXtCeeIsG83g,general,,RESTAURANT#GENERAL,negative,False
9IG9eB3K-RdIonPBuZ0psw,general,,RESTAURANT#GENERAL,positive,False
MbY_8Mv4GwpPuOpMK4GHSA,general,,RESTAURANT#GENERAL,negative,False
GG2-VZIt_fLqFd8V4n_1Ew,general,,RESTAURANT#GENERAL,neutral,False
N7QO4KNVOzYKyyizhKG4vg,general,,RESTAURANT#GENERAL,negative,False
KH9O1_ibrfH3Ted7FKr6Jw,general,,RESTAURANT#GENERAL,positive,False
z49KLFmNFVpfpQTLm6iU5Q,general,,RESTAURANT#GENERAL,positive,False
gx92zfKLC767cNBzw6D0-w,general,,RESTAURANT#GENERAL,positive,False
lEI3U6SZxAAzWI0JPe9Lhg,general,,RESTAURANT#GENERAL,negative,False
LJfFwF9iLPnculjovMU6FQ,general,,RESTAURANT#GENERAL,positive,False
FyhYAlL1BzP-LQAIGJjSFw,general,,RESTAURANT#GENERAL,neutral,False
DOeEDBfsrNph0ktNkYYFnQ,general,,RESTAURANT#GENERAL,positive,False
Jsb8cMAhM2IRa3QrCZuK7w,general,,RESTAURANT#GENERAL,neutral,False
T4RBB13p0TcW9Ewgbr9tFw,general,,RESTAURANT#GENERAL,positive,False
OMiCeDGT6qgzIbSdgtzwxQ,general,,RESTAURANT#GENERAL,negative,False
0JsANzFPOn5Girp2jqr5Kg,general,,RESTAURANT#GENERAL,neutral,False
qSCCNv6JsHpQL8_uJoL9zQ,general,,RESTAURANT#GENERAL,positive,False
iWcI1EsQYiJip4AUNmrOJA,general,,RESTAURANT#GENERAL,positive,False
zvoD7wAWnDPEuoX2VExqKA,general,,RESTAURANT#GENERAL,negative,False
aCQlXITs1n3miHdaNz7VNQ,general,,RESTAURANT#GENERAL,negative,False
pLffaOqWKZ0nmkNQWz3-rQ,general,,RESTAURANT#GENERAL,positive,False
mBwlViDWTwsWLEsQzdOnnA,general,,RESTAURANT#GENERAL,negative,False
mhXnmcYcmNHWfpzFs7X38w,general,,RESTAURANT#GENERAL,positive,False
9JiECNgOrmjN-wLBn8-5pw,general,,RESTAURANT#GENERAL,positive,False
Vgf5v4VPDHe-XXdqDlKhnQ,general,,RESTAURANT#GENERAL,positive,False
vwRiVcPC97IByHuoNxsmAQ,general,,RESTAURANT#GENERAL,negative,False
fJEh5S8078RMX3Z6wCIeXw,general,,RESTAURANT#GENERAL,negative,False
U1BRYyASugNxx5pYZrAfZA,general,,RESTAURANT#GENERAL,positive,False
I6wWdesofRaarzYwCtF2Tg,general,,RESTAURANT#GENERAL,positive,False
DBiqVd-kDH-cF9n4GkC8Qg,general,,RESTAURANT#GENERAL,negative,False
oUrKJzj_qZybqqPatE9q1A,general,,RESTAURANT#GENERAL,negative,False
FiBTxmPrJ1RDouZ38GDQqA,general,,RESTAURANT#GENERAL,positive,False
JE1B7pcraucwiLDkrETIUA,general,,RESTAURANT#GENERAL,positive,False
51JP2_ZDsoZ-y3JlJSGHnQ,general,,RESTAURANT#GENERAL,negative,False
KsiKb3qtqMYdE7ossXKsdQ,general,,RESTAURANT#GENERAL,positive,False
LmNnpLYCwRqGSvGXfXljxg,general,,RESTAURANT#GENERAL,negative,False
OklyV0LjXni_Wsa-ChkAwA,general,,RESTAURANT#GENERAL,positive,False
p8nZV43cpAVnwoRLCcLmAw,general,,RESTAURANT#GENERAL,positive,False
gTBmyv_0E8LaCujbzP_oOw,general,,RESTAURANT#GENERAL,positive,False
-xi5fBwlqxBY1B2a1ZsE7A,general,,RESTAURANT#GENERAL,negative,False
nbFqFRJ165_HP0FV-KLGpQ,general,,RESTAURANT#GENERAL,negative,False
HoHgGhVnCz9suTkoNldHMg,general,,RESTAURANT#GENERAL,negative,False
uDqEGGx9AZp2w3Hju5mQ_Q,general,,RESTAURANT#GENERAL,positive,False
egeersiBSKDB6c_x1KeMeA,general,,RESTAURANT#GENERAL,positive,False
639vTktJXYz4RQsokG8n2Q,general,,RESTAURANT#GENERAL,positive,False
DAbb8KQydrwTe7wSgf9Hbg,general,,RESTAURANT#GENERAL,positive,False
VxDw6KWHrK99yQ3l553Lsw,general,,RESTAURANT#GENERAL,positive,False
0FzzYApBIlw58v0cnlwIpA,general,,RESTAURANT#GENERAL,positive,False
huLfiw2bImtevbLgUEO2Bg,general,,RESTAURANT#GENERAL,neutral,False
BXQcBN0iAi1lAUxibGLFzA,general,,RESTAURANT#GENERAL,positive,False
e9ud_GdX_jSjSApl7zmoWw,general,,RESTAURANT#GENERAL,positive,False
hhN45ngR3Sk9aTSpfX-y5Q,general,,RESTAURANT#GENERAL,positive,False
yzAC50YF40m_Z3xLTCZtNw,general,,RESTAURANT#GENERAL,positive,False
_8HS9Y8YeCbT_Tqb302Obw,general,,RESTAURANT#GENERAL,neutral,False
z7i6dzUcJ5VcdOYR1IVHzA,general,,RESTAURANT#GENERAL,positive,False
BZi-1yBaflNIl11IrBIa9A,general,,RESTAURANT#GENERAL,negative,False
wl7uoCeGWFtNsA03zwK40Q,general,,RESTAURANT#GENERAL,positive,False
uL7aKc4NBHKT7MRZezeccA,general,,RESTAURANT#GENERAL,negative,False
50P3DXJI2XZHzPMB_8epMA,general,,RESTAURANT#GENERAL,positive,False
6sDS0ppawBJXETbmDk_7tQ,general,,RESTAURANT#GENERAL,negative,False
b42SD7bOhgDY6QZGdq29ZQ,general,,RESTAURANT#GENERAL,positive,False
_sxeiVGkwB7QRcQXb1nv8g,general,,RESTAURANT#GENERAL,"positive, negative",False
JWzhHnAjFydyG5R6xcqfcw,general,,RESTAURANT#GENERAL,negative,False
tqRor_STA8vWCSKOA7EfVQ,general,,RESTAURANT#GENERAL,negative,False
DKSdzpU90aqfr1dFv29wCQ,general,,RESTAURANT#GENERAL,positive,False
xlNMcilP5F6Agymc2TwgRg,general,,RESTAURANT#GENERAL,positive,False
66KUpAcnKRA3BB_BNSgjpw,general,,RESTAURANT#GENERAL,positive,False
oVvOc2K-1lNBoW8kwI0MPQ,general,,RESTAURANT#GENERAL,positive,False
7srM9878vf2MRIu2GIlv7A,general,,RESTAURANT#GENERAL,positive,False
U2U2bx-wqN9GGR-qqnoLcQ,general,,RESTAURANT#GENERAL,positive,False
6T39wGjrDrQSwRso-oAk5Q,general,,RESTAURANT#GENERAL,positive,False
8x4WVgu2t2MD48_ftQXrLw,general,,RESTAURANT#GENERAL,positive,False
liWnObQxCckRGAyFbaI7oQ,general,,RESTAURANT#GENERAL,negative,False
cLZYOOYH_fnIMp7VJzKm3A,general,,RESTAURANT#GENERAL,positive,False
fMgfMUUH2e_eOK_DFRrlrw,general,,RESTAURANT#GENERAL,negative,False
hB-MuoQS5CekTvy71Z1mAQ,general,,RESTAURANT#GENERAL,positive,False
I1rcoz7_p4z2hXjpno5RHw,general,,RESTAURANT#GENERAL,positive,False
0d6zYBqT5TFKxBGetwDHFA,general,,RESTAURANT#GENERAL,positive,False
A497ZSdY_rzhvi5UvzyXgQ,general,,RESTAURANT#GENERAL,negative,False
PXHNKUDzIQO_0kjuCvx3Lw,general,,RESTAURANT#GENERAL,positive,False
DWbmJF84jRrGaJRmlSSnYQ,general,,RESTAURANT#GENERAL,positive,False
MBELEXco6QI0D2KrEz_yJQ,general,,RESTAURANT#GENERAL,negative,False
M5unN9Y4QKjgiKM5ty0ebw,general,,RESTAURANT#GENERAL,negative,False
0jK_XF0mWBOnnTL55UO1nA,general,,RESTAURANT#GENERAL,positive,False
dLKW8qHvywI7yud2BaXx5g,general,,RESTAURANT#GENERAL,positive,False
gVyOccpgIOuaBuRhfQtKzw,general,,RESTAURANT#GENERAL,positive,False
dGW0K1OMEf30HdrFREE3dQ,general,,RESTAURANT#GENERAL,negative,False
pASf53j-2Fc4MWcx2uLibA,general,,RESTAURANT#GENERAL,neutral,False
KEd1hpSzOXsudyY6p_n8vw,general,,RESTAURANT#GENERAL,"neutral, negative",False
EybCX3U3K20euM7oT_-ZZA,general,,RESTAURANT#GENERAL,positive,False
vCXmS2gLX93_ukrI2J9zlA,general,,RESTAURANT#GENERAL,positive,False
R_A16STMTt2oZGmpH0R0lA,general,,RESTAURANT#GENERAL,neutral,False
SIMrSEHYPNC-uTd11Itf-Q,general,,RESTAURANT#GENERAL,positive,False
TM1PkkUDSMpb0ijfePRmBQ,general,,RESTAURANT#GENERAL,positive,False
vk3dm7QF8N46JQ9wd5UWTg,general,,RESTAURANT#GENERAL,negative,False
V8dVnEHMdDNxCX6yFFam2Q,general,,RESTAURANT#GENERAL,positive,False
mbcEuLja0PwdODatSx50dg,general,,RESTAURANT#GENERAL,positive,False
UWe8KXRmzNGUp3fKsFxuoQ,general,,RESTAURANT#GENERAL,positive,False
HMKp7VRzUX1IBbg8-jhPlg,general,,RESTAURANT#GENERAL,negative,False
g8AqWdSETIL6jqpfKg-ppg,general,,RESTAURANT#GENERAL,positive,False
JBwzK15fZqbRoqPtcfI1vw,general,,RESTAURANT#GENERAL,negative,False
eDE-1bu3v-sumc0RHsLbiw,general,,RESTAURANT#GENERAL,negative,False
LW2Mj6oioboP8CVMkcMVow,general,,RESTAURANT#GENERAL,positive,False
bdRtaCM9ic1i6rLhxKLGxA,general,,RESTAURANT#GENERAL,negative,False
6zMiROh1Ah0kpX_6LVWnJA,general,,RESTAURANT#GENERAL,negative,False
BsqZBL9_KXv-9HFvamDYBg,general,,RESTAURANT#GENERAL,negative,False
iRMFvUB67el1rp1uwaaJ8Q,general,,RESTAURANT#GENERAL,negative,False
hll3PKZbMbu2W7uFbF8ezQ,general,,RESTAURANT#GENERAL,positive,False
v6VFMJjeIok0Pj_5h3KWEw,general,,RESTAURANT#GENERAL,positive,False
FqEB0pqqlJ4o8XlmjG1UZg,general,,RESTAURANT#GENERAL,positive,False
d1RzymGrO5mJ4Hh4aLzBqA,general,,RESTAURANT#GENERAL,positive,False
-6zWMUeDjZur9I4CBY3BbA,general,,RESTAURANT#GENERAL,positive,False
NSP2tmI4KerXB1FfiImfMw,general,,RESTAURANT#GENERAL,positive,False
XWs3JW2wboGq_aIUk81Pzw,general,,RESTAURANT#GENERAL,positive,False
mq5TYgyTE2B0-Uql2BvHKQ,general,,RESTAURANT#GENERAL,positive,False
8qOaEH5Z6ybt7aVB8Liejw,general,,RESTAURANT#GENERAL,positive,False
r7iPbxTraBWGVp57Qwya-w,general,,RESTAURANT#GENERAL,"positive, negative",False
QeIn9B9gcO6-tQraHkaP-Q,general,,RESTAURANT#GENERAL,negative,False
Fqf68S84OrseV_TdJIy9ow,general,,RESTAURANT#GENERAL,negative,False
Jh8zoiKX8prVpzFqBWxxnA,general,,RESTAURANT#GENERAL,negative,False
Ak94oMI25qcaCDwfzPpANg,general,,RESTAURANT#GENERAL,positive,False
pnitSpvWhpscUxv303T6kw,general,,RESTAURANT#GENERAL,positive,False
fMo5paIr56SVwrdBb-JMtQ,general,,RESTAURANT#GENERAL,positive,False
oWTXgG0ANgdQ9mjhqeab5g,general,,RESTAURANT#GENERAL,positive,False
kunaTSstZVXHOcA7FX0acQ,general,,RESTAURANT#GENERAL,negative,False
Lo7KGDnkd_50D7mSBhizaw,general,,RESTAURANT#GENERAL,negative,False
q7VX__unwVfLtlnkp9_P6Q,general,,RESTAURANT#GENERAL,negative,False
zU0QY78bNL3etZa_yDU5bg,general,,RESTAURANT#GENERAL,negative,False
H1jK1QrRdgofQcGOaJmlxQ,general,,RESTAURANT#GENERAL,negative,False
ubKub-zRK7lLYtbvt1rBUQ,general,,RESTAURANT#GENERAL,negative,False
5wTSHY2LiDFRi9znKAatQQ,general,,RESTAURANT#GENERAL,positive,False
6Uwhtks-8xOVfMOrH-C9hw,general,,RESTAURANT#GENERAL,positive,False
c6eoMSSx3nI_Dr19cIvXXA,general,,RESTAURANT#GENERAL,positive,False
-DjIfoNFAiT5J4kF9hXocQ,general,,RESTAURANT#GENERAL,positive,False
n6mlkFkOruNijR1ylR94GQ,general,,RESTAURANT#GENERAL,positive,False
l6ZRiy-HcBRebdJhivoafQ,general,,RESTAURANT#GENERAL,positive,False
VmBAAgECOLCpERxAQPG5-A,general,,RESTAURANT#GENERAL,positive,False
nm7K01NxcCt1RrDTfARzDA,general,,RESTAURANT#GENERAL,positive,False
AqPFMleE6RsU23_auESxiA,general,,RESTAURANT#GENERAL,positive,False
f1YyT-LN1-bFtXcIOpILPQ,general,,RESTAURANT#GENERAL,positive,False
DPjwAUKDNFWNExkmlOw6qA,general,,RESTAURANT#GENERAL,negative,False
WNUMiymm2_ruYwvDwPddmg,general,,RESTAURANT#GENERAL,positive,False
aAmZXdTpogQHvTDai8lRLA,general,,RESTAURANT#GENERAL,positive,False
7IREnRZPKtKlPYxovXvtnA,general,,RESTAURANT#GENERAL,positive,False
sw7SDpLFKoFXhJc87geY8A,general,,RESTAURANT#GENERAL,negative,False
uH2nfyVmTNPMac4oAvrRsA,general,,RESTAURANT#GENERAL,positive,False
Gwzds30CAS5hRQ5KwoDIyQ,general,,RESTAURANT#GENERAL,negative,False
JVgzkL7QlEJLOsfeNgGZnQ,general,,RESTAURANT#GENERAL,negative,False
mP_WKvaBS2hzhqQd5AOP-Q,general,,RESTAURANT#GENERAL,positive,False
dec7nUxUVN2TfoVDGCarzw,general,,RESTAURANT#GENERAL,negative,False
Xwwb5w5Ox0f6JquGsYlJGA,general,,RESTAURANT#GENERAL,positive,False
RMho6HMpdec1YgIypwWQrQ,general,,RESTAURANT#GENERAL,positive,False
okeGytOqkGVVBvAD03dDJQ,general,,RESTAURANT#GENERAL,positive,False
nVC7bdUszEj4tqwy2YV4iQ,general,,RESTAURANT#GENERAL,positive,False
X3E7PwAKq3zS_hZJkqIGAA,general,,RESTAURANT#GENERAL,negative,False
O3H497kedbA2JS-XMgv3qg,general,,RESTAURANT#GENERAL,negative,False
sEp1BdgRe60Bl8iA6-mQfA,general,,RESTAURANT#GENERAL,positive,False
jTAX4ci6tJCeATkF0lK0pQ,general,,RESTAURANT#GENERAL,negative,False
4XaZ5kc7NQADZiqoz8dwHw,general,,RESTAURANT#GENERAL,negative,False
amyqRFz3aJ6rjZfcGXySlw,general,,RESTAURANT#GENERAL,negative,False
M2o3TJebXhiY2447Ec_rJQ,general,,RESTAURANT#GENERAL,negative,False
nvc35Qr8cURrX75M98UsOQ,general,,RESTAURANT#GENERAL,positive,False
7fBw9u2hI0ik_MRuAkX1Yg,general,,RESTAURANT#GENERAL,negative,False
oW4U_2rZY4zSzGrBEGmi4Q,general,,RESTAURANT#GENERAL,negative,False
ZdjOF1PFSD1_NS9QA1CS2w,general,,RESTAURANT#GENERAL,negative,False
pxQ7GqSva-e-6SdBSzLwDA,general,,RESTAURANT#GENERAL,negative,False
I8LLclE5UOlSOqXP65OPwQ,general,,RESTAURANT#GENERAL,positive,False
K_c6hAR6EPFwB8aDphUZ3w,general,,RESTAURANT#GENERAL,negative,False
Ht2KneFcFzgeDBRa0JBu8g,general,,RESTAURANT#GENERAL,negative,False
qXYwlzXysEACSzA46feQGA,general,,RESTAURANT#GENERAL,negative,False
GL5KNYxPit0HaNF3w1PKAQ,general,,RESTAURANT#GENERAL,negative,False
ex-jmc2tN3g5a7qqOOKt-A,general,,RESTAURANT#GENERAL,negative,False
SfKcVwwoiPlfMA2SM54JqQ,general,,RESTAURANT#GENERAL,positive,False
O0F7jO27Y6v3xywAxLPr3A,general,,RESTAURANT#GENERAL,"positive, negative",False
MDd6ndWo-NKn4sMy6UvgnQ,general,,RESTAURANT#GENERAL,positive,False
zIkHQhyyIVtzi9pAwFhvsw,general,,RESTAURANT#GENERAL,negative,False
cfPVFtLfYtjrf317IWNJCg,general,,RESTAURANT#GENERAL,negative,False
TpX0ze4bK1RBsuadYwWrjw,general,,RESTAURANT#GENERAL,negative,False
WEt2q1i6NmLWdmDLr-winA,general,,RESTAURANT#GENERAL,negative,False
DIRohs5uJ5kqBtSwZDZ1_w,general,,RESTAURANT#GENERAL,positive,False
UNZs2ANeTQ_8eom0HASsKg,general,,RESTAURANT#GENERAL,negative,False
SEVGMtRZpXEfIbQ_WhZ7dA,general,,RESTAURANT#GENERAL,negative,False
dIZegYrM8qlIsCcztwJdgQ,general,,RESTAURANT#GENERAL,positive,False
eMqBvX7-QzDeDBLGNPODqw,general,,RESTAURANT#GENERAL,positive,False
xVeH1kTzduC6HJ1FyHBGzQ,general,,RESTAURANT#GENERAL,positive,False
mBHvJg2-j3hiI_OJYVaMXg,general,,RESTAURANT#GENERAL,positive,False
AriNsqQhD-XzrLo6omIAyQ,general,,RESTAURANT#GENERAL,positive,False
a1WQHMLaT9TojRBYHrrqWA,general,,RESTAURANT#GENERAL,negative,False
X7rsF70P7iQpNzUc_dRVow,general,,RESTAURANT#GENERAL,positive,False
M2uQZs0rnlUijHSmGx4zHA,general,,RESTAURANT#GENERAL,positive,False
vLeQf-87uPLbf2MWjUrqeg,general,,RESTAURANT#GENERAL,positive,False
adGKWWhHQNwGnbLFkE6Jfg,general,,RESTAURANT#GENERAL,positive,False
PD-PWOGIESnEE1vVueXSKQ,general,,RESTAURANT#GENERAL,positive,False
WUJfweoJurjkzmkZ1C-ZGA,general,,RESTAURANT#GENERAL,positive,False
zyWcynpTTkXaM3bfyALlBg,general,,RESTAURANT#GENERAL,negative,False
UDcUQUbUWhmyaNsMgVVNVA,general,,RESTAURANT#GENERAL,positive,False
CmA6tu-8tLhxf5VLErCRWA,general,,RESTAURANT#GENERAL,positive,False
JUq88BgAVEuQ9r1i4MV4-w,general,,RESTAURANT#GENERAL,negative,False
FByjI2jITjuKb7unai_Pdw,general,,RESTAURANT#GENERAL,positive,False
p198qZsKOMCUhgdtRWsOKQ,general,,RESTAURANT#GENERAL,positive,False
ZFiN3_hSL1lZGU4xL9QwyA,general,,RESTAURANT#GENERAL,positive,False
N-tN6LvgjrfpPKHmMyuyEg,general,,RESTAURANT#GENERAL,positive,False
H9ffvnupAc3Yuhph_7GP4A,general,,RESTAURANT#GENERAL,positive,False
6lj-OTugXLu8am0vmdTZ_A,general,,RESTAURANT#GENERAL,positive,False
JV4njJC0FkDxuRrnljAtUA,general,,RESTAURANT#GENERAL,negative,False
mCeSdomqytwXc4uyQBMulQ,general,,RESTAURANT#GENERAL,negative,False
zi1OWH-ZwQktTBH--FOASw,general,,RESTAURANT#GENERAL,positive,False
j_KTxYP65H3AMvsDVZerLQ,general,,RESTAURANT#GENERAL,positive,False
AbxNswDUmKaoaYInFAQURw,general,,RESTAURANT#GENERAL,negative,False
4rab1QZpVwKSZoqBJE1XmA,general,,RESTAURANT#GENERAL,positive,False
bgHYA5Kpb5LuBHEQFKyw0Q,general,,RESTAURANT#GENERAL,negative,False
3A1ziMeMVD1BShVrAF3alQ,general,,RESTAURANT#GENERAL,negative,False
16cQevkVNr2vGKxVBu2xmQ,general,,RESTAURANT#GENERAL,negative,False
ZDiQWIieyFCz3cOxORMECg,general,,RESTAURANT#GENERAL,negative,False
hqOIVQgO9cn0oILzWFAvNg,general,,RESTAURANT#GENERAL,positive,False
pnkuvgFW7EbQLa1JBq-m_w,general,,RESTAURANT#GENERAL,positive,False
lDTzEr8pOYIlQHzPz3Hr1Q,general,,RESTAURANT#GENERAL,positive,False
jJ8A1k6EtWnY4qVvqr4ywQ,general,,RESTAURANT#GENERAL,positive,False
xZDBrxP915TEjhfYE9WjKA,general,,RESTAURANT#GENERAL,negative,False
MfBAwMzo0sXymh9MNWZOOg,general,,RESTAURANT#GENERAL,positive,False
fNJSDElIORaKkQ3KWFqXlg,general,,RESTAURANT#GENERAL,positive,False
BS3Q67l2d2R1_o1MT9Gn5g,general,,RESTAURANT#GENERAL,negative,False
a7OCV3oJEsLZwPhqboz5wA,general,,RESTAURANT#GENERAL,positive,False
Vwk33XkYwOtxHDICA0u-Ew,general,,RESTAURANT#GENERAL,positive,False
gJ7fifhiME55IvK6GmYkjA,general,,RESTAURANT#GENERAL,"negative, positive",False
8913GX_sJyiC_SNQVmE-HA,general,,RESTAURANT#GENERAL,negative,False
f0G8L7-Sjk7OfkzQ40C2WQ,general,,RESTAURANT#GENERAL,positive,False
4Qm__MpoQ2H4-NYPlghb0Q,general,,RESTAURANT#GENERAL,negative,False
NS6C65IPeS4n-fe0JNXGEg,general,,RESTAURANT#GENERAL,negative,False
7U3qs7XiyytBH_sUZAeaTg,general,,RESTAURANT#GENERAL,positive,False
UTfU2w1dzcGeEvwqqCOOQA,general,,RESTAURANT#GENERAL,negative,False
YnKvsXQ9M6R9d9DjbiviSw,general,,RESTAURANT#GENERAL,positive,False
sxOiKfWcDxtLXVbnD_FHWA,general,,RESTAURANT#GENERAL,"positive, negative",False
ZXt-KRGDhZjC8-TxGWxcFg,general,,RESTAURANT#GENERAL,negative,False
yCNf7tWAahLZVULW9dEhMw,general,,RESTAURANT#GENERAL,positive,False
bQt8QqosIDjDa3h14zTiZg,general,,RESTAURANT#GENERAL,positive,False
05MMbmO_ABWLaLCRHOyWKg,general,,RESTAURANT#GENERAL,positive,False
B-7TUHzZyMUsmt5dbUUxlw,general,,RESTAURANT#GENERAL,positive,False
8aFPCcyLa77wBYItaMXp4w,general,,RESTAURANT#GENERAL,negative,False
tOuYH3g4KKM7-l6xcOLGNQ,general,,RESTAURANT#GENERAL,negative,False
ktYOKqtrZVWaWtHH6Emr5A,general,,RESTAURANT#GENERAL,negative,False
JK6n6OZ87qgvQUmj3-wcFg,general,,RESTAURANT#GENERAL,negative,False
e1GYYiMDPv7LWtDZae7fuQ,general,,RESTAURANT#GENERAL,negative,False
6gGmJYdPXL-TapYv4_VCMw,general,,RESTAURANT#GENERAL,positive,False
cKqTlDvQilciuxnRS7oZnA,general,,RESTAURANT#GENERAL,positive,False
cdzCDVXb_9xBDJi80NSq8g,general,,RESTAURANT#GENERAL,negative,False
bfT488pdiftn85NVg2xiEg,general,,RESTAURANT#GENERAL,negative,False
Q7VueHeqv34543ao5UX15w,general,,RESTAURANT#GENERAL,positive,False
uneJ59zGqZFaNCCa7iCBiw,general,,RESTAURANT#GENERAL,negative,False
8JGWrLHsxml0laUEuBiJSQ,general,,RESTAURANT#GENERAL,positive,False
UyTKRc8mhGiz869WGGAfQw,general,,RESTAURANT#GENERAL,negative,False
xGeodtt_7auN3uHTPJtm7A,general,,RESTAURANT#GENERAL,negative,False
a3bXRRZWxMlrBzL3W7u4rQ,general,,RESTAURANT#GENERAL,negative,False
PGhIovwmAMhj_zFDTxad-Q,general,,RESTAURANT#GENERAL,negative,False
0NMhXbHONCFR1_hX3MlvzQ,general,,RESTAURANT#GENERAL,positive,False
y4r43plc-VoniuOls55SQw,general,,RESTAURANT#GENERAL,negative,False
ylxfuL-fmfwE6cxk3PT3bA,general,,RESTAURANT#GENERAL,negative,False
lJKwa0eObGUVLwxYuM33vA,general,,RESTAURANT#GENERAL,positive,False
h6xvIYwuf4igeDhoX8ddgQ,general,,RESTAURANT#GENERAL,negative,False
u-Qwo5QBFjS32Kut9yYnyQ,general,,RESTAURANT#GENERAL,positive,False
nB_llreFCxlD344hVj0HOQ,general,,RESTAURANT#GENERAL,negative,False
12ybGv64jy83URMzpXB5hw,general,,RESTAURANT#GENERAL,neutral,False
I_dgyabFnyEprIEvCcD1OA,general,,RESTAURANT#GENERAL,positive,False
yw4sEeReWlx_6ArqEIBZyw,general,,RESTAURANT#GENERAL,positive,False
LFjBP5cFaeVo1bBMlpYaeA,general,,RESTAURANT#GENERAL,"neutral, negative",False
l_jI1tfvP0TilW5LarEfUA,general,,RESTAURANT#GENERAL,positive,False
2KM-ydGmxv390euz-9t4kg,general,,RESTAURANT#GENERAL,positive,False
vh_pRg0ovctp8wc9WxSb6w,general,,RESTAURANT#GENERAL,positive,False
ZFwNHFihgwXbMT-3KbpadQ,general,,RESTAURANT#GENERAL,positive,False
zODpKmu_hvROuTJXqtKmCw,general,,RESTAURANT#GENERAL,positive,False
H86uKqFwaRpTUBShSE4dYg,general,,RESTAURANT#GENERAL,positive,False
vM1VNPHewyK69nqXEuN6Jw,general,,RESTAURANT#GENERAL,positive,False
dNY7TxOWj9nCOBMeEMDhIA,general,,RESTAURANT#GENERAL,negative,False
T5co7A8L05GzOBdPqvl66w,general,,RESTAURANT#GENERAL,positive,False
mVXbKzvNiTj16Iak_CQk_w,general,,RESTAURANT#GENERAL,negative,False
vXWnj_w0amklh6Ab0LkTrw,general,,RESTAURANT#GENERAL,negative,False
HuMthxuNIT8_L7YPfQV38Q,general,,RESTAURANT#GENERAL,negative,False
I2uYaAxOk0xfhOr555yyOw,general,,RESTAURANT#GENERAL,positive,False
XkZGXPALjMkPMoG-pu0VfA,general,,RESTAURANT#GENERAL,negative,False
S-H-Ao17MEYH9cLpvevbnQ,general,,RESTAURANT#GENERAL,positive,False
L70rzFf5qOGTjPJ0Dav3nw,general,,RESTAURANT#GENERAL,negative,False
Ba87pTzadbskLUgT5tZYGA,general,,RESTAURANT#GENERAL,negative,False
cY5K0fQLkt1Max_6wwHuCA,general,,RESTAURANT#GENERAL,positive,False
tYYLgYKd5MEu7A8SeDnnQA,general,,RESTAURANT#GENERAL,positive,False
lx4q3env28RptOudJTnRng,general,,RESTAURANT#GENERAL,positive,False
_X10F6glgUTF4fJKT5kS-Q,general,,RESTAURANT#GENERAL,negative,False
QYFIqpXRgpWom4NU0BCLDQ,general,,RESTAURANT#GENERAL,negative,False
UxLMFo-WBrxlgME6vM0YRg,general,,RESTAURANT#GENERAL,positive,False
mpHpPSOGzU7zJW7YDpekNw,general,,RESTAURANT#GENERAL,positive,False
5yKmfzyILB1QqU8tRERS-w,general,,RESTAURANT#GENERAL,negative,False
pA97R7k3Ci6eO2TDG4YALw,general,,RESTAURANT#GENERAL,negative,False
xilt6zGZ3Nqo2_fogn3jjA,general,,RESTAURANT#GENERAL,positive,False
kTK8-zo58XWVRZBxk3fXpw,general,,RESTAURANT#GENERAL,positive,False
P-CrxcEYcUIjBuoVQ-YIAA,general,,RESTAURANT#GENERAL,positive,False
k4qQtZ_ooqUvdIOkDba-PQ,general,,RESTAURANT#GENERAL,"positive, negative",False
UHHKFPgkHNO4foxCMUeJzg,general,,RESTAURANT#GENERAL,negative,False
qUorhmd0Eb7dW5HrgZ9ywQ,general,,RESTAURANT#GENERAL,negative,False
aHtgSP4nTEtHvYQ0TE6w1g,general,,RESTAURANT#GENERAL,positive,False
qFgZtnFfvv73CByNPl1BjA,general,,RESTAURANT#GENERAL,positive,False
gj_usrjf1TIkh73H-QO3uw,general,,RESTAURANT#GENERAL,positive,False
z7886BlNmDO_Egyq3fY_AA,general,,RESTAURANT#GENERAL,negative,False
JPH0dfbezXv0-hjG8_dalw,general,,RESTAURANT#GENERAL,negative,False
B8sUIRgisTiHbpdw5X1wMg,general,,RESTAURANT#GENERAL,positive,False
qUg8WAiB5OBzrAFnYutOXg,general,,RESTAURANT#GENERAL,negative,False
2iJRf9PbAEG_zYDgOZDeog,general,,RESTAURANT#GENERAL,negative,False
JTtnrZDdjfuHfmWrN4OUpw,general,,RESTAURANT#GENERAL,positive,False
0kMlS1dVfIw1bH1jK5q9Pw,general,,RESTAURANT#GENERAL,positive,False
TNU6p_rBVNVePKnSs6e_kw,general,,RESTAURANT#GENERAL,positive,False
S090oC7VD0ZnYdBYeH1B9w,general,,RESTAURANT#GENERAL,neutral,False
Ewv1cwCYbPiiwUAR12eG8Q,general,,RESTAURANT#GENERAL,positive,False
6zHmtQPQO8I9Fll1W8dPpg,general,,RESTAURANT#GENERAL,negative,False
_zhRVwK1_iP896IBhiqULg,general,,RESTAURANT#GENERAL,positive,False
1o4UpE7ynMDQUz-qh8Mb6A,general,,RESTAURANT#GENERAL,positive,False
-8RioWSSLRLN9ArBHloz0Q,general,,RESTAURANT#GENERAL,negative,False
eljIi2P72vnShJexx5weBQ,general,,RESTAURANT#GENERAL,positive,False
SQhSbRTzbDCVZjL59RRmPg,general,,RESTAURANT#GENERAL,positive,False
Xs8Z8lmKkosqW5mw_sVAoA,general,,RESTAURANT#GENERAL,positive,False
WHssgGeV5mFCFe2yblGm0Q,general,,RESTAURANT#GENERAL,positive,False
qYd0CbpgOFCBo6hsaSCh4g,general,,RESTAURANT#GENERAL,positive,False
LIx-hamEbXBmMQlDlgGRaA,general,,RESTAURANT#GENERAL,positive,False
nHhn0g5ZkhgA3i7boVmO9g,general,,RESTAURANT#GENERAL,negative,False
f4HYlW3lEoGCQ4fDiW51Zg,general,,RESTAURANT#GENERAL,positive,False
pauADirph5PtF0V3fH1zPg,general,,RESTAURANT#GENERAL,negative,False
2wF0UrCPwX_meD87fD5NAw,general,,RESTAURANT#GENERAL,positive,False
-oZkCD04uGDrx8-JD3PsBQ,general,,RESTAURANT#GENERAL,positive,False
SeAYz1h10AKH0JOKkeySyw,general,,RESTAURANT#GENERAL,negative,False
LdeSixSVOEYBeHG_3GF2OA,general,,RESTAURANT#GENERAL,negative,False
iuwbcokeZwBNOnU1F3DI-w,general,,RESTAURANT#GENERAL,positive,False
ebJuMT88xHmz9GOQ_EbT8A,general,,RESTAURANT#GENERAL,positive,False
sx0ZIptpxgO4tVkONTCD1A,general,,RESTAURANT#GENERAL,negative,False
EiJAWh4RA4Y63vd-I-rpaQ,general,,RESTAURANT#GENERAL,negative,False
PF8gg-0c6QEc4zYi8zU5lg,general,,RESTAURANT#GENERAL,"negative, positive",False
FwQiOAY9iQYbmG2hUyT8Rg,general,,RESTAURANT#GENERAL,"positive, negative",False
1nysAxJbaE5pfiOrT7fgpQ,general,,RESTAURANT#GENERAL,positive,False
BwBqCVFKuZ4e-QXNgi5Cwg,general,,RESTAURANT#GENERAL,positive,False
rl6_w-2Ur3cDflT6PwNIBw,general,,RESTAURANT#GENERAL,negative,False
GgXDuF9qsAovAIcC70QdOQ,general,,RESTAURANT#GENERAL,positive,False
lAaTQ3tHAa2AG5F1YWncrA,general,,RESTAURANT#GENERAL,positive,False
9fYmkpYxDtv8WIcAYYrjUA,general,,RESTAURANT#GENERAL,positive,False
nn5Y8Bru4FpgXiNSqfslYw,general,,RESTAURANT#GENERAL,"negative, positive",False
v9e5CP88B5n9aH2X_vbuLw,general,,RESTAURANT#GENERAL,positive,False
mZsloODjugTSbaKTcCe5lg,general,,RESTAURANT#GENERAL,negative,False
8JyupJb557RpBSJUnsmRnQ,general,,RESTAURANT#GENERAL,negative,False
tse0qavwbKNnnlsdZkpL2g,general,,RESTAURANT#GENERAL,positive,False
fBqoZi6Jzda8ZBoNrkPhdA,general,,RESTAURANT#GENERAL,positive,False
_qA6-L34QD8ruHD7xRI0Yg,general,,RESTAURANT#GENERAL,positive,False
QbM-NTJff1N7RSqof652ug,general,,RESTAURANT#GENERAL,positive,False
28F7TeJvaB2FP1vf1Xr9tQ,general,,RESTAURANT#GENERAL,negative,False
WXku760ztc0Ls0wJ5QswCA,general,,RESTAURANT#GENERAL,positive,False
L9asV6W4T75CD2lwZdQBaQ,general,,RESTAURANT#GENERAL,neutral,False
52phbw4zW9_EEaU_q9c3bQ,general,,RESTAURANT#GENERAL,negative,False
_AnNmWzbP3O-0h6HirLEoA,general,,RESTAURANT#GENERAL,negative,False
k5foen6qbRssONseGEc0aw,general,,RESTAURANT#GENERAL,positive,False
jnbtIsEl4kq2k6UW2tyg4A,general,,RESTAURANT#GENERAL,positive,False
Gbfsz69jqDWoMd9sAyvclw,general,,RESTAURANT#GENERAL,positive,False
rU0AXEHNwFCOGlMyLwuJtA,general,,RESTAURANT#GENERAL,positive,False
_w6QVJv16fFPovPdqBvadA,general,,RESTAURANT#GENERAL,positive,False
jYIJjPURFHaH0iA42egGQA,general,,RESTAURANT#GENERAL,"positive, neutral",False
Cj4SUpCNJoKIYR0Y4OMjDw,general,,RESTAURANT#GENERAL,positive,False
wWD0cnmUjqFUfs6BEiDwXg,general,,RESTAURANT#GENERAL,positive,False
B4nqOw82ztr6lIGKftxZrg,general,,RESTAURANT#GENERAL,positive,False
FHNC9_EEMpQQe00wNSpOwg,general,,RESTAURANT#GENERAL,negative,False
KyztSw9VambOXqsKxHxKCw,general,,RESTAURANT#GENERAL,positive,False
FYHNc27eON7b-L2c8LC29w,general,,RESTAURANT#GENERAL,negative,False
tKxhiCdNrfvLEd1LDELiPA,general,,RESTAURANT#GENERAL,positive,False
ku8ZKoLVTNrDRz5acwuieQ,general,,RESTAURANT#GENERAL,negative,False
IeQr3x0JSRrtGH2H27cOGw,general,,RESTAURANT#GENERAL,positive,False
N1BQhqtLnFguM30rklq90g,general,,RESTAURANT#GENERAL,negative,False
zajO392fdoj7I8R5mfi2ig,general,,RESTAURANT#GENERAL,positive,False
T-Thr8jwI1kRr7CuYg5v9Q,general,,RESTAURANT#GENERAL,positive,False
6A3nqv9MGFPox-lDi6bT6w,general,,RESTAURANT#GENERAL,positive,False
9zuY5eDEzE59eqq5zO8F2A,general,,RESTAURANT#GENERAL,positive,False
PzHiS8h4Bq-R1AxJqZj6LQ,general,,RESTAURANT#GENERAL,positive,False
0-RgkJk9NTz7TGO07_vuqQ,general,,RESTAURANT#GENERAL,positive,False
7uH4XueW_JZPgggUnR8Igw,general,,RESTAURANT#GENERAL,positive,False
Bo3i1F_M3dyZzvkterQyZQ,general,,RESTAURANT#GENERAL,positive,False
an-6q6o86LjAof5n1iU7cA,general,,RESTAURANT#GENERAL,positive,False
O4P7uJflv83wBPbkhUy_Ag,general,,RESTAURANT#GENERAL,negative,False
e08Xg3i306SFU_IIysuyZw,general,,RESTAURANT#GENERAL,positive,False
GKCmYik5o3eJkwAGt-cPeg,general,,RESTAURANT#GENERAL,negative,False
ibrk66oc_2FBdqsp_NUSyw,general,,RESTAURANT#GENERAL,negative,False
