review_id,text,FOOD#QUALITY,SERVICE#GENERAL,AMBIENCE#GENERAL,FOOD#PRICES,FOOD#STYLE_OPTIONS,RESTAURANT#GENERAL,DRINKS#QUALITY,RESTAURANT#PRICES,RESTAURANT#MISCELLANEOUS,LOCATION#GENERAL,DRINKS#STYLE_OPTIONS,DRINKS#PRICES,FOOD#PORTION_SIZES,stars,clean_text,word_count,char_count,review_sentiment
0p5FL6CLCAMPh5WbmCodFQ,Horrible customer service from......no other than Alam the manager.  Then to top it off they didn't put the lid on but instead just placed it on top! I grab my coffee and turn around to leave and of course pop goes the lid and hot coffee pour out all over my arm hand and legs!!  Sorry alam but it's time to find a better career maybe pizza delivery boy?!?,,negative,,,,,,,,,,,,3,horrible customer service from no other than alam the manager then to top it off they didn t put the lid on but instead just placed it on top i grab my coffee and turn around to leave and of course pop goes the lid and hot coffee pour out all over my arm hand and legs sorry alam but it s time to find a better career maybe pizza delivery boy,72,342,neutral
KCGwTjtJ0C1YDPjJYCkEGw,"Do yourself a favor and never ever order the breaded chicken. It was served black, extremely overcooked to the point where I started to question what kind of meat it actually was. As far as the texture - it would make a nice hockey puck for the NHL. It definitely might not be one of their more common orders but take it off the menu if you have no idea how to make it.",negative,,,,,,,,,,,,,1,do yourself a favor and never ever order the breaded chicken it was served black extremely overcooked to the point where i started to question what kind of meat it actually was as far as the texture it would make a nice hockey puck for the nhl it definitely might not be one of their more common orders but take it off the menu if you have no idea how to make it,73,362,negative
-o1binmQWgJ4RVo3g4hdow,The margarita tasted like lemonade. It was AWFUL and tasted like it had no tequila in it at all. I asked to either switch it out for something else or for them to remake it and they wouldn't do either. I won't ever be back! Terrible service.,,negative,,,,,negative,,,,,,,3,the margarita tasted like lemonade it was awful and tasted like it had no tequila in it at all i asked to either switch it out for something else or for them to remake it and they wouldn t do either i won t ever be back terrible service,49,236,neutral
sMS4L7nZlkhtvPdWfC0i7g,"At 6:03pm, the PSTA Driver sped through the Marina, not even bothering to slow down to pickup the Passengers, which there were 9 Passengers waiting. That Driver (a White Guy, just to narrow it down) should be Fired Immediately!",,negative,,,,,,,,,,,,3,at pm the psta driver sped through the marina not even bothering to slow down to pickup the passengers which there were passengers waiting that driver a white guy just to narrow it down should be fired immediately,38,213,neutral
NkBJI0AILlLI-Wt-1bUQWA,"Ordered the veggie pho for takeout... The amount of veggies is nice and a lot more than you get with veggie pho from other places, but the broth is very fishy smelling and tasting.","positive, negative",,,,,,,,,,,,,3,ordered the veggie pho for takeout the amount of veggies is nice and a lot more than you get with veggie pho from other places but the broth is very fishy smelling and tasting,34,175,neutral
a5oDGNrhwhrYh1u89v9hTA,"They must have thought it was my first time!? Salmon smelled horrible and was sweating... After losing my appetite I sent the food back, paid for my beer and left!",negative,,,,,,,,,,,,,1,they must have thought it was my first time salmon smelled horrible and was sweating after losing my appetite i sent the food back paid for my beer and left,30,156,negative
3MeS4DTVtTANdNHWTtzjeg,"No service, waited 20 minutes for someone to approach the table. When asked if there was service I received a shrug from the host.",,negative,,,,,,,,,,,,3,no service waited minutes for someone to approach the table when asked if there was service i received a shrug from the host,23,124,neutral
u9BAQm8nvs1YdBMnFFs7GA,Great food & pleasant service.  Would order any of our dishes again & staff Robert & Gregory were both very entertaining but not overbearing.,positive,positive,,,,,,,,,,,,5,great food pleasant service would order any of our dishes again staff robert gregory were both very entertaining but not overbearing,21,132,positive
tB9sreCq9C2jIhbPzQsXjg,"Came in at 9:59 am when they open at 10 am, door was unlocked and everything but they lady was very rude and told us they weren't open. Walked out a couple steps turned around and she had flicked the open sign on. Decided not to walk back because of the poor customer service.",,negative,,,,,,,,,,,,3,came in at am when they open at am door was unlocked and everything but they lady was very rude and told us they weren t open walked out a couple steps turned around and she had flicked the open sign on decided not to walk back because of the poor customer service,53,264,neutral
4qZZE0PEa3MRo2TXUEXO3g,"Absolutely amazing! Must get the black garlic wings - they are to die for! My brisket ramen was delicious as well, I can not wait to come back!",positive,,,,,,,,,,,,,5,absolutely amazing must get the black garlic wings they are to die for my brisket ramen was delicious as well i can not wait to come back,27,137,positive
4RhKeEGgR_lmIWS9W-O0bQ,Come on hoosiers. Boba tea is supposed to be brewed tea that is mixed with milk. It should not come from a bin of powder.,,,,,,,negative,,,,,,,3,come on hoosiers boba tea is supposed to be brewed tea that is mixed with milk it should not come from a bin of powder,25,118,neutral
T7Cp9wxRAAGtUynIby9qCw,Worst service ever!!!! I never got my food!!!! I called them twice for them to tell me my food already on its way for 2 hours already smfh,negative,negative,,,,,,,,,,,,1,worst service ever i never got my food i called them twice for them to tell me my food already on its way for hours already smfh,27,128,negative
X7lexrNtmZgZ_5lt94uR9Q,Epic. God I love pizza.  Obama was right.  Do I really need to say more?  Sorry this wasn't a haiku.,positive,,,,,,,,,,,,,5,epic god i love pizza obama was right do i really need to say more sorry this wasn t a haiku,21,92,positive
sE8xFCkXgn92lviAJoU1Ag,"Honestly the music was way too loud. Normally I wouldn't care, but I went with my girlfriends grandparents and they were miserable. Not a good place to have a conversation. Food was really good though.",positive,,negative,,,,,,,,,,,3,honestly the music was way too loud normally i wouldn t care but i went with my girlfriends grandparents and they were miserable not a good place to have a conversation food was really good though,36,196,neutral
4R1TNUgx04hiO21VedTcIw,Had the lengua burrito. It was non greesy and plated neatly. Simple food that was easy on the wallet. Think I will try the flan next time,positive,,,positive,,,,,,,,,,5,had the lengua burrito it was non greesy and plated neatly simple food that was easy on the wallet think i will try the flan next time,27,134,positive
W7iHVmbmGkFBo3wj_yVeDg,Go to Charlie's!   You'll get a far superior burger and shake!  Bonus: You'll get treated with the courtesy a paying customer deserves.,positive,positive,,,,,positive,,,,,,,5,go to charlie s you ll get a far superior burger and shake bonus you ll get treated with the courtesy a paying customer deserves,25,128,positive
BUHCgFiwaS70G0VCNsFgqg,One of the worst tika masalas I ever tasted and i've order it many times from numerous places in various cities. This place is americanized and unauthentic.,negative,,,,negative,,,,,,,,,1,one of the worst tika masalas i ever tasted and i ve order it many times from numerous places in various cities this place is americanized and unauthentic,28,154,negative
do-6Z1svmzP5ym0VRUZ32g,"A few years ago my parents, my brothers and i went to this restaraunt for my birthday. We ordered the usual huge spread because we love thai food. But there was a surprise in the tea. A roach, swimming around. The server brought a new pot (no apology) and that was all. No taking the tea off the bill, no acknowledgement of what happened, nothing. We haven't eaten there since.",,negative,,,positive,,negative,,,,,,,3,a few years ago my parents my brothers and i went to this restaraunt for my birthday we ordered the usual huge spread because we love thai food but there was a surprise in the tea a roach swimming around the server brought a new pot no apology and that was all no taking the tea off the bill no acknowledgement of what happened nothing we haven t eaten there since,71,364,neutral
NmQG9xZFKQgLfGhxAo_ALg,"The music is absolutely lovely, but don't get the old New Orleans fashioned.... it's worse than cough syrup and I got it without the simple syrup",,,positive,,,,negative,,,,,,,5,the music is absolutely lovely but don t get the old new orleans fashioned it s worse than cough syrup and i got it without the simple syrup,28,140,positive
q68ZmNePuVNw6ZrBid6UQg,"I had the banana foster french toast. To die for. Husband ordered Migos-something (scrambled eggs with chorizo) equally delicious!  Although there was a line when we arrived, our total wait time was less than 10 mins. Janet the hostess was friendly and hustled to get tables sat. I immediately became obsessed with the trendy decor and layout of what used to be a classic front porch- turned restaurant.",positive,positive,positive,,,,,,,,,,,5,i had the banana foster french toast to die for husband ordered migos something scrambled eggs with chorizo equally delicious although there was a line when we arrived our total wait time was less than mins janet the hostess was friendly and hustled to get tables sat i immediately became obsessed with the trendy decor and layout of what used to be a classic front porch turned restaurant,68,389,positive
g0yGvJX3eMP8IqZSbHtyIg,"As good as it gets in a mall food court concept (even an upscale one). The salads and bowls were delicious. The frescas were delicious (the lime, ginger, cucumber one in particular). The service was fast and helpful. I liked how they let you customize the bowls on the menu. We were able to make a bowl that had chicken, vegetarian by adding tofu. Will definitely be back.",positive,positive,,,positive,,positive,,,,,,,5,as good as it gets in a mall food court concept even an upscale one the salads and bowls were delicious the frescas were delicious the lime ginger cucumber one in particular the service was fast and helpful i liked how they let you customize the bowls on the menu we were able to make a bowl that had chicken vegetarian by adding tofu will definitely be back,68,358,positive
iXULcSxHIEuKBdZqpogSwA,The food here is delicious and the portions are amazing for the price.  The girl who works behind the counter is an absolute sweetheart.  Always smiling and happy.   I wish I worked closer so I could come more often.,positive,positive,,positive,,,,,,,,,,5,the food here is delicious and the portions are amazing for the price the girl who works behind the counter is an absolute sweetheart always smiling and happy i wish i worked closer so i could come more often,39,208,positive
S1ocjePToHEw2VbTBHH71Q,"Okay place for an affordable and rather quick lunch. Drinks are moderately priced and not refillable  (only water). As usual, I get the cocido that is pretty good and not at all greasy. I don't like that they add red pepper to it as I feel the that flavor over powers everything else in the soup. I really like their flour tortillas as they taste freshly made and are a perfect size (about 12"" or so).   The service could use improvement. The waitstaff aren't the most friendliest and almost look like they would much rather not ve there.   Ample free parking and within 5 minutes of other stores if you want to enjoy Tucson's Southside.","positive, negative",negative,,,positive,neutral,,,positive,positive,,neutral,,3,okay place for an affordable and rather quick lunch drinks are moderately priced and not refillable only water as usual i get the cocido that is pretty good and not at all greasy i don t like that they add red pepper to it as i feel the that flavor over powers everything else in the soup i really like their flour tortillas as they taste freshly made and are a perfect size about or so the service could use improvement the waitstaff aren t the most friendliest and almost look like they would much rather not ve there ample free parking and within minutes of other stores if you want to enjoy tucson s southside,116,613,neutral
tUnVMrUwzxU0VXMBmLSGWg,"Dirty inside the restaurant. We ordered carry out and got back to our room, no napkins, plastic ware, or sauces. The food was just so so. Too much ginger in the general tso chicken and the crab Rangoon was lacking in the filling department. Overall, I would not recommend and we will not order again.","neutral, negative",negative,negative,,,negative,,,,,,,,1,dirty inside the restaurant we ordered carry out and got back to our room no napkins plastic ware or sauces the food was just so so too much ginger in the general tso chicken and the crab rangoon was lacking in the filling department overall i would not recommend and we will not order again,55,291,negative
YM47FT1FlrhTqBPUI4_KvQ,Oh man! This is the spot right here! Everything is made to order and sooo worth the wait. I'm from Chicago and have been a self proclaimed sandwich expert for most of my life...this place deserves every bit of those 5 stars! Well done guys!,positive,positive,,,,positive,,,,,,,,5,oh man this is the spot right here everything is made to order and soo worth the wait i m from chicago and have been a self proclaimed sandwich expert for most of my life this place deserves every bit of those stars well done guys,46,230,positive
J0rheEklgHxGxwhdLMpb6Q,"Overrated! There are so many great or just average places to eat in the city don't waste your time here. The char grill oysters were pretty good but an $80.00 lunch needs to be better than this. We ordered 2 small appetizers, a sandwich and 2 drinks and it was $80.00.",positive,,,,,negative,,negative,,,,,,3,overrated there are so many great or just average places to eat in the city don t waste your time here the char grill oysters were pretty good but an lunch needs to be better than this we ordered small appetizers a sandwich and drinks and it was,48,245,neutral
_ZdwS4iEzJIVpy7-DjkEpA,"Had breakfast with the family after a quick stopover. Great food and service (thanks Jonathan!), definaelty a good find that was busy but had no wait on a Saturday.",positive,positive,,,,,,,,,,,,5,had breakfast with the family after a quick stopover great food and service thanks jonathan definaelty a good find that was busy but had no wait on a saturday,29,158,positive
bVmVp4r1D2xzEFfM2rPEzg,Great food and service. The antipasto was by far the best that I have ever had.  The pasta is all fresh and full of flavor. The Fisherman's stew was loaded with great tender fish in a saffron sauce.,positive,positive,,,,,,,,,,,,5,great food and service the antipasto was by far the best that i have ever had the pasta is all fresh and full of flavor the fisherman s stew was loaded with great tender fish in a saffron sauce,39,193,positive
crsfxDJGj2U-IIxvttdPqQ,"Bad experience!!  There was a large  loud party in the bar when we arrived.  We were told they would leave in 15 min. but they did not leave for 75 min.  If told the truth, we would not have stayed.  Only choices were to yell at your companion or not communicate.  Chosen wine not available and not offered another selection at the same price.  When we complained to the staff about the service and the noise, we were  made to feel like it was our fault and offered no sympathy or compensation.  The good food was ruined by the abysmal service and the noise.",positive,negative,negative,,,,negative,,,,,,,3,bad experience there was a large loud party in the bar when we arrived we were told they would leave in min but they did not leave for min if told the truth we would not have stayed only choices were to yell at your companion or not communicate chosen wine not available and not offered another selection at the same price when we complained to the staff about the service and the noise we were made to feel like it was our fault and offered no sympathy or compensation the good food was ruined by the abysmal service and the noise,102,531,neutral
Rcl9V-coF-aydOKfsF96EA,"Great food but it is a little touristy. I am spoiled because I am a local and go to the spongedocks a lot. If this is your first time in the area, Hella's is a must. Even if only for their bakery. If i could write a separate review for bakery, it would be 5 star",positive,,,,,negative,,,,,,,,3,great food but it is a little touristy i am spoiled because i am a local and go to the spongedocks a lot if this is your first time in the area hella s is a must even if only for their bakery if i could write a separate review for bakery it would be star,56,254,neutral
un8ttFRy6XqJGxGxjYfxxQ,"This restaurant is attached to the Drury Plaza hotel, so it was conveniently located for dinner when you're not really familiar with the area. There were 20+ in our party each night and the service was pretty good. Only a few forgotten drinks, which was to be expected with such a large group.  Portions are huge and food was good. I had the Cuban sandwich one night and it was massive but delicious. The shandy is good. The margaritas are not and I don't recommend their patron one. I forget the name but it wasn't that good. Their shrimp tacos have a kick but they're good too.",positive,positive,,,,,"positive, negative",,,positive,,,,5,this restaurant is attached to the drury plaza hotel so it was conveniently located for dinner when you re not really familiar with the area there were in our party each night and the service was pretty good only a few forgotten drinks which was to be expected with such a large group portions are huge and food was good i had the cuban sandwich one night and it was massive but delicious the shandy is good the margaritas are not and i don t recommend their patron one i forget the name but it wasn t that good their shrimp tacos have a kick but they re good too,110,563,positive
KwKLD2zFgGFydkr4uqfQyg,"3.5 stars. Everyone gave this place rave reviews so I had to give it a try. Remember to bring cash because no credit cards accepted! I had the chili cheese etouffee with crawfish. It came out fast, I though it was tasty, really cheesy and heavy, with really soft garlic bread. I'm usually not a big fan of heavy food but this place was pretty good. I would have to come back and try the other items again.",positive,positive,,,,,,neutral,,,,,,5,stars everyone gave this place rave reviews so i had to give it a try remember to bring cash because no credit cards accepted i had the chili cheese etouffee with crawfish it came out fast i though it was tasty really cheesy and heavy with really soft garlic bread i m usually not a big fan of heavy food but this place was pretty good i would have to come back and try the other items again,78,391,positive
c-dUoJqvD1Y2mKND-OhDzA,This place was absolutely disgusting and sucks that we have to wait here for our bus. The bus was 20 mins late and we couldn't even sit because the whole place was disgusting.,,,negative,,,negative,,,,,,,,1,this place was absolutely disgusting and sucks that we have to wait here for our bus the bus was mins late and we couldn t even sit because the whole place was disgusting,33,170,negative
Pv33hzmaYTzn-cUpjwFTjA,"Pretty solid tourist trap type restaurant on the docks. A little bit overpriced for the food quality, but reasonable given the touristy surroundings.",neutral,,,,,neutral,,negative,,,,,,3,pretty solid tourist trap type restaurant on the docks a little bit overpriced for the food quality but reasonable given the touristy surroundings,23,146,neutral
m3B0pnUNP2yumjicSXodnw,This publix is always clean and the staff always pleasant. Cashiers talk to you instead of being drones. Shelves always are well stocked and if out on a sale item are always happy to write a rain check. Always in and out quick. Never had to wait more than a few minutes in line. Staff always asks to help you out if you have a full buggy.,,positive,,,,positive,,,positive,,,,,5,this publix is always clean and the staff always pleasant cashiers talk to you instead of being drones shelves always are well stocked and if out on a sale item are always happy to write a rain check always in and out quick never had to wait more than a few minutes in line staff always asks to help you out if you have a full buggy,67,332,positive
PVBFXtUNSZEmbnfi055q2g,"I just paid $7 for .5oz of ahi tuna mixed with .5oz of avacado, romaine, and tomatoe. Grey goose martini was mostly dirty. Totally disappointed but I understand corporate training standards on drinks. Bartender was very nice, humorous. Also asked how my drink, as well as my food was on key. A+ on service. Totally cheap on food!",,positive,,negative,,,negative,,,,,,,1,i just paid for oz of ahi tuna mixed with oz of avacado romaine and tomatoe grey goose martini was mostly dirty totally disappointed but i understand corporate training standards on drinks bartender was very nice humorous also asked how my drink as well as my food was on key a on service totally cheap on food,57,310,negative
pF87YFtAkEd-8fcXtzzC3w,Currently here. Took 15 minutes to get a cup of water. Our waitress is extremely rude and threw our drinks down. My experience is already ruined before my food came simply because of the lack of service. If you're hungry go somewhere else.,,negative,,,,,,,,,,,,3,currently here took minutes to get a cup of water our waitress is extremely rude and threw our drinks down my experience is already ruined before my food came simply because of the lack of service if you re hungry go somewhere else,43,231,neutral
kC38P384eVAs9SPEjU75dw,This place has wonderful ambiance and is spacious for group dining. The food and service however are terrible. Everyone had something that tasted funky or didn't come right. With the kitchen upstairs and our table downstairs every problem took twice as long to work out as well. It is way overpriced. I don't recommend it and won't go back.,negative,negative,positive,,,,,negative,,,,,,3,this place has wonderful ambiance and is spacious for group dining the food and service however are terrible everyone had something that tasted funky or didn t come right with the kitchen upstairs and our table downstairs every problem took twice as long to work out as well it is way overpriced i don t recommend it and won t go back,62,334,neutral
9F1q7618Fmf2QFGo_sPbrg,"For me, I would take panoramic over other coffee chains. They have more to offerr; bakery, full menu AND great bottomless coffee. A good place to slow down and read a paper or chat while slowly sipping coffee (who has time to do that anymore?!?). Well, panera begs you to make time. The food isn't newsworthy (omelets, sandwiches and such), but it has enough diversity to please everyone from mr. Healthy egg white spinach to mr. Loaded baglewhich. The bakery items are seriously good stuff though (I have to put blinders on when I'm being all health conscious)","neutral, positive",,,,positive,positive,positive,,,,,,,5,for me i would take panoramic over other coffee chains they have more to offerr bakery full menu and great bottomless coffee a good place to slow down and read a paper or chat while slowly sipping coffee who has time to do that anymore well panera begs you to make time the food isn t newsworthy omelets sandwiches and such but it has enough diversity to please everyone from mr healthy egg white spinach to mr loaded baglewhich the bakery items are seriously good stuff though i have to put blinders on when i m being all health conscious,100,539,positive
hlMS_Am9OqoFORRAW96FIw,so we ordered brisket sandwiched from here waited forever for it to arrive and when the food came they had run our of brisket and given us roast beef instead. They never bothered to tell us that and some of the order was wrong completely. we called them and said they would remake the wrong items not the roast beef and they wanted the food back. the staff were very rude,negative,negative,,,,,,,,,,,,1,so we ordered brisket sandwiched from here waited forever for it to arrive and when the food came they had run our of brisket and given us roast beef instead they never bothered to tell us that and some of the order was wrong completely we called them and said they would remake the wrong items not the roast beef and they wanted the food back the staff were very rude,71,368,negative
o-Z2Voi2UmHujo0TEIcfCw,"Finally the brick and mortar version of Spot has arrived!  Inventive burgers, the freshest ingredients and a lively, family friendly atmosphere. Get there during the off peak times if you want to be ensured a seat. This place fills up fast!  Looking forward to eating my way through the burgers, then the other hot specialty sandwiches.    Still sniffing the fat and juices on my fingers long after the burger is gone. Sad to have to wash my hands.",positive,,positive,,,,,,,,,,,5,finally the brick and mortar version of spot has arrived inventive burgers the freshest ingredients and a lively family friendly atmosphere get there during the off peak times if you want to be ensured a seat this place fills up fast looking forward to eating my way through the burgers then the other hot specialty sandwiches still sniffing the fat and juices on my fingers long after the burger is gone sad to have to wash my hands,78,433,positive
5tyLmfkqov22Asc5CMG2OA,"Over priced medicore bar food.   They have a new menu. The menu on their website contained some better options. The new slimmed down menu has fewer and much less appealling offerings. It is now just over priceded bar food. Nothing special here. Burgers, wings, salads and mediocre sushi. Blah.","negative, neutral",,,negative,negative,,,,,,,,,1,over priced medicore bar food they have a new menu the menu on their website contained some better options the new slimmed down menu has fewer and much less appealling offerings it is now just over priceded bar food nothing special here burgers wings salads and mediocre sushi blah,49,281,negative
TRtzUEDSW4P07ElNTCK5lw,"2.5 stars...  I would like to give you a better rating because you're close to being something pretty good but its really not there yet. Like others mention below, the atmosphere is fun and a good local spot but the food has no flavor. The ingredients are there - fresh and good quality, but my taste buds are left screaming for more every time!!","negative, positive",,positive,,,positive,,,,,,,,3,stars i would like to give you a better rating because you re close to being something pretty good but its really not there yet like others mention below the atmosphere is fun and a good local spot but the food has no flavor the ingredients are there fresh and good quality but my taste buds are left screaming for more every time,63,330,neutral
xNwDDFanM_lcGwsDoSShRQ,"The place is small, inviting, and clean. However, the service may be a bit forgetful. On two occasions, my dining companion ordered soda and we didn't receive until we were halfway done with our dosas after much prompting.  Otherwise, they offer great dosas (e.g. rava, mysore masala, etc.). You're not coming here for the ambiance. You come here for the dosas. Haven't tried their chaats yet. Plastic utensils. Simple and basic.  Don't really feel like driving all the way out there though :-/",positive,negative,negative,,,positive,,neutral,neutral,,,,,3,the place is small inviting and clean however the service may be a bit forgetful on two occasions my dining companion ordered soda and we didn t receive until we were halfway done with our dosas after much prompting otherwise they offer great dosas e g rava mysore masala etc you re not coming here for the ambiance you come here for the dosas haven t tried their chaats yet plastic utensils simple and basic don t really feel like driving all the way out there though,87,468,neutral
CuK_OyoJ7b-jIC8FDwjyIQ,I experienced the worst customer service possible I've waited 15 minutes for an employee to ask me if I was being taken care of while my food was done and sitting and also the soda's in the refrigerator were expired and out of date I contacted the manager on duty and the employee did nothing I tried giving them another chance and this continues to be an issue I will no longer come to this location,,negative,,,,,negative,,,,,,,3,i experienced the worst customer service possible i ve waited minutes for an employee to ask me if i was being taken care of while my food was done and sitting and also the soda s in the refrigerator were expired and out of date i contacted the manager on duty and the employee did nothing i tried giving them another chance and this continues to be an issue i will no longer come to this location,77,397,neutral
ZFYaWplFSjk0FfCofZz-Yg,Amazing dosas. Terrible everything else. I ordered a chicken curry and the chicken pieces in it were breaded (Were they originally chicken nuggets? Who knows!). Biriyani was bland and featured cheap cinnamon sticks instead of cinnamon bark and obviously frozen mixed veggies. I've heard they've cleaned the place up a little since my visit but the interior was horrendous and dirty.,"positive, negative",,negative,,,negative,,,,,,,,3,amazing dosas terrible everything else i ordered a chicken curry and the chicken pieces in it were breaded were they originally chicken nuggets who knows biriyani was bland and featured cheap cinnamon sticks instead of cinnamon bark and obviously frozen mixed veggies i ve heard they ve cleaned the place up a little since my visit but the interior was horrendous and dirty,63,373,neutral
6cHQxtaHnKpV4yAfPiTS9g,"Last Sunday the 13th the family stopped in for lunch. Friendly staff. TVs if you care to watch a game. My wife and I had the clam chowder for starters. It was good, not as hot as it should have been, We split a grouper sandwich. It was small, the fish was about the size of a Craft Cheese Single. It did taste good, but very small. One of my kids ordered the chicken pasta primavera. She said it was tasteless so we sent it back. My second kid had a chicken nuggets meal. She said is was fair but ate most of it.  We all left hungry and made a stop @ Micky Ds on the way home.","positive, negative, neutral",positive,,negative,,,,,,,,,,3,last sunday the th the family stopped in for lunch friendly staff tvs if you care to watch a game my wife and i had the clam chowder for starters it was good not as hot as it should have been we split a grouper sandwich it was small the fish was about the size of a craft cheese single it did taste good but very small one of my kids ordered the chicken pasta primavera she said it was tasteless so we sent it back my second kid had a chicken nuggets meal she said is was fair but ate most of it we all left hungry and made a stop micky ds on the way home,118,555,neutral
qS7BFEqhbnd27HV_eDcurg,"Very impressed with this place, particularly the menu (amazing) and the food. We ordered the fruit bruschetta (yum, what an awesome idea!) and the Popeye skillet and the Roadhouse sw. Great food, creative options! Couple areas of critique: it was FREEZING (every woman had a sweater on in July) and lack of ambiance. The latter could be easily remedied with some decent background music, and better lighting? (Overhead office lighting is a drag, but large windows a plus) Customer service was good not great, tad disconnected...but it was a holiday weekend. Overall, a keeper. I'll def be back!",positive,positive,"negative, neutral",,positive,positive,,,,,,,,3,very impressed with this place particularly the menu amazing and the food we ordered the fruit bruschetta yum what an awesome idea and the popeye skillet and the roadhouse sw great food creative options couple areas of critique it was freezing every woman had a sweater on in july and lack of ambiance the latter could be easily remedied with some decent background music and better lighting overhead office lighting is a drag but large windows a plus customer service was good not great tad disconnected but it was a holiday weekend overall a keeper i ll def be back,100,567,neutral
rfz83tnAFfFfjc88MNE8fA,"We came here for lunch on a Sunday to find that they close for a few hours between lunch and dinner. So be sure to check their hours of operation if you're coming on a Sunday.   The interior is really clean and traditional. Very pretty.    The servers are kind and sweet.  The food is fine.    Lots of traditional fare that extends beyond the normal pad thai and curry.  None of it was memorable though.  Prices were all about $10-$15 each plate for small to mid-small portions.    Like I said, the ambiance is nice and the service is sweet, but it was pretty average for me.",neutral,positive,positive,,positive,,,,,,,neutral,,5,we came here for lunch on a sunday to find that they close for a few hours between lunch and dinner so be sure to check their hours of operation if you re coming on a sunday the interior is really clean and traditional very pretty the servers are kind and sweet the food is fine lots of traditional fare that extends beyond the normal pad thai and curry none of it was memorable though prices were all about each plate for small to mid small portions like i said the ambiance is nice and the service is sweet but it was pretty average for me,106,541,positive
Xe__9plcT4VI1oAfv9f24Q,"2nd time here on Saturday at 6. Reservations were for 615 seated at 7 PM. Hostess said 20 minute wait, significantly underestimated. Same thing happened first time around. Understaffed. Squeeze you in at each table.12 people at each table only room for nine. Not enough room for dishes and drinks. Food is good but everything else below acceptable.",positive,negative,negative,,,,,,,,,,,3,nd time here on saturday at reservations were for seated at pm hostess said minute wait significantly underestimated same thing happened first time around understaffed squeeze you in at each table people at each table only room for nine not enough room for dishes and drinks food is good but everything else below acceptable,54,324,neutral
kU10ra-mj4p73-DTTHFb8w,"I can't really rate or comment on the food, the front counter help seemed nice and courteous .. but my big disappointment is, how are you going to buy and be part of such a big franchise and still be so damn cheap and not accept American Express? Really dude?? All because you are to damn cheap to pay the credit card fee!. Really?? Really dude!?.",,positive,,,,,,negative,negative,,,,,3,i can t really rate or comment on the food the front counter help seemed nice and courteous but my big disappointment is how are you going to buy and be part of such a big franchise and still be so damn cheap and not accept american express really dude all because you are to damn cheap to pay the credit card fee really really dude,66,332,neutral
F5teuZDjKfq2Dr0II6Db_g,"Tonight I went to Superior Grill expecting a delicious tex mex meal with great vibes. First it began with the rude waitress, then the manager came over and made in an appropriate ""joke"" regarding my ethnicity. The cherry on top to this awful evening was when i was served lifeless skinned rubber meat on a platter with lettuce and PEANUT SAUCE, what mexican restaurant puts peanut sauce on a salad. I would recommend not going here EVER unless you want slithery chicken weenus sliding down your throat.",negative,negative,,,negative,negative,,,,,,,,1,tonight i went to superior grill expecting a delicious tex mex meal with great vibes first it began with the rude waitress then the manager came over and made in an appropriate joke regarding my ethnicity the cherry on top to this awful evening was when i was served lifeless skinned rubber meat on a platter with lettuce and peanut sauce what mexican restaurant puts peanut sauce on a salad i would recommend not going here ever unless you want slithery chicken weenus sliding down your throat,87,494,negative
DkrsmadeZJj_GERNMIBxVg,"Came here for lunch with my fiancee and friend, found a small table by the window.  they have a great and varied wine selection.  I got a bubbly and my fiancee got some Italian orange soda.  We got the lamb sausage, potato chips, and crab stuffed peppers as ""snacks"" then i got the mozzarella with prosciutto bacon bits sandwich which was delicious and savory while being light and healthy. service was prompt and polite.  rustic, intimate, and cozy wine lounge atmosphere with low to medium noise level.  bathroom door lock and handle are kind of confusing to use at first. would definitely recommend for lunch!",positive,positive,positive,,,,,,negative,,positive,,,5,came here for lunch with my fiancee and friend found a small table by the window they have a great and varied wine selection i got a bubbly and my fiancee got some italian orange soda we got the lamb sausage potato chips and crab stuffed peppers as snacks then i got the mozzarella with prosciutto bacon bits sandwich which was delicious and savory while being light and healthy service was prompt and polite rustic intimate and cozy wine lounge atmosphere with low to medium noise level bathroom door lock and handle are kind of confusing to use at first would definitely recommend for lunch,105,592,positive
DVwdqnIcG9l9deyAV8cEjA,Our waitress was great. The issue was my veggie burger was not cooked. They did take it off the bill but I don't plan on going back.,negative,positive,,,,,,,,,,,,1,our waitress was great the issue was my veggie burger was not cooked they did take it off the bill but i don t plan on going back,28,129,negative
9YXzd7f_RtPXyv354W9Q7w,"I came here for lunch and was very disappointed.  Bland and expensive for the amount and quality of food we received.  Lukewarm, nearly tasteless (how can Mexican food be tasteless???) and a total waste of my lunch hour.  Meh.  Do yourself a favor and support the many authentic, locally owned, non-chain Mexican restaurants.  I was wishing that I had gone to Mi Pueblo instead.......",negative,,,negative,,negative,,,,,,,,1,i came here for lunch and was very disappointed bland and expensive for the amount and quality of food we received lukewarm nearly tasteless how can mexican food be tasteless and a total waste of my lunch hour meh do yourself a favor and support the many authentic locally owned non chain mexican restaurants i was wishing that i had gone to mi pueblo instead,65,359,negative
llqUthbVLqU0WDnu-TFh0Q,"If I'm going to pay $9 for a burger, it better be good.  My last venture to 500 was a waste of my money.  I got the Turbo burger because I love spice and pickled jalapenos. The fries were great- crispy with the nice earthy tang of truffle- but the burger was seriously disappointing.  I ordered it medium rare and it came out well done and the cheese wasn't even melted. The person who rung me up was sullen and gruff. I had to ask twice to get my cup for water. Really the only good part was the fries. I won't be back.","negative, positive",negative,,negative,neutral,,,,,,,,,3,if i m going to pay for a burger it better be good my last venture to was a waste of my money i got the turbo burger because i love spice and pickled jalapenos the fries were great crispy with the nice earthy tang of truffle but the burger was seriously disappointing i ordered it medium rare and it came out well done and the cheese wasn t even melted the person who rung me up was sullen and gruff i had to ask twice to get my cup for water really the only good part was the fries i won t be back,105,498,neutral
STRDbH66JtZSm60yyjFw1A,"Always love coming here with my kids.  Friendly staff that are very accommodating and friendly.  The food is amazing.  Friday and Saturday nights there is buffet as well as every day at lunch.  We haven't eaten anything here that isn't good.  It is our pick amongst the St. Louis area Indian restaurants.  Even though we live in Ballwin near a few other restaurants,  this one is worth the drive!",positive,positive,,,positive,,,,,,,,,5,always love coming here with my kids friendly staff that are very accommodating and friendly the food is amazing friday and saturday nights there is buffet as well as every day at lunch we haven t eaten anything here that isn t good it is our pick amongst the st louis area indian restaurants even though we live in ballwin near a few other restaurants this one is worth the drive,71,380,positive
goS6BPv_0nDhy89HJ14XkA,"Its a decent place. Not the best italian food I had, but it was good. I was here for restaurant week. I had the lobster ravioli, the meatball appetizer and the brownie dessert. It was all good, nothing stood out as the best thing I have eaten. It was pricey, but I wasn't disappointed. They have a good wine list to choose from. Overall, if you are in the area I would give it a try. Its not something I would trek a long way down to eat.","neutral, positive",,,,,neutral,,negative,,,positive,,,5,its a decent place not the best italian food i had but it was good i was here for restaurant week i had the lobster ravioli the meatball appetizer and the brownie dessert it was all good nothing stood out as the best thing i have eaten it was pricey but i wasn t disappointed they have a good wine list to choose from overall if you are in the area i would give it a try its not something i would trek a long way down to eat,89,424,positive
zbbj5ZwqG5kj_Zefb2XscA,This place used to be much worse but the food has gotten better and the place renovated so the atmosphere is better.,positive,,positive,,,,,,,,,,,5,this place used to be much worse but the food has gotten better and the place renovated so the atmosphere is better,22,115,positive
oO-Iqg0BJBYkW593wQadlQ,"Food was awful!!!!! Tarter sauce tasted old, gumbo tasted like air freshener, and even the salad was horrible, payed way too much for food that was uneatable, very bad experience",negative,,,negative,,,,,,,,,,1,food was awful tarter sauce tasted old gumbo tasted like air freshener and even the salad was horrible payed way too much for food that was uneatable very bad experience,30,169,negative
GCJY4sVAySye62Kv8uof0w,"I visited Clayton Barber for the first time today, and will never be back. I'm glad that they are successful enough to run an appointment only barber, but rudely  turning away business with an empty shop is ridiculous.",,negative,,,,,,,,,,,,3,i visited clayton barber for the first time today and will never be back i m glad that they are successful enough to run an appointment only barber but rudely turning away business with an empty shop is ridiculous,39,213,neutral
pouCNK0hBhJc2WY0joqkbQ,"Great rich food,  but a lil bit pricey.  Everything tastes wonderful but nothing stays the same the menu is always changing.  The most unique donuts you will find.",positive,,,negative,neutral,,,,,,,,,3,great rich food but a lil bit pricey everything tastes wonderful but nothing stays the same the menu is always changing the most unique donuts you will find,28,156,neutral
WM8hDQi5x5I-gpeUg_GG-g,I am new to homebrewing and am so thankful for this place! I've been in once and they answered all my questions. I've even called in when I was having trouble getting my keg tapped and they very pleasantly helped me figure out was was wrong! I love Philly Homebrew Outlet and will be purchasing from them in the future!,,positive,,,,positive,,,,,,,,5,i am new to homebrewing and am so thankful for this place i ve been in once and they answered all my questions i ve even called in when i was having trouble getting my keg tapped and they very pleasantly helped me figure out was was wrong i love philly homebrew outlet and will be purchasing from them in the future,62,315,positive
hQnGUPmvVwEqq1gwfB4eyw,"Had the greek lasagna and greek potatoes.  Pretty good lunch, tasted pretty healthy and I'm not dead tired after lunch.  Best thing about this place...like many hot spots in South Tampa there are smoking hot girls in and out all day.  Now that's yummy.",positive,,positive,,,,,,,,,,,5,had the greek lasagna and greek potatoes pretty good lunch tasted pretty healthy and i m not dead tired after lunch best thing about this place like many hot spots in south tampa there are smoking hot girls in and out all day now that s yummy,47,242,positive
NlJvzUZ_-Ob2F8w2xyuudQ,"I went here with a friend of mine for a delightful mid-morning / afternoon treat.  We browsed the farmers market and found some amazing honey, salsa, meats, and more!  Then, we ended up eating in the kitchen and it was delicious!  Followed by lunch we went to the store and bought some macaroons - which was my first time to have these delicacies and they were out of this world!  Overall, we had a lovely time!",positive,,positive,,,,,,,,,,,5,i went here with a friend of mine for a delightful mid morning afternoon treat we browsed the farmers market and found some amazing honey salsa meats and more then we ended up eating in the kitchen and it was delicious followed by lunch we went to the store and bought some macaroons which was my first time to have these delicacies and they were out of this world overall we had a lovely time,75,393,positive
AmCi7F7Yo1Utgzkj886a-w,If I could give this 0/5 stars I would. The front desk staff is EXTREMELY RUDE. They are unwilling to help with anything. They overcharge you for everything. Housekeeping threw away some of our personal belongings when they cleaned the room. We ended up moving to a different hotel during the middle of our stay. Stay away from Royal Sonesta!,,negative,,,,,,negative,,,,,,3,if i could give this stars i would the front desk staff is extremely rude they are unwilling to help with anything they overcharge you for everything housekeeping threw away some of our personal belongings when they cleaned the room we ended up moving to a different hotel during the middle of our stay stay away from royal sonesta,59,331,neutral
dIrnN8UBRubrL1Oaw4rq8g,"Food: Terrible. We ordered the sashimi combo and the pieces were smaller than the size of a pinky. Everything is overpriced and when the sushi is falling apart you know there's something wrong here. Not surprisingly, the soup were served in small, cheap portions and the greens in our bentos were less that a forkful.   Service: Very friendly and helpful. A couple beside us broke a glass and they cleaned it up with smiles on their faces. Good for them!   Atmosphere: Professional, high class setting with casual shoppers coming in and out since it's the WEM we are speaking of!  Overall: Never coming here again.",negative,positive,positive,negative,,,,,,,,,,3,food terrible we ordered the sashimi combo and the pieces were smaller than the size of a pinky everything is overpriced and when the sushi is falling apart you know there s something wrong here not surprisingly the soup were served in small cheap portions and the greens in our bentos were less that a forkful service very friendly and helpful a couple beside us broke a glass and they cleaned it up with smiles on their faces good for them atmosphere professional high class setting with casual shoppers coming in and out since it s the wem we are speaking of overall never coming here again,107,593,neutral
MBrXrHhRAbM__74YsiQBxw,Great place for breakfast. Homemade corn beef hash and biscuits and gravy. Beautiful setting.  Friendly service. Fair prices.  Just a super place to come for breakfast along the water.,positive,positive,positive,,,positive,,positive,,,,,,5,great place for breakfast homemade corn beef hash and biscuits and gravy beautiful setting friendly service fair prices just a super place to come for breakfast along the water,29,176,positive
mpSF5MNA6lyV_OSkxi4uYg,"My wife and I ordered from Copa tonight.  It was surprisingly good. Not great, but good.  I got the coconut shrimp. It was very tasty. It was crispy and flavorful. The dipping sauce was good too, just not enough of it. I enjoyed the pineapple and rice. Although, there could have been more rice.  The chopped salad was decent too. I like the mix of ingredients, especially the jicama.  My wife got the chicken tenders and really liked them.  It's a good bang for you buck type of meal.",positive,,,,,,,positive,,,,,,5,my wife and i ordered from copa tonight it was surprisingly good not great but good i got the coconut shrimp it was very tasty it was crispy and flavorful the dipping sauce was good too just not enough of it i enjoyed the pineapple and rice although there could have been more rice the chopped salad was decent too i like the mix of ingredients especially the jicama my wife got the chicken tenders and really liked them it s a good bang for you buck type of meal,90,463,positive
9yQLlmI-uAoTd35g3Az-ug,Great seafood - Love the fried shrimp. My husband got the stuff I tried it but didn't like it so much. He's had the stuffed Mirliton,"positive, negative",,,,,,,,,,,,,3,great seafood love the fried shrimp my husband got the stuff i tried it but didn t like it so much he s had the stuffed mirliton,27,128,neutral
1C255cHg0dsl71xoFughkA,"I love the bacon cheese burger, but everytime I come here no matter how busy it is or even when it's dead I get crap service with crap attitudes from servers. The food and its location being really close to my house are the only reasons I come back.",positive,negative,,,,,,,,positive,,,,5,i love the bacon cheese burger but everytime i come here no matter how busy it is or even when it s dead i get crap service with crap attitudes from servers the food and its location being really close to my house are the only reasons i come back,50,246,positive
3eRIYY2jMy-LwDmKjhue_w,"The quality of the sushi itself is okay, but what really made Crazy Sushi stand out for me was the presentation. I had ordered three rolls and they were arranged neatly on a large platter with a fake bonzai tree! Seaweed salad was good, much better for the price than at Fuji Mountain. A nice BYO location that isn't too far from Penn's campus.","neutral, positive",,,positive,positive,,,,,positive,,,,5,the quality of the sushi itself is okay but what really made crazy sushi stand out for me was the presentation i had ordered three rolls and they were arranged neatly on a large platter with a fake bonzai tree seaweed salad was good much better for the price than at fuji mountain a nice byo location that isn t too far from penn s campus,66,338,positive
ExRfuo5_4evEVT3L4c_Nng,Go here for breakfast almost every weekend. Great huevos rancheros and enchiladas montadas. They are willing to make something special if you want.,positive,positive,,,,,,,,,,,,5,go here for breakfast almost every weekend great huevos rancheros and enchiladas montadas they are willing to make something special if you want,23,144,positive
tLIBML_k6DXA3H9PEjj7HA,Don't be cheated - this is an American restaurant. Too much salad dressing on every dish. The only good thing is the uni.,"negative, positive",,,,,negative,,,,,,,,3,don t be cheated this is an american restaurant too much salad dressing on every dish the only good thing is the uni,23,116,neutral
TbikcUbqg1ku2H69GqZnLA,"When I ate here I chose something a little off compared to the other things on the menu. Unfortunately my sense of trying something new was unsuccessful because I didn't really like the meal. Every pasta I had tasted dry to me, like it needed more sauce. But the environment there is perfect and you feel amazing . Just wish they could work on the food a bit.",negative,,positive,,,,,,,,,,,3,when i ate here i chose something a little off compared to the other things on the menu unfortunately my sense of trying something new was unsuccessful because i didn t really like the meal every pasta i had tasted dry to me like it needed more sauce but the environment there is perfect and you feel amazing just wish they could work on the food a bit,68,352,neutral
BbNDLthnnCMi7vcua1neuA,"Mediocre bbq and service. Lukewarm food. The way they bring food out is like this: one person gets their plate, another person gets their plate in about 10 min, and the third person gets theirs in about 5 min after that. Portions of the actual meat are pretty small. Bbq sauce is given if requested but they don't volunteer it. It is given in a small plate so you have a limit.",negative,negative,,,,,,,,,,,,1,mediocre bbq and service lukewarm food the way they bring food out is like this one person gets their plate another person gets their plate in about min and the third person gets theirs in about min after that portions of the actual meat are pretty small bbq sauce is given if requested but they don t volunteer it it is given in a small plate so you have a limit,71,363,negative
AzK0yfSVQ0tPQWJevNOyiw,"So the atmosphere isn't that great. Kind of like a cafeteria that plays TMZ. I'm a vegetarian so there isn't much for me here. Which should have been obvious due to the ""7 course beef"" offering. I got the lemongrass tofu which was ok....I won't be returning to this place.",neutral,,negative,,negative,negative,,,,,,,,1,so the atmosphere isn t that great kind of like a cafeteria that plays tmz i m a vegetarian so there isn t much for me here which should have been obvious due to the course beef offering i got the lemongrass tofu which was ok i won t be returning to this place,54,260,negative
zQ3kBDE1LVcavOojztYZOA,"Went here on Xmas eve or Xmas day and it was one of the only places open. This is not a fancy place, just a very simple family restaurant/diner.  We were suprised to see options that were only 5.95 whether they were breakfast options, or different chicken, pork, or pasta options. With it, you had choices of sides, and got a dessert. It was a really good deal, and it was tasty, and considering the price not bad at all. Again, not a fancy place, but a decent place for a stop for some food, and better than just a greasy fast food place.",positive,,,,positive,positive,,positive,,,,,,5,went here on xmas eve or xmas day and it was one of the only places open this is not a fancy place just a very simple family restaurant diner we were suprised to see options that were only whether they were breakfast options or different chicken pork or pasta options with it you had choices of sides and got a dessert it was a really good deal and it was tasty and considering the price not bad at all again not a fancy place but a decent place for a stop for some food and better than just a greasy fast food place,104,516,positive
VIC5IRQmCsVD3nfdH7d__g,"Like walking into a cave with Bacchus himself trying to sell you a bottle or 10. Best selection in town and by far the most enthusiasm for wine, which, in New Orleans, is saying something. Make the trip out.",,positive,positive,,positive,,,,,,,,,5,like walking into a cave with bacchus himself trying to sell you a bottle or best selection in town and by far the most enthusiasm for wine which in new orleans is saying something make the trip out,38,198,positive
zSNwKMaT4e1UWVS5tBouaA,"It was pretty full when I went like always. The food was pretty tasty, albeit a bit on the salty side. The service on the otherhand was rather mediocre. We didn't receive a menu when we first entered and had to call multiple waiters. We had to wait a long time for our food while people around us got theirs already. Although I understand that it was very busy, they pretty much ignored us with no apologies at all.","positive, negative",negative,,,,,,,,,,,,3,it was pretty full when i went like always the food was pretty tasty albeit a bit on the salty side the service on the otherhand was rather mediocre we didn t receive a menu when we first entered and had to call multiple waiters we had to wait a long time for our food while people around us got theirs already although i understand that it was very busy they pretty much ignored us with no apologies at all,80,407,neutral
t-VxzwrFJtm13GGcBO-2bw,"We love AJ's! The specialty food selections are outstanding. We love to get a light dinner and eat on the patio. Tonight we enjoyed soup and salads. The service experience at the deli counter is sort of hit and miss. Tonight they were understaffed.  We will be back.   First of all, the service at the deli was much improved since our last visit!  Tonight was another fun dinner on the patio! We enjoyed the fountain while enjoying our meal of turkey chili and the NY steak dinner. We will be back!",positive,"neutral, positive",positive,,,positive,,,,,,,,5,we love aj s the specialty food selections are outstanding we love to get a light dinner and eat on the patio tonight we enjoyed soup and salads the service experience at the deli counter is sort of hit and miss tonight they were understaffed we will be back first of all the service at the deli was much improved since our last visit tonight was another fun dinner on the patio we enjoyed the fountain while enjoying our meal of turkey chili and the ny steak dinner we will be back,92,482,positive
GbMcGLNuFFAEx38nUkxkgQ,Rons still a regular stop for me.  Usually some good craft beers  (excellent this week) and tasty food  (if you know what to stick with on menu).,positive,,,,,positive,positive,,,,,,,5,rons still a regular stop for me usually some good craft beers excellent this week and tasty food if you know what to stick with on menu,27,136,positive
E7igMHkfseLnRS7118KERw,"Great looking place. Lots of beer obviously. A beer lovers haven. Other than that, not much to differentiate this place from another bar except they have more beer choices. Not that a bar is a problem. Just looking for better food with the beer to enhance this place.  Hope they try to step up their game in that area. Kudos to our server Dave.  He was awesome. Great service, beard and stache!",negative,positive,,,,positive,,,,,positive,,,3,great looking place lots of beer obviously a beer lovers haven other than that not much to differentiate this place from another bar except they have more beer choices not that a bar is a problem just looking for better food with the beer to enhance this place hope they try to step up their game in that area kudos to our server dave he was awesome great service beard and stache,72,380,neutral
i9wzer9wJInHnlh6zVH56w,"Made reservation a over a week ago with request to be near band. On arrival they had no record of it. And we are stuck in the back next to the bathroom. 5 stars for cocktail,food, band and Atmosphere. 1 stars for utter lack of organization.  The woman who took it said she was new. Always call to confirm I guess. Completely disappointed esp since we've had such amazing experiences here in the past.  There open tables near front and were told they were for people with reservations",positive,negative,positive,,,,positive,,,,,,,5,made reservation a over a week ago with request to be near band on arrival they had no record of it and we are stuck in the back next to the bathroom stars for cocktail food band and atmosphere stars for utter lack of organization the woman who took it said she was new always call to confirm i guess completely disappointed esp since we ve had such amazing experiences here in the past there open tables near front and were told they were for people with reservations,88,468,positive
X6zqJa_N5zbT9vowCkZlng,"Three things to note:  1. Hand grenades are too sweet for my liking. 2. It's dirty, smelly, and loud in here (typical Bourbon). 3. Bartenders are rude.",,negative,negative,,,,negative,,,,,,,1,three things to note hand grenades are too sweet for my liking it s dirty smelly and loud in here typical bourbon bartenders are rude,25,133,negative
7RGcPXsoYgXWt7n1TKWNdA,"My first time here, after getting a recommendation from a colleague. One of the best cubans i have ever had, including cubans from La Teresita in Tampa, and a few places in Miami. I will definitely be trying the other items on the menu, including the yellow rice & black beans, as well as the picadillo.   What makes this family run business even better is the level of engagement each customer gets from the staff, most notably the owner and mother, who makes sure that you feel welcome and entertained. If you are looking for authentic Cuban staples, you absolutely have to experience this place.",positive,positive,,,,positive,,,,,,,,5,my first time here after getting a recommendation from a colleague one of the best cubans i have ever had including cubans from la teresita in tampa and a few places in miami i will definitely be trying the other items on the menu including the yellow rice black beans as well as the picadillo what makes this family run business even better is the level of engagement each customer gets from the staff most notably the owner and mother who makes sure that you feel welcome and entertained if you are looking for authentic cuban staples you absolutely have to experience this place,104,581,positive
r9Qn_Y3nT-AWDdi3pCz07A,"The food was decent. Several items were a little too salty, but overall it was  a good experience. The service could be a little tighter.","neutral, negative",negative,,,,,,,,,,,,1,the food was decent several items were a little too salty but overall it was a good experience the service could be a little tighter,25,132,negative
W67uN2nO0Tp22YMoano4JA,"A++ for ambience. Very cozy English pub feel. Great drinks too - the bartenders here know how to mix 'em. That being said, the prices are steep (I paid $7 for a standard mixed drink) and the seating is limited.",,,positive,,,,positive,,negative,,,negative,,5,a for ambience very cozy english pub feel great drinks too the bartenders here know how to mix em that being said the prices are steep i paid for a standard mixed drink and the seating is limited,38,195,positive
c0tA0llPYzPeeqe83z7gCw,"On dec 4th went for dinner at earls in Sherwood Park. I have not been there for awhile as it is usually too busy to get  in Anyways they  have done renovations since,so went too see and I was not impressed.They use high end materials from cultural stone to beautiful light fixtures but when u look around it is all booths just like Humphrey s. No privacy, and no class......and still noisy",,,"positive, negative",,,,,negative,negative,,,,,3,on dec th went for dinner at earls in sherwood park i have not been there for awhile as it is usually too busy to get in anyways they have done renovations since so went too see and i was not impressed they use high end materials from cultural stone to beautiful light fixtures but when you look around it is all booths just like humphrey s no privacy and no class and still noisy,75,380,neutral
1jpF8KyWSbXoNYQ4gDaIng,"I don't know why you people are all here lying to people. I got the fish tacos, they are absolutely disgusting. Is the fish boiled? Who boils fish for tacos? Because that is literally what this tastes like. Irrelevant, it is still Bland and tasteless. Also, I asked for flour tortillas, and I still got corn so thank you for that. And then the tortilla completely disintegrates on contact: what the heck is happening here?? Biggest waste of money ever, and into the trash it goes. I guess the hunt for good taco spots in town continues.",negative,negative,,,,,,negative,,,,,,1,i don t know why you people are all here lying to people i got the fish tacos they are absolutely disgusting is the fish boiled who boils fish for tacos because that is literally what this tastes like irrelevant it is still bland and tasteless also i asked for flour tortillas and i still got corn so thank you for that and then the tortilla completely disintegrates on contact what the heck is happening here biggest waste of money ever and into the trash it goes i guess the hunt for good taco spots in town continues,98,519,negative
MmE5fyvflezLXbQyFkPivg,"It's probably only good because this is the only Asian/Taiwanese place. But I don't know what the hype of the braised beef noodle is because it wasn't even good. The whole soup was really bland. The noodles were kind of hard and had absolutely no flavor.  They have a little boba section in the restaurant, so that's kind of cool, a lot of drink options. The environment is decent.",negative,,positive,,,,,,,,positive,,,3,it s probably only good because this is the only asian taiwanese place but i don t know what the hype of the braised beef noodle is because it wasn t even good the whole soup was really bland the noodles were kind of hard and had absolutely no flavor they have a little boba section in the restaurant so that s kind of cool a lot of drink options the environment is decent,74,372,neutral
ItdTEzYEXp5ZUGIOAV4rZg,Was visiting Indy and checking out different Brewery's.  This place was really hard to find it's on the back side of Mass Ave.   total hole in the wall place.     I believe this place just opened and they were still working on it.   The space has character.    You can get a pint and some pretzels and chill out a bit.   I'm a fan of brown ale and theirs was just incredible light for me and didn't feel any of the other beers I tried.    If  you're in town stop by as I'm thinking this place will improve.,positive,neutral,positive,,,neutral,positive,,,,,,,5,was visiting indy and checking out different brewery s this place was really hard to find it s on the back side of mass ave total hole in the wall place i believe this place just opened and they were still working on it the space has character you can get a pint and some pretzels and chill out a bit i m a fan of brown ale and theirs was just incredible light for me and didn t feel any of the other beers i tried if you re in town stop by as i m thinking this place will improve,102,480,positive
a5Fmk_AKuHdJRFgrmucIyw,"Good beer selection, knowledgeable staff. Had I not ordered food here it would have an enjoyable experience. Some how received undercooked inedible Fries, one well done burger and one burger medium rare.... both burgers were served on buns that felt straight out of the refrigerator, slightly hard and cold. If you're drunk the foods good, don't eat it sober, plus add in service that was lackluster at best. We couldn't even eat the food and left it untouched. We told the the bartender no we didn't want it and what was wrong with it. Charged us full price.",negative,"positive, negative",,negative,,,,,,,positive,,,1,good beer selection knowledgeable staff had i not ordered food here it would have an enjoyable experience some how received undercooked inedible fries one well done burger and one burger medium rare both burgers were served on buns that felt straight out of the refrigerator slightly hard and cold if you re drunk the foods good don t eat it sober plus add in service that was lackluster at best we couldn t even eat the food and left it untouched we told the the bartender no we didn t want it and what was wrong with it charged us full price,102,543,negative
Kv_hgW-j2hRagpfds7088Q,"I'm convinced that the people that work here just make whatever they think you should drink rather than what you actually order. I especially love when one certain condescending employee informs me that ""skim milk beverages do not come with whip"" after requesting no whip. Oh but it does...every.single.time. The other day, I ordered 3 items and every single item was either made incorrectly or completely the wrong thing.  Also, the drive thru....so slow. Glacial, even.",,negative,,,,,negative,,,,,,,3,i m convinced that the people that work here just make whatever they think you should drink rather than what you actually order i especially love when one certain condescending employee informs me that skim milk beverages do not come with whip after requesting no whip oh but it does every single time the other day i ordered items and every single item was either made incorrectly or completely the wrong thing also the drive thru so slow glacial even,80,452,neutral
_h6NvONt5vGBrEMqEZQcnQ,"We're new to the area, so we're exploring restaurants every weekend. My wife has already proclaimed The Roost her favorite, and that's based on many years of breakfast dining, not just in this area. They bake all their own breads and pastries. Try the raisin bread or sugar-cinnamon toast. Yum! The cornbread casserole is another dish my wife and I highly recommend. And the service was prompt, attentive and very friendly. Enjoy!",positive,positive,,,,positive,,,,,,,,5,we re new to the area so we re exploring restaurants every weekend my wife has already proclaimed the roost her favorite and that s based on many years of breakfast dining not just in this area they bake all their own breads and pastries try the raisin bread or sugar cinnamon toast yum the cornbread casserole is another dish my wife and i highly recommend and the service was prompt attentive and very friendly enjoy,76,418,positive
oBTsbtqTwrjP_yCMpmD-Ww,"Posted hours indicate a 9pm closing on Monday nights. Last night at 8:53, the door was locked. Not a big deal, but as I glanced at the hours a surly clerk near the door said in a rather mean tone, ""It doesn't matter anyway. GOODBYE!""  Really? That's how you do business? Be shitty and antagonistic to customers because you close early?   I've spent my final dime in Am. Spirits, there are other options.",,negative,,,,negative,,,,,,,,1,posted hours indicate a pm closing on monday nights last night at the door was locked not a big deal but as i glanced at the hours a surly clerk near the door said in a rather mean tone it doesn t matter anyway goodbye really that s how you do business be shitty and antagonistic to customers because you close early i ve spent my final dime in am spirits there are other options,75,379,negative
tbLx0sZ8sLtOSsl6y7eETA,"I didn't stay in the hotel. My opinion is about the beach and the bar. The beach is actually great, has beautiful view. But the service in the bar is rude. Instead of serving people they discuss with customers, coworkers. I saw one bartender how he slapped a girl in a butt. Really? No respect. The next thing is the place for renting jet ski.Idk who was that but blonde guy doesn't have a clue how to deal with people. He was rude!!",,negative,,,,negative,,,,positive,,,,3,i didn t stay in the hotel my opinion is about the beach and the bar the beach is actually great has beautiful view but the service in the bar is rude instead of serving people they discuss with customers coworkers i saw one bartender how he slapped a girl in a butt really no respect the next thing is the place for renting jet ski i do not know who was that but blonde guy doesn t have a clue how to deal with people he was rude,89,430,neutral
Fk-ExH4pvjBcwCuTG81gSg,"This may look like just a hole in the wall food establishment but if you judge on that alone, you'd be missing out. The food here is fantastic from the way it's prepared to the seasoning they use. Amazing gyros, fish and chicken in a variety of ways. Whatever you do, please try some dessert when you go.",positive,,,,positive,,,,,,,,,5,this may look like just a hole in the wall food establishment but if you judge on that alone you d be missing out the food here is fantastic from the way it s prepared to the seasoning they use amazing gyros fish and chicken in a variety of ways whatever you do please try some dessert when you go,60,297,positive
2KxuaCOzuXpnZ--1BA-X_g,"I wanted to like this place as the food was good but they crammed our party of 11 into a single booth which ruined the night. On top of that, the portions were not sized right for our group so most left hungry and the service was poor. The oddest thing of the night was they kept locking the door to the restaurant despite it being middle of service (7pm). Would not recommend.","positive, negative",negative,negative,,,,,,negative,,,,,3,i wanted to like this place as the food was good but they crammed our party of into a single booth which ruined the night on top of that the portions were not sized right for our group so most left hungry and the service was poor the oddest thing of the night was they kept locking the door to the restaurant despite it being middle of service pm would not recommend,72,366,neutral
9gMt7m8MNYlLY2srGtffpw,The shop was busy when I entered so I was not greeted.  I noticed a sign in sheet on the counter and being reasonably intelligent I signed in on the next available slot.  After waiting for over twenty minutes I rechecked and found that my name had been inadvertently crossed off.  Not wanting to make a scene with a person I expected to then cut my hair I left.  I am probably not going to give them a second chance.  On the plus side I did enjoy watching some March Madness action while I waited.,,negative,positive,,,,,,,,,,,5,the shop was busy when i entered so i was not greeted i noticed a sign in sheet on the counter and being reasonably intelligent i signed in on the next available slot after waiting for over twenty minutes i rechecked and found that my name had been inadvertently crossed off not wanting to make a scene with a person i expected to then cut my hair i left i am probably not going to give them a second chance on the plus side i did enjoy watching some march madness action while i waited,95,486,positive
sOVkacZiV50dLVnAecUrlA,This was the worst Chinese food I have ever had. Tasteless soup. Dry and over cooked wontons. The bourbon chicken made us ill. The friendly and courteous staff almost made me not want to write this. Be afraid. Be very afraid.,negative,positive,,,,,,,,,,,,1,this was the worst chinese food i have ever had tasteless soup dry and over cooked wontons the bourbon chicken made us ill the friendly and courteous staff almost made me not want to write this be afraid be very afraid,41,218,negative
3TARi_spDx3FfTmZXktAiQ,"We had a reservation and were seated immediately upon arrival. The menu consists of small plates, so really nice for sampling a number of different items on the menu. We tried the sliders, fish tacos, fries and mac&cheese, all of which were pretty good. There was a lovely duo playing during our dinner and it was nice that we were able to enjoy the music and still have a conversation.  A few tips if you have never been here before: - Make sure you have a reservation or be subject to dine/stand at the bar. - Even with a reservation, you are instructed to complete your dining within 90 minutes of being seated. Understandable.  - Try everything!",positive,positive,positive,,positive,,,,,,,,,5,we had a reservation and were seated immediately upon arrival the menu consists of small plates so really nice for sampling a number of different items on the menu we tried the sliders fish tacos fries and mac cheese all of which were pretty good there was a lovely duo playing during our dinner and it was nice that we were able to enjoy the music and still have a conversation a few tips if you have never been here before make sure you have a reservation or be subject to dine stand at the bar even with a reservation you are instructed to complete your dining within minutes of being seated understandable try everything,115,624,positive
2D5DtWKHbN2ghLvxQmG-1w,"I'm visiting St. Louis for a few days and had a taste for Indian food! I decided to opt out of some of the more expensive restaurants in favor of this restaurant. I am glad I did! This place is a little deceiving (its a small restaurant in a strip mall) but boy, does it deliver. Everyone I went with enjoyed the food, it was fresh and extremely delicious. Not to mention, quite affordable! The owner was friendly to boot. Check this place out for a really good meal!",positive,positive,,positive,,positive,,,,,,,,5,i m visiting st louis for a few days and had a taste for indian food i decided to opt out of some of the more expensive restaurants in favor of this restaurant i am glad i did this place is a little deceiving its a small restaurant in a strip mall but boy does it deliver everyone i went with enjoyed the food it was fresh and extremely delicious not to mention quite affordable the owner was friendly to boot check this place out for a really good meal,90,453,positive
_tAwaRbfLK0UJBQUsDKbeA,"I went here for the first time today with my 4 year old son and left very disappointed. The food was fantastic, but the following 3 things left me reeling: bad service, price, and food portion. We went on a Sunday afternoon with around 10 other patrons in the whole restaurant. Our waitress was so slow, rarely even checked on us, and had an attitude. I spent $30 on myself and a kids meal, and the portions looked like they came out of ice cream scoops, including the frickin meat! I will not be returning here. If you want great BBQ for a good price that will fill you up, try Lil mickeys BBQ in St. Peters.",positive,negative,,,negative,,,negative,,,,,,5,i went here for the first time today with my year old son and left very disappointed the food was fantastic but the following things left me reeling bad service price and food portion we went on a sunday afternoon with around other patrons in the whole restaurant our waitress was so slow rarely even checked on us and had an attitude i spent on myself and a kids meal and the portions looked like they came out of ice cream scoops including the frickin meat i will not be returning here if you want great bbq for a good price that will fill you up try lil mickeys bbq in st peters,113,581,positive
ZwfIQvFSAHgeVFjghAMO_A,Had brunch on a Saturday. Food was delicious! Service was great! Great atmosphere! Will definitely put this place in my rotation of favorite spots!,positive,positive,positive,,,positive,,,,,,,,5,had brunch on a saturday food was delicious service was great great atmosphere will definitely put this place in my rotation of favorite spots,24,142,positive
OXiYENXL835wlj9vZ2KN1Q,"I love Natural Cafe! Delicious and fresh food and you can get anything from salads to pasta to salmon, rice, and veggies. I also love the environment and the little flowers they have on every table. I've had a few subpar interactions with the employees there but nothing to stop me from coming back.",positive,negative,positive,,,positive,,,,,,,,5,i love natural cafe delicious and fresh food and you can get anything from salads to pasta to salmon rice and veggies i also love the environment and the little flowers they have on every table i ve had a few subpar interactions with the employees there but nothing to stop me from coming back,55,293,positive
XzHZUPfZ_mBQCIuDk9n5iQ,"Ate during the lunch buffet. Not terribly impressed, the food was slightly below average and the goat curry was stringy and I found three bone shards. If you are hungry and want a lunch where you don't have to wait for service then you'll be fine. otherwise I would pass.",negative,positive,,,,,,,,,,,,1,ate during the lunch buffet not terribly impressed the food was slightly below average and the goat curry was stringy and i found three bone shards if you are hungry and want a lunch where you don t have to wait for service then you ll be fine otherwise i would pass,52,266,negative
TcYhEIcbrVlojGfS4sTZOQ,"Food and beer was great. Very dissatisfied with the service, sat at a table and waited 10 minutes to get served. Come here almost every week and have never had a issue with the service.",positive,negative,,,,,positive,,,,,,,5,food and beer was great very dissatisfied with the service sat at a table and waited minutes to get served come here almost every week and have never had a issue with the service,34,178,positive
-7wZLHrckzyOr-fX_CiT4A,"So worth the wait! The crepes are amazing! I also loved the grits, which is rare. Tried my hubby's pancakes....awesome!",positive,,,,,,,,,,,,,5,so worth the wait the crepes are amazing i also loved the grits which is rare tried my hubby s pancakes awesome,22,111,positive
FbYShDGBTQb2tTEHHAtG9g,Just average. My wife and I were one of two occupied tables on the night we visited. The food was OK but nothing special. The prices were along the lines of Lil' Abners and Daisy Maes which ARE good steak houses. The staff seem pretty uninterested as a whole. Service was slow even though there was only one other table besides ours. I had expected better for the price paid.,neutral,negative,,,,neutral,,neutral,,,,,,3,just average my wife and i were one of two occupied tables on the night we visited the food was ok but nothing special the prices were along the lines of lil abners and daisy maes which are good steak houses the staff seem pretty uninterested as a whole service was slow even though there was only one other table besides ours i had expected better for the price paid,70,367,neutral
a4p0CRz3A-APavbD1IT8UQ,Took a long time for me to finally come here due to formerly lack luster reviews. I had a great experience at lunch.  Service was kind and attentive; there were only 1-2 other customers. All 3  rolls were delicious.   I will say they were notably smaller than other sushi spots. We noticed right away after sharing 3 rolls that we were not bursting with fullness as usual.  Prices were typical. Specialty roll options not as abundant as competitors. Groupon deal was irresistible. Would have no problem returning but a couple other spots would probably be my first choice.,"positive, negative",positive,,neutral,negative,,,positive,,,,,,3,took a long time for me to finally come here due to formerly lack luster reviews i had a great experience at lunch service was kind and attentive there were only other customers all rolls were delicious i will say they were notably smaller than other sushi spots we noticed right away after sharing rolls that we were not bursting with fullness as usual prices were typical specialty roll options not as abundant as competitors groupon deal was irresistible would have no problem returning but a couple other spots would probably be my first choice,95,548,neutral
ByfKn8haJuDr0uX3nPGqwg,"Don't expect to get any work done here.  Despite a lovely remodel of the bicycle store that was here, along with a good sized parking lot, there is quite literally not a single table in the entire joint with an electrical outlet.  No plugging in your phone, computer, nothing.  Sat here for tea (which was fine) for 20 minutes, didn't even unpack my stuff. I won't be back.",,,negative,,,,neutral,,,,,,,1,don t expect to get any work done here despite a lovely remodel of the bicycle store that was here along with a good sized parking lot there is quite literally not a single table in the entire joint with an electrical outlet no plugging in your phone computer nothing sat here for tea which was fine for minutes didn t even unpack my stuff i won t be back,70,355,negative
LF6id28EwPloQoIySIT5aw,"I want to love this place, but I can't. It's hipsterific, with kombucha, decent snacks, great teas, and a quiet chill place to work. However, they have the worst WiFi. In fact just consider that this place does not offer Wifi.",,,positive,,positive,negative,,,negative,,"neutral, positive",,,3,i want to love this place but i can t it s hipsterific with kombucha decent snacks great teas and a quiet chill place to work however they have the worst wifi in fact just consider that this place does not offer wifi,43,216,neutral
zGOU_UKPvMDaERtDqLsowg,"Amazing food, great atmosphere. Glad we now have a quick way to get our Indian cuisine! I will definitely be back and bringing friends and family!!",positive,,positive,,,,,,,,,,,5,amazing food great atmosphere glad we now have a quick way to get our indian cuisine i will definitely be back and bringing friends and family,26,142,positive
qN7RfHGqzuWz-aE4Ik7_GA,Pretty looking on the outside. Still amateur on the inside. This owner has an inflated ego.. don't pump your money into inferior product. Go to La Bonne Boucher. It's the real thing.,negative,negative,positive,,,,,,,,,,,3,pretty looking on the outside still amateur on the inside this owner has an inflated ego don t pump your money into inferior product go to la bonne boucher it s the real thing,34,175,neutral
Msb02JkfIqVIEOjR9wFYPg,"We have been here three times, and each time have had to send back a burger that was way overcooked.  The replacement burgers have all been good, but that means one person is done eating by the time the other person is not even started yet.  They claim to have the best burgers, but I guess not the best cooks.  The atmosphere is cool, the beer garden one of the best around.  I want to come back and have an experience that makes me give them a better rating.","negative, positive",negative,positive,,,,,,,,,,,3,we have been here three times and each time have had to send back a burger that was way overcooked the replacement burgers have all been good but that means one person is done eating by the time the other person is not even started yet they claim to have the best burgers but i guess not the best cooks the atmosphere is cool the beer garden one of the best around i want to come back and have an experience that makes me give them a better rating,89,447,neutral
c_Iy6yFpJzQqCsYb5IX-rw,"Ate there last night with the family. They did a nice job of fixing the place up, though the layout is odd. You have to walk all the way to the back before you see anyone. The staff very nice. We ordered empanadas which I was not impressed with, very dry crust. My wife had the chicken quesadilla which she enjoyed. I had the pequena while I thought was very good though the fried pork was over cooked. My daughter had a cheeseburger which she wasn't impressed with, just a plain ol frozen patty.  I do recommend the Spanish/Mexican food, this place has potential if they focused on one genre of food.","negative, positive",positive,negative,,,positive,,,,,,,,3,ate there last night with the family they did a nice job of fixing the place up though the layout is odd you have to walk all the way to the back before you see anyone the staff very nice we ordered empanadas which i was not impressed with very dry crust my wife had the chicken quesadilla which she enjoyed i had the pequena while i thought was very good though the fried pork was over cooked my daughter had a cheeseburger which she wasn t impressed with just a plain ol frozen patty i do recommend the spanish mexican food this place has potential if they focused on one genre of food,114,587,neutral
3lwAyxwk0zxKI8JkINtXXQ,What a hidden gem of a restaurant.  While everyone else go to Taco Bus and stands in long lines I'll come here to Taco Son and get just as good of food without the lines. Everything here is made from scratch and you can taste the freshness of the ingredients.  The portions are big so you get your monies worth. Oh and their breakfast burritos are killer grab you one after a long night.,positive,,,,,positive,,positive,,,,,,5,what a hidden gem of a restaurant while everyone else go to taco bus and stands in long lines i ll come here to taco son and get just as good of food without the lines everything here is made from scratch and you can taste the freshness of the ingredients the portions are big so you get your monies worth oh and their breakfast burritos are killer grab you one after a long night,75,380,positive
JBWZmBy69VMggxj3eYn17Q,"My boyfriend and I tried this deli for the first time today. I had a turkey, avocado & bacon panini and he ha a buffalo chicken wrap. We will definitely be returning. The wait for food wasn't too long, which is always appreciated during lunch hour. There was SO much to choose from. They have salads, soup, macaroni, sandwiches and hot food. I love a deli that has many options to choose from!",positive,positive,,,positive,,,,,,,,,5,my boyfriend and i tried this deli for the first time today i had a turkey avocado bacon panini and he ha a buffalo chicken wrap we will definitely be returning the wait for food wasn t too long which is always appreciated during lunch hour there was so much to choose from they have salads soup macaroni sandwiches and hot food i love a deli that has many options to choose from,73,379,positive
K_J3aKPiNQ2onKCblbOFtw,"Applebee's isn't really my thing, but I had a gift card, so we stopped in. It was actually pretty good. My wife's portabella chicken was very tasty and perfectly cooked. My bourbon street steak was also cooked nicely, but it did have that weird Applebee's steak texture. The pretzel sticks were a really good appetizer, though. Ceasar salads were fresh and good. Not too shabby, Applebee's!","positive, neutral",,,,,,,,,,,,,5,applebee s isn t really my thing but i had a gift card so we stopped in it was actually pretty good my wife s portabella chicken was very tasty and perfectly cooked my bourbon street steak was also cooked nicely but it did have that weird applebee s steak texture the pretzel sticks were a really good appetizer though ceasar salads were fresh and good not too shabby applebee s,71,378,positive
_i0Ofi9owHHxypgetGRL4g,"The service and beer selection were in my top 5 favorites of all time.  The staff were very attentive and helpful. They helped one another. The food was great from the Kobe sliders to the crab-cake.  When in town, this is my favorite place to go.",positive,positive,,,,positive,,,,,positive,,,5,the service and beer selection were in my top favorites of all time the staff were very attentive and helpful they helped one another the food was great from the kobe sliders to the crab cake when in town this is my favorite place to go,46,236,positive
oPes27qEd4prveltgBtxJg,"This place is pretty amazing with a novel idea. The pizza is great, the choices are vast.   Only suggestion: clean the walls, they are covered in dust and lint (look up)",positive,,negative,,positive,positive,,,positive,,,,,3,this place is pretty amazing with a novel idea the pizza is great the choices are vast only suggestion clean the walls they are covered in dust and lint look up,31,160,neutral
Y9X_pfyN7KyuLsJREUqPPw,Their salsa was flavorless. To many green peppers in the fijitas compared to the onion and the chicken was dry.  Had to ask for more torrtias because the first ones where dried out. The kid who brought out the food didn't warn is how hot the plates where. My food was just pay. And by the way no Tolet seat in the men's room.,negative,negative,,,,,,,negative,,,,,1,their salsa was flavorless to many green peppers in the fijitas compared to the onion and the chicken was dry had to ask for more torrtias because the first ones where dried out the kid who brought out the food didn t warn is how hot the plates where my food was just pay and by the way no tolet seat in the men s room,66,318,negative
jTm_vNAYnlmE5eWNUPbEYg,"Awesome sports bar--- and the food is great. This place gets overrun with the college crowd during the school year, but doesn't get as clubby/crowded as Sportsman's.",positive,,negative,,,positive,,,,,,,,3,awesome sports bar and the food is great this place gets overrun with the college crowd during the school year but doesn t get as clubby crowded as sportsman s,30,159,neutral
MBq7Sz8-ETH_cgpFpquO8w,"Arriving into a restaurant that very clearly made no changes from the Mexican restaurant it used to be. Was given a crumpled up piece of paper that was my drink menu. All bar drinks were $10+ but none were even remotely worth it. I ordered a beer and had to give a second choice in case they didn't have the first one, apparently it happens a lot. As we are getting a small appetizer a bus boy proceeds to tell us gross stories of children contaminating the tables and how he can never get them clean. I was very unhappy with this place.",,negative,negative,,,negative,negative,,,,negative,negative,,1,arriving into a restaurant that very clearly made no changes from the mexican restaurant it used to be was given a crumpled up piece of paper that was my drink menu all bar drinks were but none were even remotely worth it i ordered a beer and had to give a second choice in case they didn t have the first one apparently it happens a lot as we are getting a small appetizer a bus boy proceeds to tell us gross stories of children contaminating the tables and how he can never get them clean i was very unhappy with this place,103,525,negative
4OcRfnJiiJF6MROv9hTxQg,"Just had chicken taco, steak taco, and chicken salad. Chicken was a little cold from sitting on the cool salad container. The chicken was fresh and juicy. The steak taco was delicious and had ample meat for the taco size. The salad had a zesty lime based salad dressing which was delicious. My regret is that I did not order enough food so my wife asked me to go out and get more tacos.","neutral, positive",,,,,,,,,,,,,5,just had chicken taco steak taco and chicken salad chicken was a little cold from sitting on the cool salad container the chicken was fresh and juicy the steak taco was delicious and had ample meat for the taco size the salad had a zesty lime based salad dressing which was delicious my regret is that i did not order enough food so my wife asked me to go out and get more tacos,74,378,positive
716BqF7YD-eAiI0PpYL9jw,"Easy online ordering. Food was good. We had a cheesesteak with fried onions, mozzarella sticks, onion rings, and a pizza steak.  One thing I didn't like was that the cheese steak automatically comes with sauce. It doesn't mention this on the menu so I didn't know to order it without sauce.","positive, negative",,,,,,,,"positive, negative",,,,,3,easy online ordering food was good we had a cheesesteak with fried onions mozzarella sticks onion rings and a pizza steak one thing i didn t like was that the cheese steak automatically comes with sauce it doesn t mention this on the menu so i didn t know to order it without sauce,54,281,neutral
fEq7AbUENPZlNhIjHr9NzQ,Slllooowweeessttt deli counter ever! Been waiting for over 20 minutes for the Daily Special of all things. I could have caught the fish myself in this amount of time.,,negative,,,,,,,,,,,,3,slloowweesstt deli counter ever been waiting for over minutes for the daily special of all things i could have caught the fish myself in this amount of time,28,156,neutral
GV3MduPY1YtOP5vzTYEU3A,"This was the second time coming here.  First time we came the wait for a drink (only got a drink) was quite long.  The second time coming was for dinner.  I personally ordered a Johnny Blaze...this was good; however, the burger was half the size of the bun...So I feel like I just got one slider and a handful of fries.  The other order was a Ruuurouper (grouper tacos) which was sooooo rubbery tasting I actually spit it out.   It seemed as though I was gnawing on my tire.  It's unfortunate as the ambiance is pretty decent and wait staff was attentive.","positive, negative","negative, positive",positive,,,,negative,,,,,,,3,this was the second time coming here first time we came the wait for a drink only got a drink was quite long the second time coming was for dinner i personally ordered a johnny blaze this was good however the burger was half the size of the bun so i feel like i just got one slider and a handful of fries the other order was a ruurouper grouper tacos which was soo rubbery tasting i actually spit it out it seemed as though i was gnawing on my tire it s unfortunate as the ambiance is pretty decent and wait staff was attentive,105,527,neutral
HcTEtuUhgJ6R-ASWTHxgWg,Great cake like donuts and the peanut butter fluff is their best one especially with peanuts. I would say the best local place in the area.,positive,,,,,positive,,,,,,,,5,great cake like donuts and the peanut butter fluff is their best one especially with peanuts i would say the best local place in the area,26,137,positive
y8PRSF5TV3O71Iq0c6lxQA,Add a star if you are vegan. Good tasting but a bit greasy. The mock meats were pretty good especially the chicken drumsticks.Reasonably priced. Will go back and try  little fresher choices.,"positive, negative",,,positive,,,,,,,,,,3,add a star if you are vegan good tasting but a bit greasy the mock meats were pretty good especially the chicken drumsticks reasonably priced will go back and try little fresher choices,33,185,neutral
nr3xQXUl3f-BwBWbu8ipsQ,The food is never consistently the same.  I guess they must be one of the busiest locations in St Louis so beware of a constant crowed and don't except to get the same quality you might get at your usual location. And the Internet connection is useless.,negative,,negative,,,,,,negative,,,,,1,the food is never consistently the same i guess they must be one of the busiest locations in st louis so beware of a constant crowed and don t except to get the same quality you might get at your usual location and the internet connection is useless,48,249,negative
BliwMeEGWCN34_Wg9vsyEA,"Upscale place, food is great here and next door at Kona's. Live music in the back at Apri's. Whole package, you won't be disappointed.",positive,,positive,,,positive,,,,,,,,5,upscale place food is great here and next door at kona s live music in the back at apri s whole package you won t be disappointed,27,129,positive
WzUTZT2T9sksgsJqbjJypA,This place is great! I always get the buffalo chicken cheesesteak with American cheese and it comes out good every time. The employees are always nice as well. Only thing I don't like is the horrible yellow lights they have above the seating area outside! It's like an instant headache!,positive,positive,negative,,,positive,,,,,,,,3,this place is great i always get the buffalo chicken cheesesteak with american cheese and it comes out good every time the employees are always nice as well only thing i don t like is the horrible yellow lights they have above the seating area outside it s like an instant headache,52,281,neutral
ERTejHvTN99rza1kDmHA3g,"Ugly yellow building - very ghetto. Very out-of-place looking, especially for this side of town. How is the food? To be honest, we really didn't like it.",negative,,,,,,,,,negative,,,,1,ugly yellow building very ghetto very out of place looking especially for this side of town how is the food to be honest we really didn t like it,29,145,negative
5_xWY_CT7mAZrpkCdxCLFQ,"The deals that are offered at Ninki are great (who wouldn't want 50% off sushi rolls!), but the actual sushi isn't that great. My sushi was very bland and had no taste to it. I tried some of the fried rice from my husband's bento box and it was bland as well! The only thing I liked was their gyoza...now that was good!  Probably won't be returning here anytime soon.","negative, positive",,,,,,,positive,,,,,,3,the deals that are offered at ninki are great who wouldn t want off sushi rolls but the actual sushi isn t that great my sushi was very bland and had no taste to it i tried some of the fried rice from my husband s bento box and it was bland as well the only thing i liked was their gyoza now that was good probably won t be returning here anytime soon,74,351,neutral
PfzN_ZsOPIvpXZKUWNRyOw,"I had the Pineapple Basil Lemonade which is absolutely delicious! I'm glad I got it at the happy hour price of $5 though, because I doubt there was more than a teaspoon of alcohol in it, so $9 would have been overpriced. I also had the fried chicken salad and was not at all impressed. For $14 the portion was small and it was nothing but the salad mix you buy in a bag at the grocery and a couple fried chicken strips with honey mustard dressing",negative,,,negative,,,positive,,,,,"negative, positive",,1,i had the pineapple basil lemonade which is absolutely delicious i m glad i got it at the happy hour price of though because i doubt there was more than a teaspoon of alcohol in it so would have been overpriced i also had the fried chicken salad and was not at all impressed for the portion was small and it was nothing but the salad mix you buy in a bag at the grocery and a couple fried chicken strips with honey mustard dressing,85,431,negative
FCPtJw25EBC8lP16KbB4vw,My brother raves about this place and it was better than described. The service and food was excellent. Everyone was very nice and attentive. Cannot say enough good things about the place.,positive,positive,,,,positive,,,,,,,,5,my brother raves about this place and it was better than described the service and food was excellent everyone was very nice and attentive cannot say enough good things about the place,32,184,positive
mtng7UJud3_cbJnMVVQ-Hw,"Ate Here Today the appetizers are good. Had the  fried Calamari was very good! I had the pasta an didnt really like it.But ate it it was really  too much garlic.I""ll come here for the  appetizers!","positive, negative",,,,,,,,,,,,,3,ate here today the appetizers are good had the fried calamari was very good i had the pasta an did not really like it but ate it it was really too much garlic i ll come here for the appetizers,40,192,neutral
nWmaktIuBdAJvVDwDdUOEQ,"Decent food, but avoid this place during lunch hour at all costs. They can't seem to get their orders straight. Wasted an hour. As can be seen on lower rating for this particular branch, the service problem seems to be unique to this particular location.",neutral,negative,,,,negative,,,,,,,,1,decent food but avoid this place during lunch hour at all costs they can t seem to get their orders straight wasted an hour as can be seen on lower rating for this particular branch the service problem seems to be unique to this particular location,46,248,negative
JpGfQxcoEq9CF7lq4ktawg,It's not the greatest jack in the box I have been to but I feel like all fast food in the city is gross and not fast at all! Try something local instead so many great spots.,negative,negative,,,,negative,,,,,,,,1,it s not the greatest jack in the box i have been to but i feel like all fast food in the city is gross and not fast at all try something local instead so many great spots,38,171,negative
-eZEYx1zW2c8qdn1MKTN9g,"Somehow feels a little sad compared to all the other grocery stores in the area. The first thing you see upon entry is a small anti-shoplifting turnstile shoved in the corner that you have to walk though to get in. Last time I checked, Brentwood isn't exactly a hotbed of grocery theft. Target and trader joes are one block over and things are always cheerful and un-turnstiled over there  It's also quite dark inside, and there doesn't appear to be much turnover in the salad bar and hot deli section  However, they did carry kimchi. That is a definite win over schnucks.","negative, positive",,negative,,,,,,,,,,,3,somehow feels a little sad compared to all the other grocery stores in the area the first thing you see upon entry is a small anti shoplifting turnstile shoved in the corner that you have to walk though to get in last time i checked brentwood isn t exactly a hotbed of grocery theft target and trader joes are one block over and things are always cheerful and un turnstiled over there it s also quite dark inside and there doesn t appear to be much turnover in the salad bar and hot deli section however they did carry kimchi that is a definite win over schnucks,107,562,neutral
2F3w_DTm4NDJILFdsWaGiA,Service- painfully slow. 10 minutes for drinks. One water refill.  Order accuracy- terrible. Ordered steak medium (not medium well) received well dine,negative,negative,,,,,,,,,,,,1,service painfully slow minutes for drinks one water refill order accuracy terrible ordered steak medium not medium well received well dine,21,138,negative
ZfL9tJyAVGc94XnpGgXqbQ,"Placed a phone order for pick up; Jefferson's burger. This is the sad looking item I found when I got back to my office. No cheese, two strips and barely a squirt. Menu clearly states this item should come w/American cheese and I did not opt out. Temp was lukewarm at best.  Extremely disappointed. Attached image to backup my review.",negative,,,,negative,,,,,,,,,1,placed a phone order for pick up jefferson s burger this is the sad looking item i found when i got back to my office no cheese two strips and barely a squirt menu clearly states this item should come w american cheese and i did not opt out temp was lukewarm at best extremely disappointed attached image to backup my review,62,324,negative
-_Qm71-tfK5bzGZwrJ3Yhw,"EAT HERE ON TUESDAY: the special is phenomenal. Call and order a large plain for pickup. Starting at 6pm, you will be charged the same amount as the time you called. Call in at 6:30pm, you get a large plain pizza for $6.30. Hard to beat. Pizza is quite good.",positive,,,positive,,,,,,,,,,5,eat here on tuesday the special is phenomenal call and order a large plain for pickup starting at pm you will be charged the same amount as the time you called call in at pm you get a large plain pizza for hard to beat pizza is quite good,49,238,positive
1r0TZiIjYonzHlUnjwVVYg,"Went last night since we live nearby. Salsa was really good with lots of cilantro, just as I like it. Chips, however, were really greasy. We ordered the chicken fajitas for 2. Really disappointed by it. The chicken and rice lacked flavor. The guacamole should have been called onion slaw because it was mostly onion with some liquified avocado mixed in. The tortillas were maybe 3 inches around and held one piece of chicken and some cheese. They were homemade, but kind of dried out even they were brought to us wrapped in foil. Don't think we'll go back. :(.","positive, negative",,,,,,,,,,,,,3,went last night since we live nearby salsa was really good with lots of cilantro just as i like it chips however were really greasy we ordered the chicken fajitas for really disappointed by it the chicken and rice lacked flavor the guacamole should have been called onion slaw because it was mostly onion with some liquified avocado mixed in the tortillas were maybe inches around and held one piece of chicken and some cheese they were homemade but kind of dried out even they were brought to us wrapped in foil don t think we ll go back,99,538,neutral
P-HWARFHkyHeeSc5cK5W_Q,"The second time I went here wasn't nearly a good as the first. The beer situation was similar but the mussels were only ok, the broth terrible. The calamari was listed as lightly breaded but was mostly breading. Still a decent place but I guess the meal depends more on the cook that evening.",negative,,,,,"negative, positive",neutral,,,,,,,3,the second time i went here wasn t nearly a good as the first the beer situation was similar but the mussels were only ok the broth terrible the calamari was listed as lightly breaded but was mostly breading still a decent place but i guess the meal depends more on the cook that evening,55,287,neutral
Yk1rX9s9_Hc2pLW4VtwM-Q,"Burgers were good - not great.  Fries are ok at best but they give you a very large portion for the price. Although, if I'm going to pay $7 for a burger, I might as well pay $3 more at another restaurant for a burger that's great and also not a fast food burger.","positive, neutral",,,"positive, negative",,negative,,,,,,,,3,burgers were good not great fries are ok at best but they give you a very large portion for the price although if i m going to pay for a burger i might as well pay more at another restaurant for a burger that s great and also not a fast food burger,53,248,neutral
J4bewYavb3HEhYkEOc3QFQ,"Spice n Grill has the best Indian food in St. Louis. We had the beef nihari, palak paneer, and naan. The palak and beef were perfectly spiced, adequately spicy, and crave-worthy. I've never had a nihari dish before and I will be sure to try it again.   The restaurant doesn't have great seating  in the store, so I will take food to go next time. The owner served us and he was very nice, but I don't think people eat in the restaurant very often.   I was so excited to see that the previous owners of 'Indian Food' have opened a new restaurant and I would recommend it if you're in the mood for delicious take-out.","positive, neutral",positive,negative,,,,,,,,,,,3,spice n grill has the best indian food in st louis we had the beef nihari palak paneer and naan the palak and beef were perfectly spiced adequately spicy and crave worthy i ve never had a nihari dish before and i will be sure to try it again the restaurant doesn t have great seating in the store so i will take food to go next time the owner served us and he was very nice but i don t think people eat in the restaurant very often i was so excited to see that the previous owners of indian food have opened a new restaurant and i would recommend it if you re in the mood for delicious take out,122,594,neutral
64heHyDtwXbOdb4EyyKSnA,"At first I thought the prices here were pretty decent, but then I realized that they charge for every add on- chips/salsa, rice and beans, etc. I would be fine with this if the food was exceptional, but it is subpar. Both times I've been here, my side order of rice has been hard and dry, and burritos sad and limp. Additionally, the waitress we've had the two times going there had a horrible attitude. The only thing that saves this place is the guac, and the strong margaritas. Their strategy must be to get people drunk enough to not care about what they're eating and the rude service.","negative, positive",negative,,,,,positive,negative,,,,,,3,at first i thought the prices here were pretty decent but then i realized that they charge for every add on chips salsa rice and beans etc i would be fine with this if the food was exceptional but it is subpar both times i ve been here my side order of rice has been hard and dry and burritos sad and limp additionally the waitress we ve had the two times going there had a horrible attitude the only thing that saves this place is the guac and the strong margaritas their strategy must be to get people drunk enough to not care about what they re eating and the rude service,113,575,neutral
U-3oj_EQVJiIVFiAZBA8ZA,"In Brentwood for work this week and I came here based on the previews. The food is good but that's all, good. Nor great... mediocre beef burrito bowl. Place and process similar to a Chipotle but my vote would go to Chipotle.",neutral,neutral,,,,neutral,,,,,,,,3,in brentwood for work this week and i came here based on the previews the food is good but that s all good nor great mediocre beef burrito bowl place and process similar to a chipotle but my vote would go to chipotle,43,216,neutral
t_6K8YBwfVyqjnAt4YBkcQ,"Food is typical Steak 'n Shake.. My issue here is with the service. Awful, awful, awful. Took my kids for breakfast and waited over 30 minutes for pancakes and eggs. Asked for salsa, ate entire breakfast before it showed up. Coffee refill?  Promised but never delivered. I don't expect McDonald's speed, but this is Steak 'n Shake, not a full service restaurant. Should be able to get in and out relatively quickly.",neutral,negative,,,,negative,,,,,,,,1,food is typical steak n shake my issue here is with the service awful awful awful took my kids for breakfast and waited over minutes for pancakes and eggs asked for salsa ate entire breakfast before it showed up coffee refill promised but never delivered i don t expect mcdonald s speed but this is steak n shake not a full service restaurant should be able to get in and out relatively quickly,73,394,negative
6nn-UdDSIomFbSR-lI6TcQ,"Went here for dinner today. Here is the review, good and bad. We got salsa and that was homemade and it was delicious! Also, the steak was not too bad, just slightly burnt. It was alright. The fries were very good, the bread was yummy. Overall a good or okay experience. Wish the steak wasn't so burnt, but I'll be back!","positive, neutral",,,,,,,,,,,,,5,went here for dinner today here is the review good and bad we got salsa and that was homemade and it was delicious also the steak was not too bad just slightly burnt it was alright the fries were very good the bread was yummy overall a good or okay experience wish the steak wasn t so burnt but i ll be back,63,307,positive
Epqq93V48NgS_7lWAwzubw,"Decent meal, fair price.  Service poor,  getting more coffee proved a chore. Waited ten minutes while I watched my waitress clean.  The days of Bob Evans being a great place seems to waning. I doubt Mr Evans wanted his customers to leave without more coffee.",neutral,negative,,,,negative,neutral,positive,,,,,,1,decent meal fair price service poor getting more coffee proved a chore waited ten minutes while i watched my waitress clean the days of bob evans being a great place seems to waning i doubt mr evans wanted his customers to leave without more coffee,45,248,negative
gkUw708T1nVrRKONTj2OBQ,Omg. Don't go here....waited and waited for my food . When it came out only half was there...waited more for my pancakes asked for more ice tea....waited no ice teabut... the food was good,"positive, neutral",negative,,,,,negative,,,,,,,5,omg don t go here waited and waited for my food when it came out only half was there waited more for my pancakes asked for more ice tea waited no ice teabut the food was good,37,174,positive
rRypyR30ErdKInuStnymRg,"Strawberry smoothie, you are too good to me. If you're still okay with drinking cold drinks before work when it's 20 degrees outside, head to Starbucks.   The staff is friendly, the drinks are delicious (although they are overpriced) and all of the Christmas goodies inside are awesome.   Great place to relax or prep for a work day.   See you again soon Southport Starbucks!",,positive,positive,,,positive,positive,,,,,negative,,5,strawberry smoothie you are too good to me if you re still okay with drinking cold drinks before work when it s degrees outside head to starbucks the staff is friendly the drinks are delicious although they are overpriced and all of the christmas goodies inside are awesome great place to relax or prep for a work day see you again soon southport starbucks,64,356,positive
cjKlwEl2pqLN4nJvl7wUSA,"4 stars for 1/2 off Burger Tuesdays.  personal favorites: San Remo and Burger Benedict friends's favorites: Carribean  I come here every Wednesday during the school year. The burger deal is absolutely fantastic, and the burgers are delicious! Copa is usually busiest at noon on Wednesdays. The line is quite long during the school year around noon, and the line dies down after 1:30 pm. Copa is great for 2 people and also great for large parties. They have a basement that's great for accomodating large parties.  This is a popular lunch spot for the Penn student/faculty community and anyone who works in the Penn medical system.",positive,,positive,positive,,positive,,,,,,,,5,stars for off burger tuesdays personal favorites san remo and burger benedict friends s favorites carribean i come here every wednesday during the school year the burger deal is absolutely fantastic and the burgers are delicious copa is usually busiest at noon on wednesdays the line is quite long during the school year around noon and the line dies down after pm copa is great for people and also great for large parties they have a basement that s great for accomodating large parties this is a popular lunch spot for the penn student faculty community and anyone who works in the penn medical system,105,603,positive
dn5WKtuGBxoWmVlT9KMjBA,"First time being here.  It was a nice place but empty.  Had one old man sitting in there, then us two 40 somethings, then another old man.  That was it.   We came during happy hour, basically waiting for Snake and Jakes to open up so we came here to kill some time.    Beer selection was nice, Magic Hat, Fat Tire, Blue Moon, etc.  Prices were ok too.  Lotsa dark woods and a few TVs and a lonely but attractive bartender that was very nice.    Nothing bad to say about this place other than it was kinda dead.  It was very clean looking and nicely decorated, just kinda boring.",,positive,negative,,,positive,,,,,positive,positive,,3,first time being here it was a nice place but empty had one old man sitting in there then us two somethings then another old man that was it we came during happy hour basically waiting for snake and jakes to open up so we came here to kill some time beer selection was nice magic hat fat tire blue moon etc prices were ok too lotsa dark woods and a few tvs and a lonely but attractive bartender that was very nice nothing bad to say about this place other than it was kinda dead it was very clean looking and nicely decorated just kinda boring,107,543,neutral
dLJK7FNRSQcCMxZRZH8OFA,"We must have arrived at the absolute worst time on a Sunday morning -- had to wait a Loooooong time for table. The menu was concise but had choices that appealed to everyone in my party. Server was a bit scattered, but it was VERY crowded... Something must have gone awry with our order -- food kept arriving at tables that were seated well after we were -- but, we were not in a hurry and when the food arrived it was quite good. Wait and crowdedness was frustrating, but I'll give 'em another try with an earlier arrival !",positive,negative,negative,,positive,,,,,,,,,3,we must have arrived at the absolute worst time on a sunday morning had to wait a loong time for table the menu was concise but had choices that appealed to everyone in my party server was a bit scattered but it was very crowded something must have gone awry with our order food kept arriving at tables that were seated well after we were but we were not in a hurry and when the food arrived it was quite good wait and crowdedness was frustrating but i ll give em another try with an earlier arrival,97,499,neutral
7b8kUPREsEoII7U1RjJs3A,"WOW!  The food is oh so good.  I've eaten at a lot of plant based food restaurants at different locations all around Philadelphia and the surrounding counties.   Hands down HipCityVeg has the best tasting vegan food that I've ever tasted.  It is my new lunch spot.  The Philly Steak and carrot ginger drink was absolutely delicious!  I had my food delivered to my job and it arrived way before the estimated delivery time provided.  Two thumbs up, I highly recommend HipCityVeg.",positive,positive,,,,,positive,,,,,,,5,wow the food is oh so good i ve eaten at a lot of plant based food restaurants at different locations all around philadelphia and the surrounding counties hands down hipcityveg has the best tasting vegan food that i ve ever tasted it is my new lunch spot the philly steak and carrot ginger drink was absolutely delicious i had my food delivered to my job and it arrived way before the estimated delivery time provided two thumbs up i highly recommend hipcityveg,83,461,positive
F99EHFlmHnt3U6wSdM2KoA,Not the greatest fast food place to hit at night.  I was driving through one night and had to stop and use the restroom and get some food. The employees looked at me with almost disqust that I was in there. Not that I'm one of those people but maybe I was the wrong white girl in the wrong neighborhood at the wrong time? Not really sure. It's pretty much almost downtown past the arch right off 70 so it was convenient. It was pretty clean for the most part as well. Just didn't like the whole vibe going on inside.,,negative,negative,,,negative,,,positive,positive,,,,3,not the greatest fast food place to hit at night i was driving through one night and had to stop and use the restroom and get some food the employees looked at me with almost disqust that i was in there not that i m one of those people but maybe i was the wrong white girl in the wrong neighborhood at the wrong time not really sure it s pretty much almost downtown past the arch right off so it was convenient it was pretty clean for the most part as well just didn t like the whole vibe going on inside,103,504,neutral
iKPCtAvscLm_bm3F9gQV_A,"I'll start with the good...food was pretty good and a decent portion. The price for a sandwich and non alcoholic drink ran me around $13 which is to be expected in the airport.   The bad...I had to wait 47 minutes for said sandwich. Don't choose this establishment if you are in a hurry. Lastly, the manager changed the channel with less than a minutes in an OT football game, because the LSU game came on. Everyone was screaming for him to change it back, but he said it was ""company policy.""",positive,negative,negative,neutral,,,,,,,,,,3,i ll start with the good food was pretty good and a decent portion the price for a sandwich and non alcoholic drink ran me around which is to be expected in the airport the bad i had to wait minutes for said sandwich don t choose this establishment if you are in a hurry lastly the manager changed the channel with less than a minutes in an ot football game because the lsu game came on everyone was screaming for him to change it back but he said it was company policy,93,469,neutral
9b4hz7HY4fLYfE1o3z17bA,Was not to bad.  gaucamole tasted like it was from a jar. Not fresh at all.  Got a Pork Burritto that was good though.,"negative, positive",,,,,,,,,,,,,3,was not to bad gaucamole tasted like it was from a jar not fresh at all got a pork burritto that was good though,24,112,neutral
PvZvLfodXgbqqZT2q65HwA,Went here when they first opened. They only had one flavor... it wasn't that great. Everything was overpriced and we left spending about 70-80 dollars for three people and it wasn't filling.  *it is not Cajun style seafood. The sauce tastes like a mixture between buffet style sauces with fish sauce.  Giving them a solid three because there are better places to eat at,negative,,,,negative,,,negative,,,,,,1,went here when they first opened they only had one flavor it wasn t that great everything was overpriced and we left spending about dollars for three people and it wasn t filling it is not cajun style seafood the sauce tastes like a mixture between buffet style sauces with fish sauce giving them a solid three because there are better places to eat at,65,352,negative
zvSCU6NlZ9vbt-GowXq7HQ,"Pleasant place. Great service. Parking can get difficult but roadside parking with a few parking lots are available. Came here for restaurant week. Loved the salads , fresh buttery foccacio bread sticks(we asked for extras), and pizzas. Cauliflower pizza was our favourite wood fire taste to it..delicious. loved the deserts, devoured them. Antipasto platter was good first course but they mentioned roasted veggies as part of the dish but only thing roasted was cauliflower there was olives and roasted red pepper seemed out of the can. Nevertheless very tasty and finished the plate . Pasta was decent not outstanding.","positive, neutral",positive,,,,positive,,,,negative,,,,3,pleasant place great service parking can get difficult but roadside parking with a few parking lots are available came here for restaurant week loved the salads fresh buttery foccacio bread sticks we asked for extras and pizzas cauliflower pizza was our favourite wood fire taste to it delicious loved the deserts devoured them antipasto platter was good first course but they mentioned roasted veggies as part of the dish but only thing roasted was cauliflower there was olives and roasted red pepper seemed out of the can nevertheless very tasty and finished the plate pasta was decent not outstanding,99,603,neutral
RnwgT0y0hgennVJIFDqguQ,"best chinese/taiwanese/fusion in reno, hands down. definitely try the more unique stuff like the sandwiches and pancakes, but the old standbys are also good. can't really be beat for quality and the price is reasonable too. plus.... boba tea. yum.",positive,,,,,positive,positive,positive,,,,,,5,best chinese taiwanese fusion in reno hands down definitely try the more unique stuff like the sandwiches and pancakes but the old standbys are also good can t really be beat for quality and the price is reasonable too plus boba tea yum,43,236,positive
BtZPrk3q8t0ZZ8nDSwJdlg,"Service was friendly.  Good wine pour.  I ordered simple apps in the spirit of time, of course, I'm at an airport.  It took forty, yes 40, minutes for a cup of gumbo (pre- made item, just needs to be scooped out and plopped in cup). I am sure no one reads airpprt reviews be a use you get what you get.  If this restaurant was outside an airport it wouldn't make it.  Nice people.  Good wine pour.  But that's it.",,"positive, negative",,,,negative,positive,,,,,,,1,service was friendly good wine pour i ordered simple apps in the spirit of time of course i m at an airport it took forty yes minutes for a cup of gumbo pre made item just needs to be scooped out and plopped in cup i am sure no one reads airpprt reviews be a use you get what you get if this restaurant was outside an airport it wouldn t make it nice people good wine pour but that s it,82,386,negative
rZmBNfihjuQo6Bk5J06yOA,"I love Mr. Wizard's because they offer frozen yogurt which is a  lot healthier than frozen custard. I like that they offer some pre-select combinations or you can create your own. The only part that sucks is that there is only outside seating so if it's cold outside, plan to eat in your car.",positive,,negative,,positive,,,,,,,,,3,i love mr wizard s because they offer frozen yogurt which is a lot healthier than frozen custard i like that they offer some pre select combinations or you can create your own the only part that sucks is that there is only outside seating so if it s cold outside plan to eat in your car,57,286,neutral
r8Wxogmo8RSDuTEteAAx-w,"Fun and enjoyable place to sample unique wines. Sarah our host made the experience a wonderful occasion. A must new stop on the winery trail. Try it, you'll like it!",,positive,,,,positive,,,,,positive,,,5,fun and enjoyable place to sample unique wines sarah our host made the experience a wonderful occasion a must new stop on the winery trail try it you ll like it,31,160,positive
H3GMAUhQitqkLPLdN27dXw,Food is overpriced and the menu online is not the same as the menu in the cafe.  The food is the same but the prices are vastly different.  False advertising. Not impressed.,,,,negative,,,,,negative,,,,,1,food is overpriced and the menu online is not the same as the menu in the cafe the food is the same but the prices are vastly different false advertising not impressed,32,167,negative
JTt8b3zxPdJ0JGbsQ3moxw,Okay food. The biscuits are good. Be warned! They will try and trick you into ordering extra sauces and spreads. It's almost $1 just for a little bit of citrus butter which is too expensive for the quality.,"neutral, positive",,,negative,,,,,,,,,,3,okay food the biscuits are good be warned they will try and trick you into ordering extra sauces and spreads it s almost just for a little bit of citrus butter which is too expensive for the quality,38,198,neutral
7NDSCcDLxNpdZdS6pHwgTA,Love this place. Love my Mots & my Tom hehe all these guys are super funny and they know their stuff.,,positive,,,,positive,,,,,,,,5,love this place love my mots my tom hehe all these guys are super funny and they know their stuff,20,97,positive
TYslH-CAecjJxLNs96KduA,"Lovely little restaurant which was converted from a house...lots of history to this place.  The patio area is romantic and the bar is fun to hang out in. Very good food and surprisingly not expensive. Amazing brunch on Sundays.  You know this place is great when Pamela Anderson, Brad Pitt, Jennifer Aniston, and Bill Belamy (heh heh) have been seen dining there.",positive,,positive,positive,positive,positive,,,,,,,,5,lovely little restaurant which was converted from a house lots of history to this place the patio area is romantic and the bar is fun to hang out in very good food and surprisingly not expensive amazing brunch on sundays you know this place is great when pamela anderson brad pitt jennifer aniston and bill belamy heh heh have been seen dining there,63,349,positive
Gyw77tgrqdHnDBI6WfFjMw,"I actually eat here at least once a month . The food is good and the service compliments it. You will fall in love with there zucchini muffins. I always leave with some stashed in my purse, you know for later. The prices are cheap and they have a fantastic frozen yogurt bar . with unlimited toppings. Have fun !! yum yum",positive,positive,,,positive,,,positive,,,,,,5,i actually eat here at least once a month the food is good and the service compliments it you will fall in love with there zucchini muffins i always leave with some stashed in my purse you know for later the prices are cheap and they have a fantastic frozen yogurt bar with unlimited toppings have fun yum yum,59,309,positive
HX_02aNBcVJctMkSUzZV3A,Really was expecting more.  I usually go to the Wilmot location but thought I'd check this one out.  Huge mistake.  Went with a party of 6.  The only thing that looked close to what I ate growing up in Japan was the Tokyo ramen.  The curry rice was a joke.   I mean....broccoli?  Sushi was meh.  The 20 minute drive to speedway and Wilmot is worth not having the regret you'll have from eating here.,"positive, negative",,,,,negative,,,,,,,,3,really was expecting more i usually go to the wilmot location but thought i d check this one out huge mistake went with a party of the only thing that looked close to what i ate growing up in japan was the tokyo ramen the curry rice was a joke i mean broccoli sushi was meh the minute drive to speedway and wilmot is worth not having the regret you ll have from eating here,75,373,neutral
I64eVtoBWV47Tnhv09gAsA,"We went at the recommendation of a friend.  We got the beef carpaccio, burger, and truffle fries.  It was a great experience ans it definitely met my high expectations for the place.  These was a wait of 40 min for a walk in but it was cool since Cycle Brewing was right across the street :).  Make sure to call in if you don't want to wait but they also have a neat waiting room that used to be a hotel lobby.",positive,positive,,,,positive,,,,,,,,5,we went at the recommendation of a friend we got the beef carpaccio burger and truffle fries it was a great experience ans it definitely met my high expectations for the place these was a wait of min for a walk in but it was cool since cycle brewing was right across the street make sure to call in if you don t want to wait but they also have a neat waiting room that used to be a hotel lobby,81,393,positive
2hC9p6EPJTPyKepJhHLhOw,"Went back to The Fat Ham last week and it is still amazing.  Consistent, delicious, and priced right.  Still no cookie dessert but glad it isn't featured on the updated website.  The Road Trip short film was very good! Kevin, the next time you are in Atlanta, must try Star Provisions cold fried chicken and 7 Lamps' mussels. Glad to have you in University City, Mr. Sbraga.",positive,,,positive,,positive,,,,,,,,5,went back to the fat ham last week and it is still amazing consistent delicious and priced right still no cookie dessert but glad it isn t featured on the updated website the road trip short film was very good kevin the next time you are in atlanta must try star provisions cold fried chicken and lamps mussels glad to have you in university city mr sbraga,67,356,positive
ypFqmURIY41F4pWaMW1VrQ,We've been coming here since I was a kid. The staff has watched me and now my kids grow up. They're personable and so nice. They're also very prompt with service. Yoli and frank are the absolute best! The food is amazing! I absolutely love their shredded beef burro and cheese crisp. I feel they have true authentic Mexican food.,positive,positive,,,positive,,,,,,,,,5,we ve been coming here since i was a kid the staff has watched me and now my kids grow up they re personable and so nice they re also very prompt with service yoli and frank are the absolute best the food is amazing i absolutely love their shredded beef burro and cheese crisp i feel they have true authentic mexican food,63,321,positive
2Tl9TNP8xtPXlDl9Oc3Jug,"Always good, very consistent. We eat here almost weekly and have never had a negative experiance. It is in a small strip center with a very basic interior. The food is the main attraction and it is worth the trip.",positive,,neutral,,,,,,,,,,,5,always good very consistent we eat here almost weekly and have never had a negative experiance it is in a small strip center with a very basic interior the food is the main attraction and it is worth the trip,40,208,positive
qyaJfgL81qC5u-TNak65oQ,The environment/ambiance were great but the host/ seating situation was awful! We had to explain to the hostess how to split our group and offered to split into groups or 2 to speed it up. The hostess said it wasn't necessary then sat 3 two tops that arrived much later than us. Thankfully after our hour wait and having our server Montez gave great service. The portion for some of the dishes were small for the price but I'd stop by again For a weekday brunch,,"negative, positive",positive,negative,,,,,,,,,,3,the environment ambiance were great but the host seating situation was awful we had to explain to the hostess how to split our group and offered to split into groups or to speed it up the hostess said it wasn t necessary then sat two tops that arrived much later than us thankfully after our hour wait and having our server montez gave great service the portion for some of the dishes were small for the price but i d stop by again for a weekday brunch,87,452,neutral
L3p7RXD-IA8YIlTW6_9xyQ,"You can't go wrong with the brunch at Luke!  I always get the fried chicken and waffles.  It comes with cane syrup and gravy on the side.  Ummm!  On a weekday, it is good for lunch or dinner with friends or the hubby.  I recommend the Luke burger (even though I believe it is sacrilegious to order a burger at an establishment such as this, however this is THE exception!) The flamenkutche is really good, too.  It is like a German pizza.  I also enjoy the cochondelait poboy, shrimp & grits, and croque madame , which are excellent.  We are never disappointed and always enjoy the ambiance of the old style New Orleans  restaurant.",positive,,positive,,,,,,,,,,,5,you can t go wrong with the brunch at luke i always get the fried chicken and waffles it comes with cane syrup and gravy on the side umm on a weekday it is good for lunch or dinner with friends or the hubby i recommend the luke burger even though i believe it is sacrilegious to order a burger at an establishment such as this however this is the exception the flamenkutche is really good too it is like a german pizza i also enjoy the cochondelait poboy shrimp grits and croque madame which are excellent we are never disappointed and always enjoy the ambiance of the old style new orleans restaurant,113,601,positive
G4twDEDGszYFRfZvciBsGQ,"Stopped in for dinner, and we had a fantastic experience. The service was pleasant, the food delicious plus the atmosphere was very welcoming. Mike the owner, said hello to us and just made us feel very at home. We will be back!",positive,positive,positive,,,positive,,,,,,,,5,stopped in for dinner and we had a fantastic experience the service was pleasant the food delicious plus the atmosphere was very welcoming mike the owner said hello to us and just made us feel very at home we will be back,42,221,positive
A0WD4cLK1yixRurPwMBRSA,"I usually come here once every 2 years only to find that yes, the food is still pretty bland...well, at least they are consistent. I've tried breakfast and I've tried dinner and the food is always less than spectacular. I usually see this spot out my car window on my way to Amy's up the road which is so much better.",negative,,,,,,,,,,,,,1,i usually come here once every years only to find that yes the food is still pretty bland well at least they are consistent i ve tried breakfast and i ve tried dinner and the food is always less than spectacular i usually see this spot out my car window on my way to amy s up the road which is so much better,64,308,negative
Drng9Z_nRSWlGQUfX9IJPg,"Great pizza. It's just down the road from Peel, which offers great pizzas too. Gia's is more traditional, which definitely has its place. I loved the BLT pizza in particular.",positive,,,,positive,positive,,,,,,,,5,great pizza it s just down the road from peel which offers great pizzas too gia s is more traditional which definitely has its place i loved the blt pizza in particular,32,168,positive
twOSOJoQoexng8miZm8gtg,"This is the best tortilla soup I've ever eaten!!  This is going to sound strange but I actually crave their chips and salsa.  The restaurant is always clean, waitstaff is always friendly, and the food is always good!  Worth the trip!",positive,positive,positive,,positive,,,,,,,,,5,this is the best tortilla soup i ve ever eaten this is going to sound strange but i actually crave their chips and salsa the restaurant is always clean waitstaff is always friendly and the food is always good worth the trip,42,223,positive
oH0VZQ1v-mk9Bri81quvPA,Quaint and inviting.  This is a beer lover's tasting room.  A wide variety  of delicious beers to drink and enjoy.  This is a happy addition to this amazing neighborhood.,,,positive,,,positive,positive,,,positive,,,,5,quaint and inviting this is a beer lover s tasting room a wide variety of delicious beers to drink and enjoy this is a happy addition to this amazing neighborhood,30,162,positive
b8-_q_gr-5zplgCwNhvSNw,"The food is average. Drink specials are great but the place is rarely crowded. Last time I was there it was a Friday night at 10 pm. There were maybe 3 other parties at the bar. About 5 minutes after ordering our first drink, they announced it was last call...at 10:15 PM on a Friday night! Needless to say we left for a different bar in the area and have removed it from our options of places to go past 6 pm for drinks.",neutral,negative,,,,negative,,,,,,positive,,1,the food is average drink specials are great but the place is rarely crowded last time i was there it was a friday night at pm there were maybe other parties at the bar about minutes after ordering our first drink they announced it was last call at pm on a friday night needless to say we left for a different bar in the area and have removed it from our options of places to go past pm for drinks,80,397,negative
24wRCl4rswWprHQNozTzyA,"Do Not Eat On Bourbon St....advice from the locals I wish we had before we stopped here.  Would have maybe been a 3 star since the food and service were alright.  Would have been a 1 star if I knew for sure this is where I got food poisoning.  I wish I knew for sure, but I either got food poisoning from here or McDonalds...so i can't be positive but we think that gator slider was not prepared correctly.  We were sick for days.    Even so, the food was bland, nothing compared to other places we tried.  The service was slow and the place was crowded and just not as nice as other restaurants in the area.",negative,"neutral, negative",,,,negative,,,,,,,,1,do not eat on bourbon st advice from the locals i wish we had before we stopped here would have maybe been a star since the food and service were alright would have been a star if i knew for sure this is where i got food poisoning i wish i knew for sure but i either got food poisoning from here or mcdonalds so i can t be positive but we think that gator slider was not prepared correctly we were sick for days even so the food was bland nothing compared to other places we tried the service was slow and the place was crowded and just not as nice as other restaurants in the area,118,581,negative
WzDqTwt_akGnPU6xLIg_-A,"Not good at all, not even for a strip mall chinese buffet.  Everything looked so old we couldn't find anything to make a positive comment about.",,,,,,negative,,,,,,,,1,not good at all not even for a strip mall chinese buffet everything looked so old we couldn t find anything to make a positive comment about,27,140,negative
KUgjVQp2mGUOmDyA95FzZA,Not good at all ... Ate there 2 weeks ago on Sunday ... Ordered 2 pounds of Alaskan king crab .. $60 per pound and there were disgusting and freezer burned ... We also ordered a bunch or other seafood ... Blue crabs ... Snow crab... Bill was just as much as eating at Barclay prime ... And we had no drinks !!! I will never eat there again ... Even if it were free ... I would not go back ...,negative,,,neutral,,negative,,,,,negative,,,1,not good at all ate there weeks ago on sunday ordered pounds of alaskan king crab per pound and there were disgusting and freezer burned we also ordered a bunch or other seafood blue crabs snow crab bill was just as much as eating at barclay prime and we had no drinks i will never eat there again even if it were free i would not go back,68,338,negative
ZCQrcS9zg8ZKB7gE7gq5zg,"Truly, the Skyway Cafe is one of those perfect Brunch spots. The service is excellent, the coffee is brewed well and is refilled often, and the atmosphere is saturated with a regular, local crowd with a loyal following. Get in before 11 because it gets crowded!",,positive,positive,,,positive,positive,,,,,,,5,truly the skyway cafe is one of those perfect brunch spots the service is excellent the coffee is brewed well and is refilled often and the atmosphere is saturated with a regular local crowd with a loyal following get in before because it gets crowded,45,251,positive
ROxBxYZETOczYFkls4Ul_Q,"Even in the middle of lunchtime on a weekday, food is cold-old. With that odor associated with something that as waited too long, where flavor transmutes to an impatient attitude. You could maybe account for this by imagining the burger, fries, and fish sandwich had been prepared at some suburban McDonalds and then trucked over to this urban outlet to be re-heated and allow to age a bit. This is an insult to the neighborhood.",negative,negative,,,,,,,,negative,,,,1,even in the middle of lunchtime on a weekday food is cold old with that odor associated with something that as waited too long where flavor transmutes to an impatient attitude you could maybe account for this by imagining the burger fries and fish sandwich had been prepared at some suburban mcdonalds and then trucked over to this urban outlet to be re heated and allow to age a bit this is an insult to the neighborhood,77,421,negative
7oGT9dENGHh-lrQtuA33Gw,Great pizza and wings. Service is always quick and friendly with fresh beer on tap. Plenty of tvs and arcade games to choose from. Yay peggs!,positive,positive,positive,,,,positive,,,,,,,5,great pizza and wings service is always quick and friendly with fresh beer on tap plenty of tvs and arcade games to choose from yay peggs,26,137,positive
wlD6o45VOxARfAS9wdgfbA,"For appetizers, we had the scallion pancakes and the seafood soup. They were delicious.  I wanted the Peking Noodles, but the sauce contained meat, which I do not eat.  However, the owner was nice enough and made accommodations for me.  The lychee smoothie was yummy and actually tasted like lychee. They use real fruit here.  Everyone at our table was satisfied with the food and service.","positive, neutral",positive,,,,,positive,,,,,,,5,for appetizers we had the scallion pancakes and the seafood soup they were delicious i wanted the peking noodles but the sauce contained meat which i do not eat however the owner was nice enough and made accommodations for me the lychee smoothie was yummy and actually tasted like lychee they use real fruit here everyone at our table was satisfied with the food and service,66,374,positive
KWyf1YEErmD6Dtt5K5QWnA,"While en route to see a friend perform at the Raven Lounge, I decided to pick up some sushi to go since said bar does not serve food.  The place itself is small, but the atmosphere is great for lunch or early dinner if you have time to sit down and eat there.  They also offer a special if you buy two or three rolls from the same list.  Their special rolls are great too--I had the American Dream roll (which had mango on the outside with spicy salmon, yellowtail, tuna, and tobiko (tiny fish roe)) and a regular shrimp tempura roll.  I will definitely come back again when I have time to eat in!",positive,,positive,,,positive,,,,,,,,5,while en route to see a friend perform at the raven lounge i decided to pick up some sushi to go since said bar does not serve food the place itself is small but the atmosphere is great for lunch or early dinner if you have time to sit down and eat there they also offer a special if you buy two or three rolls from the same list their special rolls are great too i had the american dream roll which had mango on the outside with spicy salmon yellowtail tuna and tobiko tiny fish roe and a regular shrimp tempura roll i will definitely come back again when i have time to eat in,116,578,positive
90CvpvkdakyLXK82b3t53A,"We were not impressed. The eight dollar guacamole that had crema or sour cream added was not good. I had a fish taco that tasted fishy. Not good either. The Rollo Pollo wasn't bad, nor were either of the salmon dishes. My husband ordered enchiladas and he was not impressed. Very pricey for the quality or lack thereof.","negative, neutral",,,,,,,negative,,,,,,1,we were not impressed the eight dollar guacamole that had crema or sour cream added was not good i had a fish taco that tasted fishy not good either the rollo pollo wasn t bad nor were either of the salmon dishes my husband ordered enchiladas and he was not impressed very pricey for the quality or lack thereof,59,311,negative
SkiDGm6PcDOJ28_2cS2Yrw,"My family and I were visiting from CA and it was our first time at a Chick fil a. We ordered the spicy chicken, original chicken, chicken nuggets, strips, fries, and had a cookies and cream shake. Food was great, we loved the sauces. The only down point was the service. I asked the guy if there were free refills on the soda and he yes and the staff would be walking around. Every time I asked for a refill I'd get a ""surprised or annoyed"" look. It wasn't busy and I didn't understand why they just didn't put the fountain machines in the lobby like a normal restaurant?",positive,negative,,,,,positive,,,,,,,5,my family and i were visiting from ca and it was our first time at a chick fil a we ordered the spicy chicken original chicken chicken nuggets strips fries and had a cookies and cream shake food was great we loved the sauces the only down point was the service i asked the guy if there were free refills on the soda and he yes and the staff would be walking around every time i asked for a refill i d get a surprised or annoyed look it wasn t busy and i didn t understand why they just didn t put the fountain machines in the lobby like a normal restaurant,113,556,positive
9gO-zjuZm-g6PGaB3aSY6Q,Kinda a dive bar but could have been cool.  We found the girl bartender to be pretentious and rude.  All she seemed to care about is rushing through our order so she could go back and talk to her friends and giving smart ass answers every time you asked her a question.,,negative,,,,,,,,,,,,3,kinda a dive bar but could have been cool we found the girl bartender to be pretentious and rude all she seemed to care about is rushing through our order so she could go back and talk to her friends and giving smart ass answers every time you asked her a question,52,264,neutral
I9hhK-tbVXUYQXyC_ycaTw,"I give Jesse's 3 stars due it being a nice, clean restaurant with good food but I have to say I don't feel you get what you pay for here. If you are going to charge my over $25 for a steak I believe that it should be something that is delicious and makes me want to come back again. Don't get me wrong it was a good piece of meat but it lacked a lot flavor and seemed way overpriced and wasn't impressive enough for me to make a return trip and spend that kind of money.","positive, negative",,,negative,,positive,,,,,,,,3,i give jesse s stars due it being a nice clean restaurant with good food but i have to say i don t feel you get what you pay for here if you are going to charge my over for a steak i believe that it should be something that is delicious and makes me want to come back again don t get me wrong it was a good piece of meat but it lacked a lot flavor and seemed way overpriced and wasn t impressive enough for me to make a return trip and spend that kind of money,100,460,neutral
WT8NHJHnGdg5Jq9DU5VYzw,"Such great food! The chef was creative and innovative, while still staying true to traditional Hispanic/Latino cuisines. The yuca fries were crispy and delicious, the empanadas were great, and the skirt steak w/ polenta was seriously the best thing I've eaten in a while. My sister is a vegetarian and often has a hard time finding good options when we go out, so she was delighted to see a variety of great choices (the mushroom empanadas were her favorite!).   The service was really great--the waiter was really helpful in helping us pick out beers/cocktails (try the sangria!). Great restaurant!",positive,positive,,,,positive,positive,,,,,,,5,such great food the chef was creative and innovative while still staying true to traditional hispanic latino cuisines the yuca fries were crispy and delicious the empanadas were great and the skirt steak w polenta was seriously the best thing i ve eaten in a while my sister is a vegetarian and often has a hard time finding good options when we go out so she was delighted to see a variety of great choices the mushroom empanadas were her favorite the service was really great the waiter was really helpful in helping us pick out beers cocktails try the sangria great restaurant,103,579,positive
qTDwtZQDg-TzrFbPtntxJw,"Went here 3 times one weekend while in town for a baseball tournament! Great food and service every time. From breakfast meals to sandwiches, every one was pleased with their choices. It's a good option for groups and files",positive,positive,,,,positive,,,,,,,,5,went here times one weekend while in town for a baseball tournament great food and service every time from breakfast meals to sandwiches every one was pleased with their choices it s a good option for groups and files,39,217,positive
4EnJDFDleSNDxzXIT8IYUw,"Just discovered this place and I already love it more than any other Thai place i've tried in SB! Amazing customer service and the food is even better. The management is absolutely wonderful, they saw me waiting for my food to come out and brought me a complimentary thai tea. Try them out for lunch as they have great deals and it's right in the middle of State so you can do a little shopping while you wait (or call ahead if you're in a rush). Took about 10 minutes for fresh pad thai",positive,positive,,positive,,positive,,,,positive,,,,5,just discovered this place and i already love it more than any other thai place i ve tried in sb amazing customer service and the food is even better the management is absolutely wonderful they saw me waiting for my food to come out and brought me a complimentary thai tea try them out for lunch as they have great deals and it s right in the middle of state so you can do a little shopping while you wait or call ahead if you re in a rush took about minutes for fresh pad thai,96,477,positive
hFCpyJD7WANssrIMdnPqRQ,"Great place, great food, wonderful service, and you just can't beat the price!  If you are looking for authentic puertorrican food this is the place to go.  You will feel you are enjoying a meal with family and friends.  Best mofongo ever!!!!",positive,positive,,,,positive,,positive,,,,,,5,great place great food wonderful service and you just can t beat the price if you are looking for authentic puertorrican food this is the place to go you will feel you are enjoying a meal with family and friends best mofongo ever,43,229,positive
1G169x0Sr2qVFfto9i-tVQ,A need to understand customer service. Very disappointed with the lack of understanding. Traveling down from NY to take my Mother to a musical at the Media Theater. Picked Mom up at the nursing home. Looking to get a reservation at one of my Mom's favorite testaruants.  Unfortunately the person on the phone wouldn't accommodate a reservation for our party of 4. They only take reservations for large parties. Silly,,negative,,,,,,,,,,,,3,a need to understand customer service very disappointed with the lack of understanding traveling down from ny to take my mother to a musical at the media theater picked mom up at the nursing home looking to get a reservation at one of my mom s favorite testaruants unfortunately the person on the phone wouldn t accommodate a reservation for our party of they only take reservations for large parties silly,71,406,neutral
vdtWa5Ym9ImeMMOHwnIfrw,"I can only comment on the vermicelli bowls because I have never had the Pho.   The vermicelli are a decent size and a fair price. Conveniently located if you live in the Alberta Ave neighbourhood, my orders have always been ready in 15 minutes - even on a Friday night.",neutral,positive,,positive,,,,,,positive,,,,5,i can only comment on the vermicelli bowls because i have never had the pho the vermicelli are a decent size and a fair price conveniently located if you live in the alberta ave neighbourhood my orders have always been ready in minutes even on a friday night,48,258,positive
H976K-qnM74zl7bih49TnQ,"Was that Mexican??? I think not.  No taste, no spice, and not even close to Mexican!!!   My dogs would not eat it, when I could not get it down.",negative,,,,negative,,,,,,,,,1,was that mexican i think not no taste no spice and not even close to mexican my dogs would not eat it when i could not get it down,29,130,negative
xt4EJrfsTc34uUhjACaSjQ,"Totally agree with the other lone (and 1st) review, the staffing at this store is dysfunctional and the merchandising is poor at best.   And, to make matters worse many of the center-store packaged product prices are not competitive to other merchants in the area.  There are some perks, if you live nearby it's of course convenience.  The other nice perk is that Lancaster brand steaks are very good and at this Acme they're always fresh, good grill cuts, and they are very reasonably priced.",positive,negative,,positive,,,,negative,negative,positive,,,,5,totally agree with the other lone and st review the staffing at this store is dysfunctional and the merchandising is poor at best and to make matters worse many of the center store packaged product prices are not competitive to other merchants in the area there are some perks if you live nearby it s of course convenience the other nice perk is that lancaster brand steaks are very good and at this acme they re always fresh good grill cuts and they are very reasonably priced,87,477,positive
t26xhlStugrS8buSNlZC0w,Decent food but gave me indigestion from another planet i swear.  Do yourself a favor and just microwave a frozen acme pizza,negative,,,,,,,,,,,,,1,decent food but gave me indigestion from another planet i swear do yourself a favor and just microwave a frozen acme pizza,22,122,negative
qB1WZb8yb7_g2AlFN7vGtw,"Staff is friendly. Walters trio enchiladas where terrible and the rice was uncooked, gross. My friends liked the mahi mahi and juicy Lucy burger.","negative, positive",positive,,,,,,,,,,,,3,staff is friendly walters trio enchiladas where terrible and the rice was uncooked gross my friends liked the mahi mahi and juicy lucy burger,24,141,neutral
iTa3E-VkS9sRdJsKj96PRQ,As 45 put it best...  this place is a ****hole.   To the people in charge of the entire brand Steak and Shake:  take note of how Freddy's operates. Ditch the worthless waiters who understandably are as motivated to return to the table as I am the proctologist..   it's flipping 3.99 meals and half the customers are kids. Of course you won't make crap for tips.   Put up a coke freestyle machine and have people place and order up front. I'll get my own refills and napkins. Faster mind you and with pleasure.   PS.  It's not normal to had a 4 year old a fully loaded plate of food.,,negative,,positive,,negative,,,negative,,,,,3,as put it best this place is a hole to the people in charge of the entire brand steak and shake take note of how freddy s operates ditch the worthless waiters who understandably are as motivated to return to the table as i am the proctologist it s flipping meals and half the customers are kids of course you won t make crap for tips put up a coke freestyle machine and have people place and order up front i ll get my own refills and napkins faster mind you and with pleasure ps it s not normal to had a year old a fully loaded plate of food,110,542,neutral
9AExQBOV-2yCou4TcvHpDA,"Had high hopes for this place, but was very disappointed. We opted for beer tastings and were surprised at the poor quality of the offerings and that none of them were from anywhere near this area (they serve Figueroa Mountain but not in our tastings). I like sampling beers from farther afield, but I'd expect them to represent more of a ""best of.""  I did the tasting that included IPAs--one of them was about the worst I've tasted and the other not much better. Also, it didn't seem to make a lot of sense to offer a tasting that combined IPAs with several particularly insipid brews.  Service was particularly unenthusiastic.",,negative,,,,negative,negative,,,,,,,1,had high hopes for this place but was very disappointed we opted for beer tastings and were surprised at the poor quality of the offerings and that none of them were from anywhere near this area they serve figueroa mountain but not in our tastings i like sampling beers from farther afield but i d expect them to represent more of a best of i did the tasting that included ipas one of them was about the worst i ve tasted and the other not much better also it didn t seem to make a lot of sense to offer a tasting that combined ipas with several particularly insipid brews service was particularly unenthusiastic,114,612,negative
pml2HKaEQKcFwejlBS2WiQ,"NASTY NASTY NASTY!!!!!! Steer clear.  I've been told they've had trouble with the Board of Health on several separate occasions.  I live very near here and I won't even get a cup of coffee from here (I drive to the one on Elysian Flds & I-610).    The last time I visited this restaurant was in 2006 and the staff were rude, incompetent, impatient & unprofessional.  I don't get anything from here.  I ignore this place and avoid it like the plague!",,negative,,,,negative,negative,,,,,,,1,nasty nasty nasty steer clear i ve been told they ve had trouble with the board of health on several separate occasions i live very near here and i won t even get a cup of coffee from here i drive to the one on elysian flds i the last time i visited this restaurant was in and the staff were rude incompetent impatient unprofessional i don t get anything from here i ignore this place and avoid it like the plague,82,413,negative
BTGQWHMcO848q3d6lFGKdg,"I was told by many that the banh mi's were good here but I have had better. I think for the price you get an excellence size and value but the quality of the sandwich itself, at least the grilled pork variety, could have been better. I am sure that there are better banh mi stands in the area but this one for sure is solid. Don't expect amazing but expect good.","neutral, negative",,,positive,,,,,,,,,,3,i was told by many that the banh mi s were good here but i have had better i think for the price you get an excellence size and value but the quality of the sandwich itself at least the grilled pork variety could have been better i am sure that there are better banh mi stands in the area but this one for sure is solid don t expect amazing but expect good,74,356,neutral
QpAd8_6T1SbrLKRMHVOhUg,"I had a meeting here on a weekday mid-morning.  Maybe not the best place for a business meeting (or for getting work done), as it was super loud (other patrons and music).  But a great place nonetheless!  A little pricey, but you pay for what you get.  My chai (with almond milk - yay!!) was very good.  And that gluten free peanut butter cookie was out of this world good - wouldn't have known it was GF if it hadn't been labeled as such.  The food looked good and I hope to have a chance to come back and try it!",positive,negative,negative,,,positive,positive,neutral,,,,,,3,i had a meeting here on a weekday mid morning maybe not the best place for a business meeting or for getting work done as it was super loud other patrons and music but a great place nonetheless a little pricey but you pay for what you get my chai with almond milk yay was very good and that gluten free peanut butter cookie was out of this world good wouldn t have known it was gf if it hadn t been labeled as such the food looked good and i hope to have a chance to come back and try it,102,487,neutral
Avf10pTql_GsSZ122iP3AA,"Been coming here for years... this place would be so good if they could only fix their wait staff.    The service here, while has been great at times, overall sucks.  The high school/college aged girls that seem to dominate the staff seem to be more interested in chatting it up with each other, texting, etc than seeing to their customers.",,negative,,,,positive,,,,,,,,5,been coming here for years this place would be so good if they could only fix their wait staff the service here while has been great at times overall sucks the high school college aged girls that seem to dominate the staff seem to be more interested in chatting it up with each other texting etc than seeing to their customers,61,326,positive
hIubFC6LBxFz0ntgWjjTrQ,Really love the atmosphere here.  It is perfect for lunch but rather pricey for dinner.  I'm actually more of a fan of the lunch fare anyway so it works for me.  They do have a rewards card so be sure to get started on one of those so you can build up points.  They also have a nice patio in the back for warm weather days.  Friendly staff too!,positive,positive,positive,,,,,negative,positive,,,,,5,really love the atmosphere here it is perfect for lunch but rather pricey for dinner i m actually more of a fan of the lunch fare anyway so it works for me they do have a rewards card so be sure to get started on one of those so you can build up points they also have a nice patio in the back for warm weather days friendly staff too,70,333,positive
v5tuBGThz31Qywa50jL2Tg,"The Waffle House has consistent quality wherever you go. I'm not really fond of their business model with their yelling and very small dining area, but I get it.  I still look forward to going for breakfast.",positive,,negative,,,,,,negative,,,,,3,the waffle house has consistent quality wherever you go i m not really fond of their business model with their yelling and very small dining area but i get it i still look forward to going for breakfast,38,202,neutral
FqC0sXUpVZPiS0gjDNO01Q,I'm not a breakfast person so I wasn't very excited about going here but wow!!! The wait was LONG - but worth it. The best food at our table was crawfish biscuit but everything else was very good. My son loved his fried chicken gravy biscuit and the hash browns were really good. The staff were very helpful when we explained our time crunch and helped by taking our order before we got our table. Excellent.,positive,"negative, positive",,,,,,,,,,,,5,i m not a breakfast person so i wasn t very excited about going here but wow the wait was long but worth it the best food at our table was crawfish biscuit but everything else was very good my son loved his fried chicken gravy biscuit and the hash browns were really good the staff were very helpful when we explained our time crunch and helped by taking our order before we got our table excellent,77,398,positive
hCSL860vy9K7e4Qu9Mon7Q,"Nice place.  Waitress was attentive and did a great job.  We enjoyed salad and the cheese bread sticks.  I would get both again.  We had a handtossed sausage pizza.  The pizza itself was not the best becuase the sausage was terrible.  I would not recommend the sausage at all.  If you enjoy eating sausage, don't come here to eat it.","positive, negative",positive,,,,positive,,,,,,,,3,nice place waitress was attentive and did a great job we enjoyed salad and the cheese bread sticks i would get both again we had a handtossed sausage pizza the pizza itself was not the best becuase the sausage was terrible i would not recommend the sausage at all if you enjoy eating sausage don t come here to eat it,61,317,neutral
fsykmHzKuQWhn4jibu_nCQ,"Skip it! Not worth the $27.50. The cruise itself is really boring; all you can see is trees on the side. The narrative tells you it was a battlefield and there are two plantations and colonial buildings as well but you can't really see them. There is Domino's sugar refinery and a huge natural gas plant - all steel, nothing really to see or enjoy. The steamboat doesn't give you a special feel, it's like riding on any other boat. The music is really good indeed -probably if they didn't have it, nobody would come.",,negative,"negative, positive",,,negative,,negative,,,,,,3,skip it not worth the the cruise itself is really boring all you can see is trees on the side the narrative tells you it was a battlefield and there are two plantations and colonial buildings as well but you can t really see them there is domino s sugar refinery and a huge natural gas plant all steel nothing really to see or enjoy the steamboat doesn t give you a special feel it s like riding on any other boat the music is really good indeed probably if they didn t have it nobody would come,98,495,neutral
qt5sA1GlTMx74yQYi7gNLw,"Overpriced fast food joint.   Skip the pretension and just go to McDonald's down the street.  I was not impressed with the service, the selections or the food.   Only good point was the actual ice cream for dessert.   So skip the more and just get some ice cream to go.","negative, positive",negative,,,negative,,,negative,,,,,,3,overpriced fast food joint skip the pretension and just go to mcdonald s down the street i was not impressed with the service the selections or the food only good point was the actual ice cream for dessert so skip the more and just get some ice cream to go,50,256,neutral
J3dl_BagtA9JnppdGkHlvQ,"Stumbled across the set back, sidewalk cafe on a lovely, sunny afternoon. Plopped down with our beers from next door, and took in the jazz band that was playing under a tent. The waterfall that greets you as you walk into the courtyard is a nice touch. We cam back the next day, had some drinks (full bar there folks) and although they serve sandwiches and light snacks, we tried some beignets. They were excellent. Never had better.  It's a quaint little outdoor area that can't be missed. Either soaking up some sun during the day, or sitting back and relaxing while enjoying the live at night.",positive,,positive,,,,positive,,,,,,,5,stumbled across the set back sidewalk cafe on a lovely sunny afternoon plopped down with our beers from next door and took in the jazz band that was playing under a tent the waterfall that greets you as you walk into the courtyard is a nice touch we cam back the next day had some drinks full bar there folks and although they serve sandwiches and light snacks we tried some beignets they were excellent never had better it s a quaint little outdoor area that can t be missed either soaking up some sun during the day or sitting back and relaxing while enjoying the live at night,109,579,positive
xqIKhAEeNQ7fm0qYC212_Q,"Good wings with lots of flavor choices. Good seasoned fries. Not a lot of beers to choose from bit I figure most of the people who hang out here are just fine with Budweiser and corona. Its a bit cramped but not too bad. Also, why do all the waitresses wear false eyelashes?",positive,negative,negative,,,,,,,,negative,,,3,good wings with lots of flavor choices good seasoned fries not a lot of beers to choose from bit i figure most of the people who hang out here are just fine with budweiser and corona its a bit cramped but not too bad also why do all the waitresses wear false eyelashes,53,268,neutral
EWu4JyMnNr247ePRkOaEkQ,"The place is cute, but the owner is rude and unfriendly. She was disrespectful towards us  and unaccommodating. Her behavior toward local customers was unacceptable and detracts from the experience at an otherwise quaint establishment.   In addition to her negative demeanor, she handled food without gloves and refused to put a lid on a to-go cup which was overflowing. She then proceeded to throw the lid in our direction and serve another customer.   Overall, it is unfortunate that a neighborhood gem is tainted by her misconduct.",negative,negative,,,,positive,,,,,,,,3,the place is cute but the owner is rude and unfriendly she was disrespectful towards us and unaccommodating her behavior toward local customers was unacceptable and detracts from the experience at an otherwise quaint establishment in addition to her negative demeanor she handled food without gloves and refused to put a lid on a to go cup which was overflowing she then proceeded to throw the lid in our direction and serve another customer overall it is unfortunate that a neighborhood gem is tainted by her misconduct,87,520,neutral
iBcn9OepmFm-j4X_oGLAlQ,"I've lived near this place for many years. But there are tons of pizza and sandwich places in this area. It's saturated. I know we tried the pizza years ago and were disappointed. Tonight we got pizza steaks and they were fabulous. Soft rill, packed with meat, right amount of cheese and perfect sauce. I'm really impressed and we'll definitely order from them again.","positive, negative",,,,,,,,,,,,,3,i ve lived near this place for many years but there are tons of pizza and sandwich places in this area it s saturated i know we tried the pizza years ago and were disappointed tonight we got pizza steaks and they were fabulous soft rill packed with meat right amount of cheese and perfect sauce i m really impressed and we ll definitely order from them again,68,358,neutral
QIPRGwJcNPodg7v2nqqSEw,"The only benefit to coming here is large portion size. Four of us went, we got spicy chicken, lomein, fried rice and the ahi bowl. The ahi bowl was ok, the rest was absolute garbage. All of the dishes were very bland, you would be better off getting the frozen Chinese food in the grocery store. Never coming back.","neutral, negative",,,,positive,,,,,,,,,1,the only benefit to coming here is large portion size four of us went we got spicy chicken lomein fried rice and the ahi bowl the ahi bowl was ok the rest was absolute garbage all of the dishes were very bland you would be better off getting the frozen chinese food in the grocery store never coming back,59,304,negative
GtkNOuCYl66VMWmOmqYlYw,"We went here for breakfast and will never return! This restaurant is filthy! Floors, walls, Windows right down to the silverware with dried food on it to our mugs and glasses. The ceiling tiles stained! It needs to close down and be totally renovated before serving the public!! Our breakfast came out cold and we couldn't eat it. We saw the waitresses touching the food and plating it with their hands? Where is the Board of Health?? Never will we ever return!!",negative,negative,negative,,,negative,,,,,,,,1,we went here for breakfast and will never return this restaurant is filthy floors walls windows right down to the silverware with dried food on it to our mugs and glasses the ceiling tiles stained it needs to close down and be totally renovated before serving the public our breakfast came out cold and we couldn t eat it we saw the waitresses touching the food and plating it with their hands where is the board of health never will we ever return,83,448,negative
aAZfPGaF1YHh2jImso40eg,"The food was good and the atmosphere was great.  I really wanted to like Sukho Thai, but the service was absolutely horrible.  The woman working there seemed genuinely angry that we would dare eat at her restaurant.  The dessert was good too, but if you order some, prepare for the wrath of the hostess.  It seemed to make her furious that not only did we eat dinner there, but we were also deliberately wasting even more of her time by being so inconsiderate as to order a dessert as well.",positive,negative,positive,,,,,,,,,,,5,the food was good and the atmosphere was great i really wanted to like sukho thai but the service was absolutely horrible the woman working there seemed genuinely angry that we would dare eat at her restaurant the dessert was good too but if you order some prepare for the wrath of the hostess it seemed to make her furious that not only did we eat dinner there but we were also deliberately wasting even more of her time by being so inconsiderate as to order a dessert as well,90,477,positive
rFCfTfs9YvkyCjR5dQHVqw,"Probably the best thing about Target is that it isn't Wal Mart.  Target is awesome because it has everything from clothes to toys to electronics to makeup.   I usually stop in here (if I remember) to pick up my makeup, because it's at least $2-3 cheaper than other stores.  They have a great grocery section and their selection of household items (microwaves, etc.) is fantastic.  They are always good about having enough registers open for the number of shoppers in the place, and I rarely have to wait in a line.",,positive,,,,,,,positive,,,,,3,probably the best thing about target is that it isn t wal mart target is awesome because it has everything from clothes to toys to electronics to makeup i usually stop in here if i remember to pick up my makeup because it s at least cheaper than other stores they have a great grocery section and their selection of household items microwaves etc is fantastic they are always good about having enough registers open for the number of shoppers in the place and i rarely have to wait in a line,92,491,neutral
GJyvMqGIj34vweJYsn3uhw,"I've been here several times because I live close. I love the rewards program. I get $1 off almost every time I go. I use to think this was the best fro-yo until I tried a really good place off of Prytania. Now Orange Leafs flavors don't have enough flavor for me. I still go because its a quick fix for my craving. The staff is wishy washy and if you want to try something, they hold on to those little cups for dear life. My other spot gives you a handful and let you have at it! All in all... It's ok for what it is.",negative,negative,,,,positive,,,positive,,,,,3,i ve been here several times because i live close i love the rewards program i get off almost every time i go i use to think this was the best fro yo until i tried a really good place off of prytania now orange leafs flavors don t have enough flavor for me i still go because its a quick fix for my craving the staff is wishy washy and if you want to try something they hold on to those little cups for dear life my other spot gives you a handful and let you have at it all in all it s ok for what it is,110,503,neutral
cbcnrGl_ovi1egXLGRUS7A,"They have a drive through! Super convenient for my quick stop to bring some beignets back to Houston. Order came out hot & fresh pretty quickly. I got the powdered sugar in a separate bag so it wouldn't melt and wow they're not stingy! I had so much powdered sugar my little brother double dipped/tripled dip drowning out each bite. My family loved it, thumbs up!   Frozen coffee gave me enough energy for my long drive back to Houston and kept cold for hours!",positive,,,,,positive,positive,,,,,,,5,they have a drive through super convenient for my quick stop to bring some beignets back to houston order came out hot fresh pretty quickly i got the powdered sugar in a separate bag so it wouldn t melt and wow they re not stingy i had so much powdered sugar my little brother double dipped tripled dip drowning out each bite my family loved it thumbs up frozen coffee gave me enough energy for my long drive back to houston and kept cold for hours,86,448,positive
b_IVmXYnwkCDnFAbrmUGHw,"Horrible, old, cigarette smelly (even tho we requested smoke-free); room was never serviced during our 2-night stay, toilet starting leaking the morning we left. Needs a complete, total, expensive remodel!!!",,negative,negative,,,negative,,,negative,,,,,1,horrible old cigarette smelly even tho we requested smoke free room was never serviced during our night stay toilet starting leaking the morning we left needs a complete total expensive remodel,31,193,negative
AmPAwe3TwEKDFtHXUFjpGA,Place is going downhill. They raised the prices but not on the menu.   Served cheese whiz instead of Swiss.  Had to get out money back. Staff was rude when questioned.  Just about threw our money back at us.,negative,negative,,,,,,negative,,,,,,1,place is going downhill they raised the prices but not on the menu served cheese whiz instead of swiss had to get out money back staff was rude when questioned just about threw our money back at us,38,197,negative
dA1LSJkJXf2zOGidFg_UBg,"Absolutely charming breakfast, brunch, and dinner spot. Happened it while in Philly for a conference and actually considered extending my stay just to explore their menu fully.  Food is elegant but has a warm, home cooked feel, coffee is strong, and the ambiance is great.  Gotta love a spot whose servers shout ""Opa"" when a guest breaks a glass!",positive,positive,positive,,,positive,positive,,,,,,,5,absolutely charming breakfast brunch and dinner spot happened it while in philly for a conference and actually considered extending my stay just to explore their menu fully food is elegant but has a warm home cooked feel coffee is strong and the ambiance is great gotta love a spot whose servers shout opa when a guest breaks a glass,59,333,positive
YE3ReOpGl3h4q2DJx_5tIw,"UPDATE - I am giving them a star back because it appears the owner keeps up with yelp comments and genuinely cares about reviews and customer satisfaction. This has impressed me enough to go back for another try (plus a craving for truffle fries that will not go away), hopefully, after my next visit i will be able to bump it up another star or two.  500, I will see you soon. Fellow yelpers, I will keep you posted.",positive,,,,,,,,positive,,,,,5,update i am giving them a star back because it appears the owner keeps up with yelp comments and genuinely cares about reviews and customer satisfaction this has impressed me enough to go back for another try plus a craving for truffle fries that will not go away hopefully after my next visit i will be able to bump it up another star or two i will see you soon fellow yelpers i will keep you posted,77,400,positive
FMFZoES5LfumuwhsZbIDlQ,"I must admit, I wasn't expecting much. This place totally blew us away. This has to be one of the best Indian restaurants in the Tampa Bay. The ambience is wonderful including white table linens. The best part was the food, OMG. The chicken 65 was to die for, and the hot sour soup was rich and flavorful. The waitress (Angel) was friendly,  attentive and very pleasant. They opened just a week ago. I'm sure this will soon be the place foodies seek out for real Indian food.",positive,positive,positive,,,positive,,,,,,,,5,i must admit i wasn t expecting much this place totally blew us away this has to be one of the best indian restaurants in the tampa bay the ambience is wonderful including white table linens the best part was the food omg the chicken was to die for and the hot sour soup was rich and flavorful the waitress angel was friendly attentive and very pleasant they opened just a week ago i m sure this will soon be the place foodies seek out for real indian food,89,456,positive
4mQB_GKC-f5GPoDr3ZyxRA,"It's date night!! We would usually head down town, but had to drop little man off at the sister in law's.  Salad was not a salad. Lettuce and the ginger dressing :(. However they have a full bar. The atmosphere is nice. Tonight is a quiet night due to weather, so if you want to eat at the grill make a reservation. The food at the grill is excellent and you will have left overs.  Sushi is great!! Never disappointing. Ordered the soft shell crab for the first time as an app. It's ok. More breading then meat. Edamame is better!!  This is not the place got my low carb diet, but delicious!","negative, positive, neutral",,positive,,,,,,,,positive,,,3,it s date night we would usually head down town but had to drop little man off at the sister in law s salad was not a salad lettuce and the ginger dressing however they have a full bar the atmosphere is nice tonight is a quiet night due to weather so if you want to eat at the grill make a reservation the food at the grill is excellent and you will have left overs sushi is great never disappointing ordered the soft shell crab for the first time as an app it s ok more breading then meat edamame is better this is not the place got my low carb diet but delicious,115,564,neutral
cCVSPKPlYLN0azETtQHzrg,I love this place! The pizza is perfection due in part to the wood fired oven. The appetizers are great too. They use really ingredients and it shows. It is a simple neopalatin style pizza but the flavors all work well to make a great pizza. Service is great and they always have a amazing selection of beers.,positive,positive,,,positive,positive,,,,,positive,,,5,i love this place the pizza is perfection due in part to the wood fired oven the appetizers are great too they use really ingredients and it shows it is a simple neopalatin style pizza but the flavors all work well to make a great pizza service is great and they always have a amazing selection of beers,58,303,positive
onlgwy5qGDEzddsrnIvtWg,"Don't know what it is but If my tummy's feeling icky, I can count on Chipotle's stake to fix me up. I just have to remember not to go during full on lunch time. I usually go between 2 & 4 when it's peaceful and calm. Busy or not the service is always friendly and fast!",positive,positive,positive,,,,,,,,,,,5,don t know what it is but if my tummy s feeling icky i can count on chipotle s stake to fix me up i just have to remember not to go during full on lunch time i usually go between when it s peaceful and calm busy or not the service is always friendly and fast,57,258,positive
YONIMR09r7NhlpP8z1OfWg,"DON'T BOTHER GETTING THE GROUPON. The sushi was terrible and they DIDN'T HONOR the Groupon because I didn't present it when I was seated. I've used many, many Groupons in other establishments and have never been refused. I called Groupon and got a refund from them and reported that Yakuza did not accept it.  BIG THUMBS DOWN for Yakuza, thumbs up for Groupon.",negative,negative,,,,negative,,,positive,,,,,1,don t bother getting the groupon the sushi was terrible and they didn t honor the groupon because i didn t present it when i was seated i ve used many many groupons in other establishments and have never been refused i called groupon and got a refund from them and reported that yakuza did not accept it big thumbs down for yakuza thumbs up for groupon,67,352,negative
qVG8nSByP0TQ9Aw_KkjhhA,Excellent amount of food with their early bird specials from 2-5pm. Food was average at best. People were friendly and everything was clean. Prices were pretty good,neutral,positive,positive,,positive,,,positive,,,,,,5,excellent amount of food with their early bird specials from pm food was average at best people were friendly and everything was clean prices were pretty good,27,158,positive
b9I7_AKw_CmmJoLeaKfm9Q,"People say ""lightning only strikes once"".  Well, guess what?  We were a party of six years ago at the old location.  They seated us at a huge booth.  We sat at that booth for 17 minutes with absolutely no contact with an employee.  We walked out.  Since this new location opened, we've dined as a family dozens of times with great results.  Tonight I entered by myself.  Seated near the bar at a four top, I sat at my table for nine minutes...no one, nothing.  So, again, I walk out to the prepubescent hostesses thanking me for coming.  Too much competition CD Romas...especially repeating a nasty habit the industry does not forgive you for...",,"negative, positive",,,,,,,positive,,,,,3,people say lightning only strikes once well guess what we were a party of six years ago at the old location they seated us at a huge booth we sat at that booth for minutes with absolutely no contact with an employee we walked out since this new location opened we ve dined as a family dozens of times with great results tonight i entered by myself seated near the bar at a four top i sat at my table for nine minutes no one nothing so again i walk out to the prepubescent hostesses thanking me for coming too much competition cd romas especially repeating a nasty habit the industry does not forgive you for,116,607,neutral
f63URRJ9DCs2ymfRfXhcvw,I really don't like being told that the chef changed how something is made months ago and that I have been eating buttermilk for who knows how long.  That is not cool.  All of the seitan dishes were either removed from the menu or they were changed to include animal junk.  Basically this place has gone from being awesome to just another burrito shop for the vegan community.  Boo!,,negative,,,negative,negative,,,,,,,,1,i really don t like being told that the chef changed how something is made months ago and that i have been eating buttermilk for who knows how long that is not cool all of the seitan dishes were either removed from the menu or they were changed to include animal junk basically this place has gone from being awesome to just another burrito shop for the vegan community boo,70,373,negative
6j7TrxqNC9FtcRIPrDpRqQ,"My friend and I came here around 2pm on a Monday. It happened by default, as most of the restaurants on Main Street were closed. We sat ourselves down at the bar and got to drinking. After a few drinks, I ordered the pulled pork tacos and my friend had a burrito. Not bad, not stellar. Just a standard very place to drink and eat Mexican food. It's got a very college feel even in the middle of the day, so keep that in mind if that's not your thing.",neutral,,neutral,,,,,,,,,,,3,my friend and i came here around pm on a monday it happened by default as most of the restaurants on main street were closed we sat ourselves down at the bar and got to drinking after a few drinks i ordered the pulled pork tacos and my friend had a burrito not bad not stellar just a standard very place to drink and eat mexican food it s got a very college feel even in the middle of the day so keep that in mind if that s not your thing,92,438,neutral
dn8s5Kq5drzbkcSkEwPLEQ,"Lots of slots, you have to pay to park, the cocktail waitresses aren't cute, drinks take forever, and everyone smokes in there..... I'd still go back though",,negative,negative,,,,negative,negative,positive,,,,,1,lots of slots you have to pay to park the cocktail waitresses aren t cute drinks take forever and everyone smokes in there i d still go back though,29,147,negative
Jm5zNjzGlmHcQaQGTlYRog,"This place has a good location in Hillsboro Village and lots of well-positioned tv screens (had a good time watching some world cup matches here).  However, the food is fairly bad.  Service is all right, sometimes slow.  Eh.",negative,"neutral, negative",,,,,,,positive,positive,,,,3,this place has a good location in hillsboro village and lots of well positioned tv screens had a good time watching some world cup matches here however the food is fairly bad service is all right sometimes slow eh,39,213,neutral
dByIA46uW9B7Z5vGTvAPig,"Really, you can't put meat on the side for a taco salad? And your justification is a stumble over a bunch of words? I don't understand??? I definitely won't be back!",,negative,,,negative,negative,,,,,,,,1,really you can t put meat on the side for a taco salad and your justification is a stumble over a bunch of words i don t understand i definitely won t be back,34,158,negative
dVDJWzxnnIgQqdG6XpKkfQ,"Got my haircut with Elijah ""Eli"" and I have to say that the vibe in this place is simply amazing, just a bunch of guys enjoying a good cut and laughing.  It was great, Eli was amazing and the price matches the quality! Definitely my new shop up here on the North Side.",,positive,positive,,,,,positive,,,,,,5,got my haircut with elijah eli and i have to say that the vibe in this place is simply amazing just a bunch of guys enjoying a good cut and laughing it was great eli was amazing and the price matches the quality definitely my new shop up here on the north side,53,260,positive
E91iUqN6z_7Y0xUHBwM0yw,"Amazing food and drinks, good coffee. BUT there's flies everywhere. I eat here pretty often and that's always a problem.",positive,,negative,,,,positive,,,,,,,3,amazing food and drinks good coffee but there s flies everywhere i eat here pretty often and that s always a problem,22,116,neutral
SRF_nqNqo_-n--mPi4xk1Q,"Granted its a holiday ( valentines day) but my bf and I sat at the bar for 28 minutes with not so much as a look for either the bar back or bartender. The bartender looked like she was pissed at the world and even yelled at her barback to ""deal with the ppl"" behind her.  As lightning season ticket holders this was the 2nd disappointing experience at the BAR. Food is so amazing but always plan ahead and be prepared to wait........  not going to be gracing this establishment for a while as I sit down the sidewalk at Splittsville with food ordered and a drink in hand!!! Go SVille",positive,negative,,,,negative,,,,,,,,3,granted its a holiday valentines day but my bf and i sat at the bar for minutes with not so much as a look for either the bar back or bartender the bartender looked like she was pissed at the world and even yelled at her barback to deal with the ppl behind her as lightning season ticket holders this was the nd disappointing experience at the bar food is so amazing but always plan ahead and be prepared to wait not going to be gracing this establishment for a while as i sit down the sidewalk at splittsville with food ordered and a drink in hand go sville,109,558,neutral
Aj0UVTXgRLXAasN1X4qXuA,"Great food... Love the Fish tacos & Nachos are great  it's really a nice atmosphere for family settings and night or dates too.. Music beach bar, home made ice cream  & a little play ground - it's great",positive,,positive,,,,,,,,,,,5,great food love the fish tacos nachos are great it s really a nice atmosphere for family settings and night or dates too music beach bar home made ice cream a little play ground it s great,37,188,positive
chtDBb_3unH0Wcs3W2Iahw,"Some of the finest Mexican food I've had. The fried fish taco is WONDERFUL, as is all of the other food. My biggest regret is not buying their red sauce and birria to take home.   Also-there is no air conditioning. They do have ceiling fans, but we all know those aren't necessarily helpful in the monsoon season. The food is definitely worth the trip though!",positive,,negative,,,,,,,,,,,3,some of the finest mexican food i ve had the fried fish taco is wonderful as is all of the other food my biggest regret is not buying their red sauce and birria to take home also there is no air conditioning they do have ceiling fans but we all know those aren t necessarily helpful in the monsoon season the food is definitely worth the trip though,68,349,neutral
xOLT8Z62v6el61dOQTOHdQ,"Great food! The wait was a bit long, and their wait list process is a bit confusing. But other than that it was nice, friendly, and quick service. And the food was fantastic.",positive,"negative, positive",,,,,,,,,,,,5,great food the wait was a bit long and their wait list process is a bit confusing but other than that it was nice friendly and quick service and the food was fantastic,33,167,positive
GVEAispVyfwkjyuOkmBLvA,Rooms were better than expected judging by the exterior of hotel.  Great food in casino.  Great service all around.  Casino is way to smokey to the point it was hard to breathe.,positive,positive,negative,,,,,,positive,negative,,,,3,rooms were better than expected judging by the exterior of hotel great food in casino great service all around casino is way to smokey to the point it was hard to breathe,32,170,neutral
aOCI7NVqcwf9mb0sGZxHJw,"They are really great with making cakes last minute, as I can attest to! I've had a sampling of most of their cakes, and they're all delicious. A little too sweet for my personal preference, but that's not a bad flaw to have!","positive, negative",,,,positive,,,,,,,,,3,they are really great with making cakes last minute as i can attest to i ve had a sampling of most of their cakes and they re all delicious a little too sweet for my personal preference but that s not a bad flaw to have,46,219,neutral
0wLjHPDXrJ4OKwwaKzl7BA,"I love their eggs! Their eggs taste better than any other restaurant eggs I've ever had. We always get the hash. Dawn Patrol is always super generous with the food portioning...with the hash, that is. My brother got a burger to go, and all it was was a piece of meat between two buns. However, he said the burger was really good, but still, I feel that they could've melted some cheese on top of the patty. All of their pastries, bread and jellies are homemade - and really delicious!",positive,,,,"negative, positive",,,,,,,,,5,i love their eggs their eggs taste better than any other restaurant eggs i ve ever had we always get the hash dawn patrol is always super generous with the food portioning with the hash that is my brother got a burger to go and all it was was a piece of meat between two buns however he said the burger was really good but still i feel that they could ve melted some cheese on top of the patty all of their pastries bread and jellies are homemade and really delicious,92,467,positive
hEI3B7W1kPkHNrT4bIO9ww,"If I could give zero stars I would. Huge disappointment.  Terrible service all around. Front desk attendant upon my arrival was rude, couldn't find a luggage cart for me to use. I asked to be away from the elevator four times and was given a room that faced the elevator. The couch had a stain as did the walls. Could hear music and people talking from the lobby all night. I love Hilton hotels and always stay at one - this was a huge let down and I will be sure to never stay at this location again. For the price go somewhere else.",,negative,negative,,,negative,,negative,,,,,,1,if i could give zero stars i would huge disappointment terrible service all around front desk attendant upon my arrival was rude couldn t find a luggage cart for me to use i asked to be away from the elevator four times and was given a room that faced the elevator the couch had a stain as did the walls could hear music and people talking from the lobby all night i love hilton hotels and always stay at one this was a huge let down and i will be sure to never stay at this location again for the price go somewhere else,104,521,negative
EmBi1PynV13wTPQZEzoDDw,"After reading all the glowing reviews, we stopped in for a drink on Sunday afternoon. The bartender was the worst we've experienced during our visit to NoLa. There was not a single ""friendly/neighborly"" vibe to be found. He was kind of a jerk who could care less about anyone sitting around his bar. We finished our drinks and promptly left.",,negative,negative,,,,,,,,,,,1,after reading all the glowing reviews we stopped in for a drink on sunday afternoon the bartender was the worst we ve experienced during our visit to nola there was not a single friendly neighborly vibe to be found he was kind of a jerk who could care less about anyone sitting around his bar we finished our drinks and promptly left,62,333,negative
VjQl5idbz1Y9PNvVi7iHlQ,"Food was not very good and speed of service is very slow. Our waitress was very friendly tho. Granted We cane here on a Friday night, but it shouldn't take 1hr and half to serve dinner for two.  Poor execution on food and speed of service. I will not be coming here again.",negative,"negative, positive",,,,,,,,,,,,1,food was not very good and speed of service is very slow our waitress was very friendly tho granted we cane here on a friday night but it shouldn t take hr and half to serve dinner for two poor execution on food and speed of service i will not be coming here again,54,264,negative
PPgbLBvi34A6m7bKJfTwhw,Service and management terrible... After messing up all 4 of our orders the waiter got mad and started cursing... The manager offered our drinks to be free.. What a mess. The food was cold and nasty didn't even eat half of it and waited over an hour... I will never dine in any cracker barrel again after this experience...,negative,negative,,,,negative,positive,,,,,,,1,service and management terrible after messing up all of our orders the waiter got mad and started cursing the manager offered our drinks to be free what a mess the food was cold and nasty didn t even eat half of it and waited over an hour i will never dine in any cracker barrel again after this experience,59,306,negative
WqqtROjIbnBPvZi9Q9tu8Q,"Tried The Wine Loft last night and had a complete different experience then what most reviewers had. Our service was phenomenal, wine was delicious, and the food we tried was tasty! My husband and I shared the brie and mini sliders. We also shared a bottle of a great cab that complimented our food well. They have a nice happy hour!",positive,positive,,,,,positive,,positive,,,,,5,tried the wine loft last night and had a complete different experience then what most reviewers had our service was phenomenal wine was delicious and the food we tried was tasty my husband and i shared the brie and mini sliders we also shared a bottle of a great cab that complimented our food well they have a nice happy hour,61,326,positive
VpO2y8sEzcUECZ2GA3Of1A,"Dorignac's is a great local grocery store.  They have tons of local products, as well as national brands.  The quality is pretty good.  The employees are friendly and helpful.  I only wish they had a couple more locations.  I only go here when I'm in the area, and that's not very often.",positive,positive,,,positive,positive,,,,negative,,,,3,dorignac s is a great local grocery store they have tons of local products as well as national brands the quality is pretty good the employees are friendly and helpful i only wish they had a couple more locations i only go here when i m in the area and that s not very often,55,274,neutral
Q8Vz3ELyBKwFwelkSws75g,"If you're a fan of sweets, this spot is worth visiting.  They're well-known for their pralines, but there are plenty of other desserts to choose from here.  They even have guys in the front (or back?) of the store making pralines that you can watch.",positive,,,,positive,positive,,,,,,,,5,if you re a fan of sweets this spot is worth visiting they re well known for their pralines but there are plenty of other desserts to choose from here they even have guys in the front or back of the store making pralines that you can watch,48,239,positive
wphbA_OQlOtP4AaT8oTeOw,"Food was a 3.5 or so, but our server Kiki pushed our rating up to 4.  Oysters on half shell were good (but so damn big!).   BBQ oysters were really tasty.   Turtle soup - solid and spicy.   BBQ shrimp - wife loved it, I thought just ok.","neutral, positive",positive,,,,,,,,,,,,5,food was a or so but our server kiki pushed our rating up to oysters on half shell were good but so damn big bbq oysters were really tasty turtle soup solid and spicy bbq shrimp wife loved it i thought just ok,43,209,positive
kXkoBcxhLJ058tTeBbUz6g,"I've been to Lucy's twice now. I don't usually do the whole going to bars thing but I was with friends .. This place gets WAY too packed for my liking. I don't really enjoy being pushed and shoved around while trying to make my way to the restroom.   I tried the food this go around and it was a huge disappointment. I asked for a medium burger and it came out well and dried, it also tasted like a brick. The nachos were gross. It's layers upon layers of chips and melted cheese, and it was cold by the time it got to me.  Overall, if I don't have to go back there EVER, I won't.",negative,,negative,,,negative,,,,,,,,1,i ve been to lucy s twice now i don t usually do the whole going to bars thing but i was with friends this place gets way too packed for my liking i don t really enjoy being pushed and shoved around while trying to make my way to the restroom i tried the food this go around and it was a huge disappointment i asked for a medium burger and it came out well and dried it also tasted like a brick the nachos were gross it s layers upon layers of chips and melted cheese and it was cold by the time it got to me overall if i don t have to go back there ever i won t,123,562,negative
WwdgjZvARA-p7IU4I4Iqbw,I've been to this place in numerous occasions and I have never been disappointed! My friend and I are traveling to Puerto Rico and my mother in law wanted Tamales! They were very accommodating and gave us free samples and offer to cook them and pack them for us! Great place and very friendly staff!,,positive,,,,positive,,,,,,,,5,i ve been to this place in numerous occasions and i have never been disappointed my friend and i are traveling to puerto rico and my mother in law wanted tamales they were very accommodating and gave us free samples and offer to cook them and pack them for us great place and very friendly staff,56,295,positive
ccMORGjJYr3Mq7sjASl1iA,The food here was much better when it first opened.  Still a solid and easy BBQ and meat option just not enough to go 4 stars even.  The meat is good.  The sides are what has declined. Their biscuits aren't that great - a little too dense.  Nice selection of desserts.,"negative, positive",,,,positive,,,,,,,,,3,the food here was much better when it first opened still a solid and easy bbq and meat option just not enough to go stars even the meat is good the sides are what has declined their biscuits aren t that great a little too dense nice selection of desserts,50,254,neutral
2LeaIpYBnVZQudLUoqedyg,"Carne Seca burro was smokey, delicious and really filling. The price is great for what they give you. If only they automatically put some tomatoes and lettuce. :( Other than that, you have to stop by and try the carne seca burro, especially if you're just visiting the area. The tortilla is amazing - if I wasn't in the process of moving, I would have taken a few back home to eat. Don't forget to order an horchada - they serve one that is delicious!",positive,,,positive,negative,,positive,,,,,,,5,carne seca burro was smokey delicious and really filling the price is great for what they give you if only they automatically put some tomatoes and lettuce other than that you have to stop by and try the carne seca burro especially if you re just visiting the area the tortilla is amazing if i wasn t in the process of moving i would have taken a few back home to eat don t forget to order an horchada they serve one that is delicious,85,434,positive
V0AVbSPBmpaDEn10CwSigQ,This place is dirty and old! If you go to the drive thru you'll get better service than if you go inside. Lunch time is the worst. It's like the found the slowest people to ring during the busiest time.,,negative,negative,,,negative,,,,,,,,1,this place is dirty and old if you go to the drive thru you ll get better service than if you go inside lunch time is the worst it s like the found the slowest people to ring during the busiest time,42,198,negative
bMficDLE7xpYS47EGPH3KA,Best pizza ever Worst service tho  I still keep coming because the pizza is still go but be ready to wait a hour or more and to wait in a long line for a refil of soda   On a slow night it's awesome no complaints,positive,negative,positive,,,,negative,,,,,,,5,best pizza ever worst service tho i still keep coming because the pizza is still go but be ready to wait a hour or more and to wait in a long line for a refil of soda on a slow night it s awesome no complaints,46,209,positive
quiZPC8t-iZs1uiMA1ovEQ,"Stopped in for the lunch menu with my girlfriend, place was extremely clean, food was ON POINT!  And AFFORDABLE Can't wait to go back!!",positive,,,positive,,positive,,,,,,,,5,stopped in for the lunch menu with my girlfriend place was extremely clean food was on point and affordable can t wait to go back,25,129,positive
F6TZRirbqYmzmHcvorR5-Q,"Smoke and Barrel BBQ, less than marginal at best, I don't think I will ever come again! They should have kept Pastavino. Tri tip was roasted not smoked or BBQ'd cut into one inch squares, bread was hard. The chicken was the only thing somewhat worth eating.","negative, positive",,,,,negative,,,,,,,,3,smoke and barrel bbq less than marginal at best i don t think i will ever come again they should have kept pastavino tri tip was roasted not smoked or bbq d cut into one inch squares bread was hard the chicken was the only thing somewhat worth eating,49,250,neutral
K2LXvZrJUHkOHTTTVv-ECQ,"Fiorello's is awesome! My daughter's graduation was this past Saturday 5/31 and we were looking for something in west chester for lunch after the graduation with easy parking and great food.  we had 16 people and we all had GREAT meals. the service was outstanding and the ambiance was perfect - casual but very, very nice. I can't say enough about what a great experience we had.",positive,positive,positive,,,positive,,,,,,,,5,fiorello s is awesome my daughter s graduation was this past saturday and we were looking for something in west chester for lunch after the graduation with easy parking and great food we had people and we all had great meals the service was outstanding and the ambiance was perfect casual but very very nice i can t say enough about what a great experience we had,67,363,positive
W_PIVM-gVnd1QNUcWvz06w,"Service was awesome, food was delicious! Very busy place for brunch on weekends but the wait was well worth it",positive,positive,,,,neutral,,,,,,,,5,service was awesome food was delicious very busy place for brunch on weekends but the wait was well worth it,20,108,positive
i-aMU53oKzRkspInjLrguQ,"It is ok. Nothing special. Drinks are good but they advertise 80's food. Well it was  2014 prices with 2014 quantity. I had the salmon, it was good but 23 dollars for a small piece of salmon with some three bean salad. My date had the 26 dollar lobster roll that had eight French fries. I was expecting 80's proportions at 2014 pricing. The only thing 80's was the movie on the tv. The food took forever the Caesar salad table side was expensive for what you received.",positive,negative,,negative,negative,neutral,positive,,,,,,,3,it is ok nothing special drinks are good but they advertise s food well it was prices with quantity i had the salmon it was good but dollars for a small piece of salmon with some three bean salad my date had the dollar lobster roll that had eight french fries i was expecting s proportions at pricing the only thing s was the movie on the tv the food took forever the caesar salad table side was expensive for what you received,83,427,neutral
rGXMJulixaOGNEZaFzOB6w,We are from out of town here on vacation. We really enjoyed the restaurant and the fish tank display. There is a lot of interesting Guy Harvey merchandise up front also.,,,positive,,,positive,,,positive,,,,,5,we are from out of town here on vacation we really enjoyed the restaurant and the fish tank display there is a lot of interesting guy harvey merchandise up front also,31,166,positive
BMSxOuQByoq1W5d_5HXgoA,I loved it.... Food was good and I love the atmosphere drinks were great!!! It's really a upscale version of the Cheesecake Factory.,positive,,positive,,,,positive,,,,,,,5,i loved it food was good and i love the atmosphere drinks were great it s really a upscale version of the cheesecake factory,24,124,positive
vq6z2WRhYGLXtCeeIsG83g,"Twice I have wanted to order through the Internet and twice it has not worked. The first time I never even got my order. The second time I called and was told, "" oh yeah that happens"". And then, if you want to order it will be well over an hour for a pizza. WTF? This is pathetic. I really want to support locally owned businesses but not like this. I will gladly walk to Theo's and get a pizza before I try these guys again. Too bad, you're ruining local,business. I will NEVER EVER ORDER AGAIN.",negative,negative,,negative,,negative,,,negative,,,,,1,twice i have wanted to order through the internet and twice it has not worked the first time i never even got my order the second time i called and was told oh yeah that happens and then if you want to order it will be well over an hour for a pizza wtf this is pathetic i really want to support locally owned businesses but not like this i will gladly walk to theo s and get a pizza before i try these guys again too bad you re ruining local business i will never ever order again,99,480,negative
9IG9eB3K-RdIonPBuZ0psw,This is one of the busiest Chick fil A's I've seen but they always manage to be quick and have exceptional service! I seriously don't know how they can be so quick and great all the time! One of my favorite places!,,positive,,,,positive,,,,,,,,5,this is one of the busiest chick fil a s i ve seen but they always manage to be quick and have exceptional service i seriously don t know how they can be so quick and great all the time one of my favorite places,45,211,positive
29VbRhfPF1K8OHFK4NtvXg,"I am glad I was able to join friend for their reservations at Luke. The drinks were wonderful! First time having raw and fried oysters, I was told the raw oysters were less salty then regular which I appreciated. I had the crab bisque which was divine, tried my friends shrimp and grits, and the bread pudding, all were glorious and to top it off the serves was great.",positive,positive,,,,,positive,,,,,,,5,i am glad i was able to join friend for their reservations at luke the drinks were wonderful first time having raw and fried oysters i was told the raw oysters were less salty then regular which i appreciated i had the crab bisque which was divine tried my friends shrimp and grits and the bread pudding all were glorious and to top it off the serves was great,69,360,positive
jMVnTfb6zWR9hbFd3g67_A,"I usually stay away from restaurants on piers since most are tourist traps but went to this one since it had so many good reviews. Calm chowder had good pieces of clam but the soup was pretty thick - it is ok, not as good as some reviews here claim.  Crab cakes were also ok.  The shrimp and scallops pasta was awful - small shrimps and scallops, definitely not fresh.  It was also sour, either from some wrong ingredient or some overdue sauce.","neutral, negative",,,,,,,,,,,,,1,i usually stay away from restaurants on piers since most are tourist traps but went to this one since it had so many good reviews calm chowder had good pieces of clam but the soup was pretty thick it is ok not as good as some reviews here claim crab cakes were also ok the shrimp and scallops pasta was awful small shrimps and scallops definitely not fresh it was also sour either from some wrong ingredient or some overdue sauce,81,429,negative
TkcqktnOSRRDOLcba0YIqQ,My wife and I have shopped here for years. They have the best available produce all the time - local when available and best source otherwise. We picked up sweet corn today and it was from Georgia. Last time it was California sweet corn because that was all that was available. The main reason we stopped was for Georgia peaches. Mmmm. They also have a small greenhouse and plants throughout the growing season.,positive,,,,,,,,,,,,,5,my wife and i have shopped here for years they have the best available produce all the time local when available and best source otherwise we picked up sweet corn today and it was from georgia last time it was california sweet corn because that was all that was available the main reason we stopped was for georgia peaches mm they also have a small greenhouse and plants throughout the growing season,72,400,positive
EU8WdSUTSSkyCOITxZxpng,The only great thing was the view! The food was okay! Nothing special. They called last call an hour an 15 minutes before they closed. The server was quick the get us in and out. I'm a server as well and wouldn't do half the things they did. Went to the bathroom before we left and when you walk in the people that work there are sitting down on their phone. Too many better places to go than here. It also took 30 mins to get our appetizer!,"neutral, negative","negative, positive",negative,,,,,,,positive,,,,3,the only great thing was the view the food was okay nothing special they called last call an hour an minutes before they closed the server was quick the get us in and out i m a server as well and wouldn t do half the things they did went to the bathroom before we left and when you walk in the people that work there are sitting down on their phone too many better places to go than here it also took mins to get our appetizer,88,426,neutral
MbY_8Mv4GwpPuOpMK4GHSA,"This place is just awful. Great atmosphere, but food is just plain bad. I've given it too many tries. Done.",negative,,positive,,,negative,,,,,,,,3,this place is just awful great atmosphere but food is just plain bad i ve given it too many tries done,21,102,neutral
f2K0mmkgRxylGh2jFbhsng,Yummy food and fair prices for the Montecito area! Stopped by after a hike and enjoyed a glass of wine and veggie salad. Good service. Great ambiance.,positive,positive,positive,positive,,,positive,,,,,,,5,yummy food and fair prices for the montecito area stopped by after a hike and enjoyed a glass of wine and veggie salad good service great ambiance,27,146,positive
GG2-VZIt_fLqFd8V4n_1Ew,"I have been in this store twice.  It is clean, uncluttered and seems to have a wide variety of products. The clerks and service people need to work on smiling. They seem a little grim and preoccupied. Also items I was shopping for we're not clearly priced and the deli only had 2 sizes of containers. I think there is great potential but things need to come together.",,negative,,,negative,neutral,,negative,positive,,,,,3,i have been in this store twice it is clean uncluttered and seems to have a wide variety of products the clerks and service people need to work on smiling they seem a little grim and preoccupied also items i was shopping for we re not clearly priced and the deli only had sizes of containers i think there is great potential but things need to come together,68,357,neutral
N7QO4KNVOzYKyyizhKG4vg,"I wanted to like this place but it felt more like a mass chain than a great local find. The staff were great and no wait. The custom omelet was not done correctly (tomatoes inside when I asked for none and an onion or two that were not part of my order). Not terrible mistakes, but the worst was that the food came out luke warm. The complimentary corn muffins also seemed old. If you're looking for standard fare, no frills, this place is fine. That said, for the quality they are too expensive for brunch/breakfast in my opinion.",negative,positive,,negative,,negative,,,,,,,,1,i wanted to like this place but it felt more like a mass chain than a great local find the staff were great and no wait the custom omelet was not done correctly tomatoes inside when i asked for none and an onion or two that were not part of my order not terrible mistakes but the worst was that the food came out luke warm the complimentary corn muffins also seemed old if you re looking for standard fare no frills this place is fine that said for the quality they are too expensive for brunch breakfast in my opinion,101,518,negative
pFrc3z4Q1i5GvPuQwH307g,"We were visiting from LA and found Crazy Sushi on Yelp. Probably the best presentation of Sushi I have seen. We ordered sashimi, a peacock roll and unagi...delicious!",positive,,,,,,,,,,,,,5,we were visiting from la and found crazy sushi on yelp probably the best presentation of sushi i have seen we ordered sashimi a peacock roll and unagi delicious,29,160,positive
lDhP7hZ-4x9EiuuNjCrYUw,"Not sure why the reviews are so high for this place.. Great live band, ok food and bad service. Only a few other tables taken but waited 10+ minutes to order drinks. The fish tacos were tasty; pan-seared scallops were over-seasoned and disappointing.","neutral, positive, negative",negative,positive,,,,negative,,,,,,,3,not sure why the reviews are so high for this place great live band ok food and bad service only a few other tables taken but waited minutes to order drinks the fish tacos were tasty pan seared scallops were over seasoned and disappointing,44,239,neutral
w9AZ-yK5XgHIPCUiktt7jQ,We had a great meal after a day at the beach. The chicken tacos were great and my husband and so loved crab legs and oysters.,positive,,,,,,,,,,,,,5,we had a great meal after a day at the beach the chicken tacos were great and my husband and so loved crab legs and oysters,26,123,positive
KH9O1_ibrfH3Ted7FKr6Jw,Perfect place to take visitors. The plates are small and pricey but flavorful. Drinks are pretty much $10 across the board. The live music/atmosphere make the outing worth the cost. Make reservations if possible! Fun Fact: My husband and I met Bill Murray and Jon Favreau here.,positive,,positive,negative,,positive,,,,,,neutral,,3,perfect place to take visitors the plates are small and pricey but flavorful drinks are pretty much across the board the live music atmosphere make the outing worth the cost make reservations if possible fun fact my husband and i met bill murray and jon favreau here,47,266,neutral
JGwX2Q3XtaG_IEPnZW6HNw,Just ate there and the meatloaf dinner. Absolutely f'n horrible. Diarrhea in 5 minutes. Worst dinner I've ever had. No stars.,negative,,,,,,,,,,,,,1,just ate there and the meatloaf dinner absolutely f n horrible diarrhea in minutes worst dinner i ve ever had no stars,22,118,negative
WJDYbdTXFKKSpALuOOktOA,"Came here once with friends and enjoyed the coconut margarita, the creamiest tableside  guacamole made to my liking served with yummy fresh and warm thin tortilla chips and free churros!! I ordered a salad but the chicken was dry and the dressing (requested on the side) didn't please me. I even asked for another dressing but still didn't quite hit the spot. I'd definitely come back for the margaritas, guac/chips and churros though!","positive, negative",,,,,,positive,,,,,,,3,came here once with friends and enjoyed the coconut margarita the creamiest tableside guacamole made to my liking served with yummy fresh and warm thin tortilla chips and free churros i ordered a salad but the chicken was dry and the dressing requested on the side didn t please me i even asked for another dressing but still didn t quite hit the spot i d definitely come back for the margaritas guac chips and churros though,77,425,neutral
oD2T4HLtcIJm8A0oPKN4pg,"Fried rice looks like brown rice about 2 1/4 in chunks of egg. No vegtibles to be recognized . Like they had a water gun of soy sauce and was randomly shooting the rice,  while they were drying it out.. I gave it 2 stars, because I am generous like that.",negative,,,,negative,,,,,,,,,1,fried rice looks like brown rice about in chunks of egg no vegtibles to be recognized like they had a water gun of soy sauce and was randomly shooting the rice while they were drying it out i gave it stars because i am generous like that,47,237,negative
RM0A5NaSc16fUgTOMf6-QA,Have been going there over 20 years & always had great friendly service which has resulted in 4-6 hours stay. Went there Sunday and the bartender Michelle was rude and uninterested in doing her job. There was only us and 3 of her friends in the bar. In the time we had 1 drink 4 couples walked in sat down & she never acknowledged them and of course they walked out. She was more interested in her friends and the music she was playing on her phone then making herself or the bar owner any money. I was disappointed and sad that a person like her was hired.,,"positive, negative",,,,,,,,,,,,3,have been going there over years always had great friendly service which has resulted in hours stay went there sunday and the bartender michelle was rude and uninterested in doing her job there was only us and of her friends in the bar in the time we had drink couples walked in sat down she never acknowledged them and of course they walked out she was more interested in her friends and the music she was playing on her phone then making herself or the bar owner any money i was disappointed and sad that a person like her was hired,101,534,neutral
pT-tX310TvUI9Hq4cEUzMw,"Wasn't impressed, yes it was a Sat night, yes the NHL playoffs were across the street so I expected a wait.  Only waited about 15 min for a table....then came the real wait and I couldn't say it was the waitress' fault she was attentive and sweet but she had nothing to give us, drinks weren't coming out fast enough food was ready.  Disappointed in the prices too, 2 dinners and app $68 no sodas no liquors....just another chain",negative,"neutral, positive",,,,,negative,negative,,,,,,1,wasn t impressed yes it was a sat night yes the nhl playoffs were across the street so i expected a wait only waited about min for a table then came the real wait and i couldn t say it was the waitress fault she was attentive and sweet but she had nothing to give us drinks weren t coming out fast enough food was ready disappointed in the prices too dinners and app no sodas no liquors just another chain,81,405,negative
z49KLFmNFVpfpQTLm6iU5Q,Lovely neighborhood gem but worth a drive if you're not local. Nice decor. Clean. Comfortable. Excellent menu and food. Binty is best server ever!  Binty left. Hmmmmm. 10-2014,positive,positive,positive,,positive,positive,,,,,,,,5,lovely neighborhood gem but worth a drive if you re not local nice decor clean comfortable excellent menu and food binty is best server ever binty left hmm,28,155,positive
GNREgOUkqcrAeX-vNRqYNg,"Better than Hooters for both food and scenery.  The servers here are certainly friendlier.  The food is okay, basically pub food.  The menu is small, but who comes to a restaurant like this looking for an expansive menu?  We've been in a couple of times for lunch.  They usually are seating immediately.  The biggest downside is the parking lot.  Some of those potholes could swallow a car.","positive, neutral",positive,positive,,neutral,,,,,negative,,,,3,better than hooters for both food and scenery the servers here are certainly friendlier the food is okay basically pub food the menu is small but who comes to a restaurant like this looking for an expansive menu we ve been in a couple of times for lunch they usually are seating immediately the biggest downside is the parking lot some of those potholes could swallow a car,68,373,neutral
gx92zfKLC767cNBzw6D0-w,"What a cool place.  Great locally roasted coffee, fresh and delicious baked goods, cat products made by local artisans, and, CATS!  Where else can you have a coffee and snack with a friendly kitten sitting on your lap?  Fall in love with one of the felines?  The cats are all from the SPCA, have their shots and are fully adoptable!",positive,,,,,positive,positive,,,,,,,5,what a cool place great locally roasted coffee fresh and delicious baked goods cat products made by local artisans and cats where else can you have a coffee and snack with a friendly kitten sitting on your lap fall in love with one of the felines the cats are all from the spca have their shots and are fully adoptable,60,318,positive
0XcLDuhP0X-0xWss3JT8ag,"although i live a stones throw away and love the concept, i can no longer support this establishment. the food is just too inconsistent and despite the reasonable prices, subpar quality. i guess its still better than Goldies but Sylvan Park deserves better.",negative,,,positive,,,,,,,,,,3,although i live a stones throw away and love the concept i can no longer support this establishment the food is just too inconsistent and despite the reasonable prices subpar quality i guess its still better than goldies but sylvan park deserves better,43,252,neutral
BsbtDn_cFJF73y62R58pJQ,"Pool tables, darts, and karaoke which warrant a 5 star review. Some of the WORST bartenders I've ever experienced. I figure a 3 star review splits the difference. If you are ok with a great bar with slow, rude service and weak drinks once you complain, you'll be ok.",,negative,,,,,negative,,positive,,,,,3,pool tables darts and karaoke which warrant a star review some of the worst bartenders i ve ever experienced i figure a star review splits the difference if you are ok with a great bar with slow rude service and weak drinks once you complain you ll be ok,49,254,neutral
YvGP8BLTIEHgQ6NRDblENA,"I am a vegitarian and so finding good veggie rolls that i enjoy is hard, but the guys at icheban know how to do it right!  I go regularly becasue they know exactly what i like as soon as i get in, and they custom make my order becasue I don't eat fish. The sushi chefs are super funny and and hook it up everytime!  This is by far my favorite sushi restaurant in Santa Barbara... -GREAT FOOD -good prices -convienient location -good service!!  I LOVE ICHEBAN!!!!",positive,positive,,positive,,,,,,positive,,,,5,i am a vegitarian and so finding good veggie rolls that i enjoy is hard but the guys at icheban know how to do it right i go regularly becasue they know exactly what i like as soon as i get in and they custom make my order becasue i don t eat fish the sushi chefs are super funny and and hook it up everytime this is by far my favorite sushi restaurant in santa barbara great food good prices convienient location good service i love icheban,88,441,positive
OB9FBVQTN5GlHL3F9tAALA,"Finally checked this place out last night. Really quaint with great ambiance. There is no cover charge to hear the great live music. They offer a small collection of wine and cheese. They will plate the cheese for an additional fee but well worth it as it comes with bread, nuts, jam, olives, and pickles. Definitely recommend sitting outside to enjoy the band. There are heaters for those extra chilly days/nights. The environment is pretty low key so its great for a date night and even groups. Didnt try any of the food but everything i saw looked delish. Will definitely return!",,,positive,positive,positive,,,positive,positive,,,,,5,finally checked this place out last night really quaint with great ambiance there is no cover charge to hear the great live music they offer a small collection of wine and cheese they will plate the cheese for an additional fee but well worth it as it comes with bread nuts jam olives and pickles definitely recommend sitting outside to enjoy the band there are heaters for those extra chilly days nights the environment is pretty low key so its great for a date night and even groups did not try any of the food but everything i saw looked delish will definitely return,104,570,positive
A3RidKtnIjuu1Us4fJPP-A,First of all i wasn't greeted . Then we was serve on dirty trays that was wiped with dirty rags . Also the restroom was disgusting as well as table and chairs we sat on. Sorry but will not be coming back and definitely spreading the word of this place.,,negative,negative,,,,,,,,,,,1,first of all i wasn t greeted then we was serve on dirty trays that was wiped with dirty rags also the restroom was disgusting as well as table and chairs we sat on sorry but will not be coming back and definitely spreading the word of this place,49,246,negative
lEI3U6SZxAAzWI0JPe9Lhg,Not worth the 300+ a night they were charging.  When up the street to the Kempton Hotel for same price and stayed in luxury.,,,,,,negative,,negative,,,,,,1,not worth the a night they were charging when up the street to the kempton hotel for same price and stayed in luxury,23,116,negative
LJfFwF9iLPnculjovMU6FQ,Comfort food and the right ambiance. I'm a sucker for cool restaurant setups and the look of this place is lovely. Try the grilled cheese and tomato soup on a chilly or foggy afternoon. Great lunch spot especially with friends or coworkers. The price is a tad steep for the simplicity of the food but not too bad once in awhile.,positive,,positive,negative,,positive,,,,,,,,3,comfort food and the right ambiance i m a sucker for cool restaurant setups and the look of this place is lovely try the grilled cheese and tomato soup on a chilly or foggy afternoon great lunch spot especially with friends or coworkers the price is a tad steep for the simplicity of the food but not too bad once in awhile,62,323,neutral
FyhYAlL1BzP-LQAIGJjSFw,"It was an overall pretty average dining experience. The wait staff was friendly but nothing special but we got served very quickly. The location was nice.  I had the Cajun Combination (cup of gumbo, small-and I do mean SMALL serving of jambalaya, and red beans and rice.)  The gumbo was pretty good. I was happy with it overall. The jambalaya was pretty awful. You're better off making a box of Zatarans.  The red beans and rice were okay. I wasn't unhappy with them but I wouldn't go out of my way.  I wouldn't highly recommend but I also wouldn't turn away. I could eat here again.","neutral, positive, negative",positive,,,,neutral,,,,positive,,,,3,it was an overall pretty average dining experience the wait staff was friendly but nothing special but we got served very quickly the location was nice i had the cajun combination cup of gumbo small and i do mean small serving of jambalaya and red beans and rice the gumbo was pretty good i was happy with it overall the jambalaya was pretty awful you re better off making a box of zatarans the red beans and rice were okay i wasn t unhappy with them but i wouldn t go out of my way i wouldn t highly recommend but i also wouldn t turn away i could eat here again,112,563,neutral
_2hLZ-CaSl2IEKA2fkoCIw,"Didn't make it to the main venue, but had lunch at the Den while in town for a conference at the convention center. Good food, huge selection of beer, and the most awesome bartender in NOLA!",positive,positive,,,,,,,,,positive,,,5,didn t make it to the main venue but had lunch at the den while in town for a conference at the convention center good food huge selection of beer and the most awesome bartender in nola,37,185,positive
DOeEDBfsrNph0ktNkYYFnQ,Man. This place is nice. The bartender was awesome. Try the burger. It's fresh with all local ingredients. The plates of food I saw come out looked amazing as well.   The beer is cold. The drinks are mixed perfectly.  This is not a chain restaurant but a dedicated local place with good employees.,positive,positive,,,,positive,positive,,,,,,,5,man this place is nice the bartender was awesome try the burger it s fresh with all local ingredients the plates of food i saw come out looked amazing as well the beer is cold the drinks are mixed perfectly this is not a chain restaurant but a dedicated local place with good employees,54,285,positive
89T8fLUl5qAv_XE1c63lpQ,"The food was fresh but I don't like the idea of creating your own dish, there are too many sauces to figure out if you're making your dish too salty or sweet.",positive,,,,negative,,,,,,,,,5,the food was fresh but i don t like the idea of creating your own dish there are too many sauces to figure out if you re making your dish too salty or sweet,34,156,positive
Jsb8cMAhM2IRa3QrCZuK7w,"Good but maybe a little over hyped. I got the Brussel sprouts and the shrimp and grits. The sauce on the sprouts is overwhelming. It was like eating spoonfuls of bbq sauce. Too sweet and too spicy. And the shrimp and grits was better, but also saucy. A little goes a long way.","negative, positive",,,,,neutral,,,,,,,,3,good but maybe a little over hyped i got the brussel sprouts and the shrimp and grits the sauce on the sprouts is overwhelming it was like eating spoonfuls of bbq sauce too sweet and too spicy and the shrimp and grits was better but also saucy a little goes a long way,53,268,neutral
t6I2vHIupT0yyx4KWmRq_Q,"I don't appreciate u calling me ""big guy"" b ! I was  pretty demanding but I wasn't rude about it.b",,negative,,,,,,,,,,,,3,i don t appreciate you calling me big guy b i was pretty demanding but i wasn t rude about it b,22,95,neutral
T4RBB13p0TcW9Ewgbr9tFw,"Finally, Berlin's Doner is adding some much needed excitement to the dismal food selection on the South Side. Both the beef-lamb and chicken are excellent whether in a sandwich, wrap, or salad.",positive,,,,negative,positive,,,,,,,,5,finally berlin s doner is adding some much needed excitement to the dismal food selection on the south side both the beef lamb and chicken are excellent whether in a sandwich wrap or salad,34,188,positive
tEbj0ngS0OJY8KS1EYrkZA,"Okay, this is going to be a somewhat limited review, because we ordered a limited number of things. But we really liked what we got.   So here it is. We only got Grilled Cheese sandwhiches and soup.  Both were really good. I know, I know. How hard are either of these to make?  Well, they can still be made bad. And, Allegro made them good, and the price was great.  Update: Don't come here for the pizza. It's very average.","positive, negative",,,,,,,positive,,,,,,3,okay this is going to be a somewhat limited review because we ordered a limited number of things but we really liked what we got so here it is we only got grilled cheese sandwhiches and soup both were really good i know i know how hard are either of these to make well they can still be made bad and allegro made them good and the price was great update don t come here for the pizza it s very average,82,401,neutral
OMiCeDGT6qgzIbSdgtzwxQ,I had a cheeseburger and fries. The burger wasn't seasoned and the fries were sooo salty. Wont be going back definitely have had better burgers elsewhere like Axis pizza in uni city.,"negative, positive",,,,,negative,,,,,,,,3,i had a cheeseburger and fries the burger wasn t seasoned and the fries were soo salty will not be going back definitely have had better burgers elsewhere like axis pizza in uni city,34,182,neutral
0JsANzFPOn5Girp2jqr5Kg,"I have to agree with most of the previous reviewers.  It's unremarkable - literally.  There isn't much to say about it.  There isn't anything to commend nor anything to chastise.    It's on my walk home so I go in when I'm craving some Chinese.  I've tried others in the area but this is probably the best.  Sadly, the Chinese food scene in University City is kind of lame.",positive,,,,,neutral,,,,negative,,,,3,i have to agree with most of the previous reviewers it s unremarkable literally there isn t much to say about it there isn t anything to commend nor anything to chastise it s on my walk home so i go in when i m craving some chinese i ve tried others in the area but this is probably the best sadly the chinese food scene in university city is kind of lame,73,355,neutral
XjxtaScSUKQYjWo1bwv3jw,"I had a date and Blue Sage and my favorite part was being able to eat ANYTHING off the menu!!! I loved not worrying about hidden bacon and things! The food was very good. We ordered a bunch of yummy stuff! The Yukon Quesadilla is what I had, and it was good, but a little greasy. Even my meat-loving bf loved this place! The only bad points were the greasiness and the tightness in the restaurant.","positive, neutral, negative",,negative,,positive,,,,,,,,,3,i had a date and blue sage and my favorite part was being able to eat anything off the menu i loved not worrying about hidden bacon and things the food was very good we ordered a bunch of yummy stuff the yukon quesadilla is what i had and it was good but a little greasy even my meat loving bf loved this place the only bad points were the greasiness and the tightness in the restaurant,77,386,neutral
6Ro733k212Qm6N51BtyBww,Came here for an event. service was good. Drinks for happy hour were standard wine or lager. Food seemed interesting... but it was tastier in print then actuality. Truffle popcorn for example was nothing more than stale popcorn and some cheap truffle oil. Would go back to try their dinner menu though.  Maybe its just the apps that are forced?,negative,positive,,,,,,,,,neutral,,,1,came here for an event service was good drinks for happy hour were standard wine or lager food seemed interesting but it was tastier in print then actuality truffle popcorn for example was nothing more than stale popcorn and some cheap truffle oil would go back to try their dinner menu though maybe its just the apps that are forced,60,333,negative
qSCCNv6JsHpQL8_uJoL9zQ,This place was absolutely awesome. 75 cent oysters. After 2 dozen I moved to the excellent cheesy grits. Great place to eat. Even better during happy hour.,positive,,,positive,,positive,,,positive,,,,,5,this place was absolutely awesome cent oysters after dozen i moved to the excellent cheesy grits great place to eat even better during happy hour,25,145,positive
2qH5hkzrXvMmpr3oJL1mGA,"Well let's start with the good. Panera type restaurant with good food and laid back atmosphere. Now with the bad a focus on the staff. Every time I go up there the staff seems to really hate being there or has an attitude you'd prefer not to see when walking in a place. It actually makes me not want to go up there for food anymore. Definetly not world class customer service on any scale and the sad thing is, they barely have to interact with you.",positive,negative,positive,,,,,,,,,,,5,well let s start with the good panera type restaurant with good food and laid back atmosphere now with the bad a focus on the staff every time i go up there the staff seems to really hate being there or has an attitude you d prefer not to see when walking in a place it actually makes me not want to go up there for food anymore definetly not world class customer service on any scale and the sad thing is they barely have to interact with you,89,443,positive
iWcI1EsQYiJip4AUNmrOJA,"So I'm not a huge Greek food fan, but the souvlaki from Zorba's was quite amazing. The restaurant is a classic little Philly spot that doesn't look like much from the outside, but let's it's food so the talking. The people i was with, who do like Greek food, were gushing about the excellent hummus and Greek salad...   I will happily return to Zorba's again.",positive,,,,,positive,,,,,,,,5,so i m not a huge greek food fan but the souvlaki from zorba s was quite amazing the restaurant is a classic little philly spot that doesn t look like much from the outside but let s it s food so the talking the people i was with who do like greek food were gushing about the excellent hummus and greek salad i will happily return to zorba s again,71,347,positive
zvoD7wAWnDPEuoX2VExqKA,Food was ok. Seemed to lack flavor. Potato salad was blah. They forgot to use our free Appetizer Yelp coupon. But since husbAnd checked us out I shouldn't complain. But it was a slow Sunday so not sure why.  Lots of other options on the river front to try.  So in general not great but not horrible.,"neutral, negative",negative,,,,negative,,,,neutral,,,,1,food was ok seemed to lack flavor potato salad was blah they forgot to use our free appetizer yelp coupon but since husband checked us out i shouldn t complain but it was a slow sunday so not sure why lots of other options on the river front to try so in general not great but not horrible,58,289,negative
v-ZAxtbd6combJRkP_R7yg,"I had a small snafu with the Yelp coupon but after that? Food....and it was excellent.  The chicken caeser salad was great and heavy on the chicken.  The subs were fresh and tasty.   And, yes, they have beer!   But I had an old-fashioned Dr. Brown's cream soda because they have all their flavors.   Nicely located.   Just a mile from the Wagon Wheel flea market.",positive,,,,,,positive,,,positive,positive,,,5,i had a small snafu with the yelp coupon but after that food and it was excellent the chicken caeser salad was great and heavy on the chicken the subs were fresh and tasty and yes they have beer but i had an old fashioned dr brown s cream soda because they have all their flavors nicely located just a mile from the wagon wheel flea market,67,339,positive
6ka6yLrIDvIP5NWeli89Yg,Ribeye was thin and chewy. I tried it again a few months later. I spit it out. Literally. Onto my plate. Easily worst I've ever had.,negative,,,,,,,,,,,,,1,ribeye was thin and chewy i tried it again a few months later i spit it out literally onto my plate easily worst i ve ever had,27,126,negative
W9vzqX7qgUI62U8RnG0jNg,"O! Wings has the best wings!! Hot momma and the original for the win!! Oh! And the bulgogi wrap. My dad, who's very picky, even praised the wings and wrap!   Their service and attitude is very very friendly and accommodating.   I phoned in a to go order originally for 6 people. Later half an hour before the pick up time, I added 10 more entrees. They were very very accommodating and had me ready to go and out the door in 15 minutes!   Yumm! Can't wait to go back for more!",positive,positive,,,,,,,,,,,,5,o wings has the best wings hot momma and the original for the win oh and the bulgogi wrap my dad who s very picky even praised the wings and wrap their service and attitude is very very friendly and accommodating i phoned in a to go order originally for people later half an hour before the pick up time i added more entrees they were very very accommodating and had me ready to go and out the door in minutes yumm can t wait to go back for more,90,445,positive
yESwqM-ryu4DEqocQF-eRw,My cholesterol went up when I walked in the door and looked at the menu. What mattered most was the food was so good. The waitstaff was helpful in helping me make a decision. Don't expect to eat at the location and the prices are cheap. Enjoy!,positive,positive,,,,,,positive,,,,,,5,my cholesterol went up when i walked in the door and looked at the menu what mattered most was the food was so good the waitstaff was helpful in helping me make a decision don t expect to eat at the location and the prices are cheap enjoy,48,238,positive
RghsE6WZFi3VXyOp8kAW8Q,"Definitely a fun atmosphere. There are few places in Exton where you can sit outside in a nice environment and not look directly at a parking lot. The games are fun as well. Despite the fact that they have a huge beer list, their choice of IPAs rarely corresponds with my taste and the food is not very good. With respect to the beer, I am impossibly fussy so I'll give them a pass but objectively the food needs work. Mostly I go for the atmosphere. Would give 3.5 stars if I could.",negative,,positive,,,,negative,,positive,,positive,,,3,definitely a fun atmosphere there are few places in exton where you can sit outside in a nice environment and not look directly at a parking lot the games are fun as well despite the fact that they have a huge beer list their choice of ipas rarely corresponds with my taste and the food is not very good with respect to the beer i am impossibly fussy so i ll give them a pass but objectively the food needs work mostly i go for the atmosphere would give stars if i could,93,470,neutral
pGWguqKpuVyGRl4VmSVqog,"Not how you expect a business to be ran, un professional on so many levels. Just open your eyes and pay attention. Food is great, the cooks are just way to in consistent on cooking and presentation for the price you have to pay. Will never return back.",positive,negative,,negative,,,,,,,,,,3,not how you expect a business to be ran un professional on so many levels just open your eyes and pay attention food is great the cooks are just way to in consistent on cooking and presentation for the price you have to pay will never return back,48,246,neutral
vOnch1Nz481VOlGZR7zxJQ,By far the best we experienced in Santa Barbara and it was the only free historic visit. Highly recommend. The view from the tower is beautiful.,,,positive,,,,,positive,positive,,,,,5,by far the best we experienced in santa barbara and it was the only free historic visit highly recommend the view from the tower is beautiful,26,141,positive
Mv3eIYcZmXFRNgwQtbYbcQ,It's FREEZING in the building and the employees said they can't control the temperature. You can hang meat in this place!,,negative,negative,,,,,,,,,,,1,it s freezing in the building and the employees said they can t control the temperature you can hang meat in this place,23,119,negative
DGKX_0EB-GtZyPRW9n-6Zw,"We don't eat at KFC very often. I had the lame idea of trying it again. First off, the cashier, Michelle, had a SERIOUS attitude problem. Rude as the day is long. No smile, no hello, no thank you. Looked like she really hated her job. We told her our food was dine-in. It was put in a to go bag, no plates, butter, sporks, etc. I didn't dare ask for plates. Chicken was under-cooked. Slaw and potatoes were OK. Biscuits fair. Are we going back? NOPE!!! Bad attitudes don't fare well with me.","negative, positive, neutral",negative,,,,,,,,,,,,3,we don t eat at kfc very often i had the lame idea of trying it again first off the cashier michelle had a serious attitude problem rude as the day is long no smile no hello no thank you looked like she really hated her job we told her our food was dine in it was put in a to go bag no plates butter sporks etc i didn t dare ask for plates chicken was under cooked slaw and potatoes were ok biscuits fair are we going back nope bad attitudes don t fare well with me,99,465,neutral
aCQlXITs1n3miHdaNz7VNQ,"Forced to eat a dog in the French Quarter since we got back too late to avoid the long lines to the better restaurants.  I have to say that every hot dog I've ever had was better than the Lucky Dog.  There is basically nothing wrong with it, just tasteless, perhaps too fatty and definitely overpriced!  A soda and dog was $11.00.  Can you imagine how I felt after paying that much knowing that were hundreds of restaurants nearby where for about the same amount of money (okay a little more) I could have feasted?!  I was starved so I went with the dog.  Eeek!",negative,,,,,negative,,negative,,,,negative,,1,forced to eat a dog in the french quarter since we got back too late to avoid the long lines to the better restaurants i have to say that every hot dog i ve ever had was better than the lucky dog there is basically nothing wrong with it just tasteless perhaps too fatty and definitely overpriced a soda and dog was can you imagine how i felt after paying that much knowing that were hundreds of restaurants nearby where for about the same amount of money okay a little more i could have feasted i was starved so i went with the dog eek,105,535,negative
n2V-OIurdlk5_gmgIUXclQ,"Not bad. Steak and ribs were great. Chili cuo also. But noisy shouty kinda place, ""Ya Know"", yee haw. Anyway, beer served in 22 oz is a favorite size with me, but was disappointed when they did not honor the advertized $2.99 22 oz ""Bubba Beer"" beer ""every day, all day"", posted on a board at the entrance. Huh?? Cmon! I didnt fuss- paid full price for my beer. Kinda deceptive, still, Id go back.  Oh- grilled pork was seasoned well with the right spice buy waaaay too salty. Wont order that again.","positive, negative",,negative,,,,,,negative,,positive,negative,,3,not bad steak and ribs were great chili cuo also but noisy shouty kinda place ya know yee haw anyway beer served in oz is a favorite size with me but was disappointed when they did not honor the advertized oz bubba beer beer every day all day posted on a board at the entrance huh cmon i did not fuss paid full price for my beer kinda deceptive still id go back oh grilled pork was seasoned well with the right spice buy waay too salty will not order that again,92,461,neutral
YbMyvlDA2W3Py5lTz8VK-A,"Great burgers,fries and salad!  Burgers have a hint of salt and pepper flavor.  This location is very quaint. They only have outdoor seating  Friendly staff.  Street parking as well as parking lot in the back.",positive,positive,,,,,,,,positive,,,,5,great burgers fries and salad burgers have a hint of salt and pepper flavor this location is very quaint they only have outdoor seating friendly staff street parking as well as parking lot in the back,36,200,positive
pLffaOqWKZ0nmkNQWz3-rQ,"Amazing place for lassi and chaat. The chaat is elegantly presented and tastes like traditional Karachi chaat. However, the chaat isn't as nearly as good as the lassi. It is soft and creamy and sweetened beautifully. Will be coming back for sure next time I'm in the area.","positive, negative",,,,,positive,positive,,,,,,,3,amazing place for lassi and chaat the chaat is elegantly presented and tastes like traditional karachi chaat however the chaat isn t as nearly as good as the lassi it is soft and creamy and sweetened beautifully will be coming back for sure next time i m in the area,50,266,neutral
mBwlViDWTwsWLEsQzdOnnA,This place is a scam. They serve drinks where you do not taste the alcohol. The bartenders complain about the tip you leave. I've never been to a bar that is so disrespectful to customers. I will never go there again bunch of young kids with no class. Place will be closed in 6 months.,,negative,,,,negative,negative,,,,,,,1,this place is a scam they serve drinks where you do not taste the alcohol the bartenders complain about the tip you leave i ve never been to a bar that is so disrespectful to customers i will never go there again bunch of young kids with no class place will be closed in months,55,277,negative
uoq8diGbYjoWatu0q4roug,"Basic old diner style food stuck in 70's...  Decor is beyond dated, but can be extremely retro and funky with just a little care and cleaning... Menu was laminated and greasy. Toast was lathered in artificial margarine tasting substance that didn't melt on the not so toasted white bread...  My cheese omelete left a whole lot to be desired. It was as thin as a crepe and over cooked.   There isn't much of a selection in the area for early morning breakfast, but I would go a little further south on 352 and hit up the McDonald's for breakfast next time.",negative,,negative,,negative,,,,negative,,,,,1,basic old diner style food stuck in s decor is beyond dated but can be extremely retro and funky with just a little care and cleaning menu was laminated and greasy toast was lathered in artificial margarine tasting substance that didn t melt on the not so toasted white bread my cheese omelete left a whole lot to be desired it was as thin as a crepe and over cooked there isn t much of a selection in the area for early morning breakfast but i would go a little further south on and hit up the mcdonald s for breakfast next time,103,529,negative
S5tCkC5EtKD6OgLz4w3WLg,Horrible service. Ordered a pizza online. Saw email confirmation and called them 4 minutes later because it wasn't what we ordered. Was told they couldn't change the order because it was already in the oven. Got a great Pizza from ABC Pizza instead!,,negative,,,,,,,,,,,,3,horrible service ordered a pizza online saw email confirmation and called them minutes later because it wasn t what we ordered was told they couldn t change the order because it was already in the oven got a great pizza from abc pizza instead,44,242,neutral
mhXnmcYcmNHWfpzFs7X38w,"The setting is very interesting and reminded me of a Mexican restaurant: bar area, music, and ambiance. However, the food really does justice and there were plenty to choose from. I was craving for dinuguan and although it was cooked well, I was expecting the traditional sour taste. The bicol express was both sweet and spicy, which was a good combination. If you are craving for filipino food, this place will suffice.","positive, neutral",,positive,,,positive,,,,,,,,5,the setting is very interesting and reminded me of a mexican restaurant bar area music and ambiance however the food really does justice and there were plenty to choose from i was craving for dinuguan and although it was cooked well i was expecting the traditional sour taste the bicol express was both sweet and spicy which was a good combination if you are craving for filipino food this place will suffice,72,408,positive
olE4krXhdHesUI6vBM-DNg,"Walked by this place and decided to check it out. Great beer and burger place, made even better knowing many things were organic. You can order from the menu, or create your own burger. They also have rotating beers and specials. Nice atmosphere and staff. Burgers don't come with anything, so order from the sides if you want some fries. (There's also sandwiches and salads if you don't want a burger) Vegetarian friendly.",positive,positive,positive,,,,positive,,,,,,,5,walked by this place and decided to check it out great beer and burger place made even better knowing many things were organic you can order from the menu or create your own burger they also have rotating beers and specials nice atmosphere and staff burgers don t come with anything so order from the sides if you want some fries there s also sandwiches and salads if you don t want a burger vegetarian friendly,76,411,positive
SoYWh6Ps92GO3OBSI5u5Cg,"I went here for happy hour a few weeks ago, and as I was disappointed that there was no ""happy hour"" I was not disappointed in  my experience in village whiskey. The drinks were fantastic- great exotic combinations. The veggie burger was probably the best I have ever consumed. I have been here several times when I cannot even get in for a seat, so be prepared. The drinks are small and expensive but delicious, but hte food is reasonably priced. I will definitely be back!",positive,positive,,positive,,,positive,,,,,negative,,5,i went here for happy hour a few weeks ago and as i was disappointed that there was no happy hour i was not disappointed in my experience in village whiskey the drinks were fantastic great exotic combinations the veggie burger was probably the best i have ever consumed i have been here several times when i cannot even get in for a seat so be prepared the drinks are small and expensive but delicious but hte food is reasonably priced i will definitely be back,86,461,positive
9JiECNgOrmjN-wLBn8-5pw,Emerald is a fantastic dive bar with a long history. It's the neighborhood St. Pete bar and all demographics venture into this place.,,,positive,,,positive,,,,,,,,5,emerald is a fantastic dive bar with a long history it s the neighborhood st pete bar and all demographics venture into this place,24,130,positive
Vgf5v4VPDHe-XXdqDlKhnQ,"This is a great Italian BYOB, with quite the tasting menu deal. We paid $40 each for four well-portioned courses, and definitely did not leave hungry. I definitely recommend this place for a yummy meal at a reasonable price. Overall, we had very good food that I am still thinking about days later. That's a good sign!",positive,,,positive,,positive,,positive,,,,,,5,this is a great italian byob with quite the tasting menu deal we paid each for four well portioned courses and definitely did not leave hungry i definitely recommend this place for a yummy meal at a reasonable price overall we had very good food that i am still thinking about days later that s a good sign,58,306,positive
1fWh-u2danTIGgqWc4dC-A,"Very expensive!  $10.00 for a 4"" steak sandwich, chips and a drink WTF.  The service wasn't that good.  The two female employees behind the counter weren't friendly.  SMILE sometimes!  If you don't like your job then QUIT!!!!   All that being said, the sandwich was very good.  Just a bit of sticker shock.",positive,negative,,negative,,,,negative,,,,,,3,very expensive for a steak sandwich chips and a drink wtf the service wasn t that good the two female employees behind the counter weren t friendly smile sometimes if you don t like your job then quit all that being said the sandwich was very good just a bit of sticker shock,53,275,neutral
zLZhO9tn2eQhhkJYlx0jmg,"This target is conveniently located and has what we are looking for.  There is a large parking lot so no need to worry about finding a spot to park.  We can get in and out quickly, and those are the main things I look for at Target.",,,,,,,,,positive,positive,,,,5,this target is conveniently located and has what we are looking for there is a large parking lot so no need to worry about finding a spot to park we can get in and out quickly and those are the main things i look for at target,47,226,positive
ukv2XBhA8qN61MocwiWIhA,Bad food and bad service. More costly than it is worth.  I have been there for breakfast and was happy.  This is not a place to go to for lunch or supper.   Disappointed.,negative,negative,,,,,,negative,,,,,,1,bad food and bad service more costly than it is worth i have been there for breakfast and was happy this is not a place to go to for lunch or supper disappointed,33,161,negative
o1c_U0lLIpSE5OXFxT7LWw,"incredibly good on a second visit as well. the chicken curry is consistent -- perfectly spiced, garlicy. the goat biryani is phenomenal!",positive,,,,,,,,,,,,,5,incredibly good on a second visit as well the chicken curry is consistent perfectly spiced garlicy the goat biryani is phenomenal,21,129,positive
IoD-bb3f5RQVLg3FRl-Wdg,I ordered the dragon phoenix it was my first time coming back to this place since 2008. I used to order from them almost everyday when I was pregnant. It only had 2 pieces of shrimp. I decied to give them one more try. the egg roll was good. The sauce was ok. but they do give you big piece of chicken. The one thing I do like ......... you can pick your own amount of sauces. They aren't cheap there .,"negative, positive, neutral",positive,,,,,,negative,,,,,,3,i ordered the dragon phoenix it was my first time coming back to this place since i used to order from them almost everyday when i was pregnant it only had pieces of shrimp i decied to give them one more try the egg roll was good the sauce was ok but they do give you big piece of chicken the one thing i do like you can pick your own amount of sauces they aren t cheap there,79,375,neutral
vwRiVcPC97IByHuoNxsmAQ,"Overview: 2/10 service, 3/10 food, 5/10 ambiance  Would not recommend.   To be honest this place is mediocre at best... The service was really slow and the chef was on his phone right in my face! He didn't even answer me when I tried to get his attention. The food was fine I guess... Overall I would not recommend this place. If you're looking for somewhat authentic Japanese food look elsewhere! As an American, I spoke more Japanese than the entire staff combined. There's plenty of great food in Santa Barbara so just go somewhere else.",neutral,negative,positive,,negative,negative,,,,,,,,3,overview service food ambiance would not recommend to be honest this place is mediocre at best the service was really slow and the chef was on his phone right in my face he didn t even answer me when i tried to get his attention the food was fine i guess overall i would not recommend this place if you re looking for somewhat authentic japanese food look elsewhere as an american i spoke more japanese than the entire staff combined there s plenty of great food in santa barbara so just go somewhere else,95,505,neutral
_049kQuwekkDCYHfq6pNww,"This place could be a lot better!  From the service to the meal...service was extremely slow and my Tom Yum Shrimp Soup was very lackluster.  It hardly had any flavor, except for heat, which I do enjoy spicy, but for some reason on a scale of 1-5, this particular evening I decided to go with a 2...so I certainly should have been able to taste flavor over the spicy heat.",negative,negative,,,,,,,,,,,,1,this place could be a lot better from the service to the meal service was extremely slow and my tom yum shrimp soup was very lackluster it hardly had any flavor except for heat which i do enjoy spicy but for some reason on a scale of this particular evening i decided to go with a so i certainly should have been able to taste flavor over the spicy heat,70,353,negative
7UKdq8GrzNkpgGHAzE4APA,"Topa topa, amazing open space with great beers. The Weekender Session IPA is my favorite beer in town!! I love the open tab system!!!  However... if you sit at the bar there is a serious bleach smell that is overwhelming from the glass dishwasher. I'm not even sure bleach should be used in a high temperature dish cleaner, since the high temp kills the bleach...hope they can fix this, it's a major turn off when you're trying to enjoy the smell and taste of your beer.",,negative,"positive, negative",,,,positive,,positive,,,,,3,topa topa amazing open space with great beers the weekender session ipa is my favorite beer in town i love the open tab system however if you sit at the bar there is a serious bleach smell that is overwhelming from the glass dishwasher i m not even sure bleach should be used in a high temperature dish cleaner since the high temp kills the bleach hope they can fix this it s a major turn off when you re trying to enjoy the smell and taste of your beer,90,453,neutral
_18vRkLmdqVuAwjI__mDaA,Huge mall didn't get to see it all but what I did see was awesome. People were really nice. I will definitely visit again,,positive,,,,,,,,positive,,,,5,huge mall didn t get to see it all but what i did see was awesome people were really nice i will definitely visit again,25,119,positive
SZUscLQYenYn4HnxoQ7axw,"I could write a lengthy review, persuasive and layered to hit all the right points. But why do that when Lee How Fook makes food that does it for you? Long story short they have some of the best general tso chicken I have eaten to date. Try it for yourself and get back at me. - Coolie",positive,,,,,,,,,,,,,5,i could write a lengthy review persuasive and layered to hit all the right points but why do that when lee how fook makes food that does it for you long story short they have some of the best general tso chicken i have eaten to date try it for yourself and get back at me coolie,57,278,positive
fJEh5S8078RMX3Z6wCIeXw,Not what I expected.  The wait staff was slow and rude.  Ordered a peach tea bar drink.  No alcohol was tasted. Menu said to voice food allergies and I did.  Waiter disappeared for awhile and returned with a 4 page list of menu items with ingredients.  Food was good.  We declined dessert and then was ask to leave due to other reservations scheduled.  Even though there were several other open tables.  Will not return.,positive,negative,,,,negative,negative,,,,,,,3,not what i expected the wait staff was slow and rude ordered a peach tea bar drink no alcohol was tasted menu said to voice food allergies and i did waiter disappeared for awhile and returned with a page list of menu items with ingredients food was good we declined dessert and then was ask to leave due to other reservations scheduled even though there were several other open tables will not return,73,400,neutral
vYKa4veJpNQLZgNcsq_3dA,"Don't let the outside fool you-this place is much cuter and nicer inside than you would expect!   Food is good and reasonably  priced. We ordered papaya salad, triple flavor duck, and king tofu soup. Papaya salad is always refreshing, but this place overdoes it on the fish sauce. Anything triple flavor is always a safe but delicious choice. I would say their king soup, with choice of protein, is a winner.   And also, BYO!","positive, neutral",,"negative, positive",positive,,,,,positive,,,,,3,don t let the outside fool you this place is much cuter and nicer inside than you would expect food is good and reasonably priced we ordered papaya salad triple flavor duck and king tofu soup papaya salad is always refreshing but this place overdoes it on the fish sauce anything triple flavor is always a safe but delicious choice i would say their king soup with choice of protein is a winner and also byo,76,407,neutral
O2j4KpLz8GUix3M-FZd9sA,"Good, casual, homemade bistro fare at a very reasonable price.  Everything was made from scratch - the bacon, the mustard, etc.  The atmosphere was nice.  Just a really solid place.  If I lived in New Orleans, I'd be a regular!",,,positive,,positive,,,positive,,,,,,5,good casual homemade bistro fare at a very reasonable price everything was made from scratch the bacon the mustard etc the atmosphere was nice just a really solid place if i lived in new orleans i d be a regular,40,211,positive
U1BRYyASugNxx5pYZrAfZA,"Being very generous with even two stars. It's a nice place to be to listen to entertainment and have a drink, however to eat.. is not acceptable. I was waiting over two hours to be seated and then when we were finally seated we were sitting down for over 30 minutes before we had to ask for a manager to even get us some drinks. Waited over an hour to even receive food, my salad was room temperature if not warm. My entree was pretty good, however the rest of my party's food wasn't even cooked properly. Drinks are strong which is great but i will never be returning here, ever.","negative, positive",negative,,,,positive,positive,,,,,,,3,being very generous with even two stars it s a nice place to be to listen to entertainment and have a drink however to eat is not acceptable i was waiting over two hours to be seated and then when we were finally seated we were sitting down for over minutes before we had to ask for a manager to even get us some drinks waited over an hour to even receive food my salad was room temperature if not warm my entree was pretty good however the rest of my party s food wasn t even cooked properly drinks are strong which is great but i will never be returning here ever,113,565,neutral
I6wWdesofRaarzYwCtF2Tg,I have groen up eating Italian food and i have not come across a more legit place than Mazzaros! Love their sauce and meatballs.,positive,,,,,positive,,,,,,,,5,i have groen up eating italian food and i have not come across a more legit place than mazzaros love their sauce and meatballs,24,126,positive
DBiqVd-kDH-cF9n4GkC8Qg,Place looks nice but really isn't. The rooms are low quality and small.   Our toilet is the same as a toilet from a Seven Eleven. Our window is cracked as well.  They charge you to park your car as well. In my opinion when you pay $200+ for a room parking should be free.,,,,,,negative,,negative,negative,,,,,1,place looks nice but really isn t the rooms are low quality and small our toilet is the same as a toilet from a seven eleven our window is cracked as well they charge you to park your car as well in my opinion when you pay for a room parking should be free,54,256,negative
oUrKJzj_qZybqqPatE9q1A,"Let me start by saying the service is AWESOME!! The breakfast buffet not so much. The eggs were rubbery and dry, the potatoes, hash browns and biscuits and gravy were all void of any real flavor except for grease. Maybe the off the menu items are good?? Skip the buffet. The place is clean but the tables and booths are Tiny. Uncomfortable for a 4 person party. A Tucson landmark that needs a major re-work or will probably die.",negative,positive,negative,,,negative,,,,,,,,1,let me start by saying the service is awesome the breakfast buffet not so much the eggs were rubbery and dry the potatoes hash browns and biscuits and gravy were all void of any real flavor except for grease maybe the off the menu items are good skip the buffet the place is clean but the tables and booths are tiny uncomfortable for a person party a tucson landmark that needs a major re work or will probably die,79,414,negative
FiBTxmPrJ1RDouZ38GDQqA,"I've been to Mirna's about four times over the past few years and never been disappointed. The portions are HUGE, especially for the modest price tag. Do yourself a favor and get a pasta dish, I can assure you that you'll be glad you did. I've had fish there too, which wasn't bad by any means, but the pasta plates are definitely their specialty. A couple of the times I've been there they treated us to free hummus and pita, which is always a plus. BYOB!  Only knock on the place is that it's pretty small, so make sure to call ahead to reserve a table or check for a wait.","positive, neutral",positive,,positive,,positive,,,"negative, positive",,,,,5,i ve been to mirna s about four times over the past few years and never been disappointed the portions are huge especially for the modest price tag do yourself a favor and get a pasta dish i can assure you that you ll be glad you did i ve had fish there too which wasn t bad by any means but the pasta plates are definitely their specialty a couple of the times i ve been there they treated us to free hummus and pita which is always a plus byob only knock on the place is that it s pretty small so make sure to call ahead to reserve a table or check for a wait,118,561,positive
0g1gi5MANr_JDKLUOJuv6Q,"Several people recommended this place to us so we have it a try with a takeout pizza. It was delicious! A little thicker than traditional NY style but not ""doughy"". A few weeks later we discovered we were in the delivery area and again got a pizza and also tried the Stromboli. Everything arrived hot within the promised time frame. Stromboli was loaded with cheese and toppings. Definitely our go to pizza place!",positive,positive,,,,,,,,,,,,5,several people recommended this place to us so we have it a try with a takeout pizza it was delicious a little thicker than traditional ny style but not doughy a few weeks later we discovered we were in the delivery area and again got a pizza and also tried the stromboli everything arrived hot within the promised time frame stromboli was loaded with cheese and toppings definitely our go to pizza place,73,404,positive
JE1B7pcraucwiLDkrETIUA,"A decent coffeehouse with lots of seats & tables for working, but there's no WiFi, which makes it kind of a useless cafe if you want to do work. Both of the green teas sold here were very refreshing though.",,,"positive, negative",,,positive,positive,,,,,,,3,a decent coffeehouse with lots of seats tables for working but there s no wifi which makes it kind of a useless cafe if you want to do work both of the green teas sold here were very refreshing though,40,200,neutral
51JP2_ZDsoZ-y3JlJSGHnQ,"Stopped at this diner because of all the great reviews, however, it didn't live up to the reviews I read, at least not for us.   One, as soon as you walk in there was a bucket & newspapers because the roof was leaking. Now, this is not uncommon weather for it to constantly rain. If you looked up at the ceiling you could see how the tiles were holding on to water as if could fall at any second.   Second, food was flavorless. However, food arrived promptly and the service was okay.",negative,positive,negative,,,negative,,,,,,,,1,stopped at this diner because of all the great reviews however it didn t live up to the reviews i read at least not for us one as soon as you walk in there was a bucket newspapers because the roof was leaking now this is not uncommon weather for it to constantly rain if you looked up at the ceiling you could see how the tiles were holding on to water as if could fall at any second second food was flavorless however food arrived promptly and the service was okay,92,465,negative
KsiKb3qtqMYdE7ossXKsdQ,"This Chef only buys fried chicken from this place. My only Soul food spot, good & consistant. ALWAYS call ahead!",positive,positive,,,,positive,,,,,,,,5,this chef only buys fried chicken from this place my only soul food spot good consistant always call ahead,19,106,positive
WLBaiYKNRuOGVQZipJMvCw,The last 3 times I've been to this Taco Bell/KFC they've messed up my order each time. 1. They put tomatoes on my crunch wrap supreme after ordering no tomatoes (receipt confirmed) and they only have us 1 of the 2 crunch wrap supremes we ordered. 2. Same tomato issue from above. 3. Gave me the complete wrong order.  The worst part was that all of this was through the drive thru so I didn't realize until I was home.  Fail.,,negative,,,,,,,,,,,,3,the last times i ve been to this taco bell kfc they ve messed up my order each time they put tomatoes on my crunch wrap supreme after ordering no tomatoes receipt confirmed and they only have us of the crunch wrap supremes we ordered same tomato issue from above gave me the complete wrong order the worst part was that all of this was through the drive thru so i didn t realize until i was home fail,79,400,neutral
ADdT0e8k_ZfSr44uWhX54Q,"I'm only giving four stars because in comparison to other locations, this one has some damn friendly and fast staff.  The food is on par with what you would expect. The only gripe I have is that I asked for extra pickles and they only gave me one extra one. Wah :(",neutral,"positive, negative",,,,,,,,,,,,3,i m only giving four stars because in comparison to other locations this one has some damn friendly and fast staff the food is on par with what you would expect the only gripe i have is that i asked for extra pickles and they only gave me one extra one wah,52,256,neutral
dSuL6efBAT1JUT5Uacze5Q,"I went in here the other day for a rehearsal dinner and it was the worst service. 2 waiters had our table but we still had empty cups the whole time had to ask for breadsticks about 4 times, nothing we had was got it was all room temp, and he messed the bill up in the end.",negative,negative,,,,,,,,,,,,1,i went in here the other day for a rehearsal dinner and it was the worst service waiters had our table but we still had empty cups the whole time had to ask for breadsticks about times nothing we had was got it was all room temp and he messed the bill up in the end,56,265,negative
LmNnpLYCwRqGSvGXfXljxg,"Coming from a person who's whole family is from the bayous of Louisiana it's ok. The roux on the gumbo is a little to thick. Gumbo over jambalaya is almost insulting. Po boy wasn't a po boy it was more like a Hoagie with Cole slaw a semi blackened chicken. The flavor is kinda close (if you are a rookie to this food). If you have never had REAL creole/Cajun food you'll love it. I am of creole descent and I grew up on this food ,but like I said if you go to Louisiana (especially bayous were it started not new Orleans) you'll know what I'm talking about. For rookie creole/Cajun palates it's descent though.","negative, positive",,,,negative,negative,,,,,,,,3,coming from a person who s whole family is from the bayous of louisiana it s ok the roux on the gumbo is a little to thick gumbo over jambalaya is almost insulting po boy wasn t a po boy it was more like a hoagie with cole slaw a semi blackened chicken the flavor is kinda close if you are a rookie to this food if you have never had real creole cajun food you ll love it i am of creole descent and i grew up on this food but like i said if you go to louisiana especially bayous were it started not new orleans you ll know what i m talking about for rookie creole cajun palates it s descent though,125,597,neutral
aPbv7bXQ_dlaQ2PD8vRutw,"This location is by far the best of all the Café Du Monde I've tried during my visit in NOLA. The beignets are consistently not oily and freshly cooked whenever we came here. (Been in this location 3 times in 6 days back in Dec 2017) what's more, there ice mocha and cafe mocha are also really good it's not too sweet and works well with the beignets. Wish they would open a location in SoCal.",positive,,,,,,positive,,,positive,,,,5,this location is by far the best of all the caf du monde i ve tried during my visit in nola the beignets are consistently not oily and freshly cooked whenever we came here been in this location times in days back in dec what s more there ice mocha and cafe mocha are also really good it s not too sweet and works well with the beignets wish they would open a location in socal,76,376,positive
68wPx3XqwfPnFRanRFA1Fw,"DISMAL. 1st medium rare steak was cooked so much it was shoeleather. Brown all the way through. The manager John offered to colk another himself. Atfer 15 mins a RARE steak xame out. John then made excuses and asked if I wanted a cupcake.. saying ""At least I know they are good."" Avoid at all costs until a real chef is working there.",negative,"positive, negative",,,,,,,,,,,,1,dismal st medium rare steak was cooked so much it was shoeleather brown all the way through the manager john offered to colk another himself atfer mins a rare steak xame out john then made excuses and asked if i wanted a cupcake saying at least i know they are good avoid at all costs until a real chef is working there,62,319,negative
r-dSoC1rlwBaQ_qmo2pL1Q,"When a review is only 1 star, then there really isn't too much to write. The service was inattentive, the cheeseburgers were cooked on the surface of the sun (evidently, based on how charred they were), and there was a large roach that crawled across our table after we were served our food.  A note of warning to waiters: you ARE, in fact, responsible to ensure that the food you serve is a reasonable approximation of how it is ordered, especially if it is visibly cooked less or more than requested of you.",negative,negative,,,,,,,,,,,,1,when a review is only star then there really isn t too much to write the service was inattentive the cheeseburgers were cooked on the surface of the sun evidently based on how charred they were and there was a large roach that crawled across our table after we were served our food a note of warning to waiters you are in fact responsible to ensure that the food you serve is a reasonable approximation of how it is ordered especially if it is visibly cooked less or more than requested of you,93,493,negative
OklyV0LjXni_Wsa-ChkAwA,"Fun, low key place to hang out in old city. They have a decent sized bar downstairs, with a separate dining area that has a lot of tables. There is a small bar and weird mosh-pit esque dancefloor upstairs, but that bar is cash only. Great selection of draft beers. The biggest drawback is that if all the seats at the bar are full, there's not really much room to stand unless you sit in the dining area, but that definitely has a different vibe. I heard the food is really good do I will probably be back to check that out.",positive,,"positive, negative, neutral",,,positive,positive,,,,positive,,,3,fun low key place to hang out in old city they have a decent sized bar downstairs with a separate dining area that has a lot of tables there is a small bar and weird mosh pit esque dancefloor upstairs but that bar is cash only great selection of draft beers the biggest drawback is that if all the seats at the bar are full there s not really much room to stand unless you sit in the dining area but that definitely has a different vibe i heard the food is really good do i will probably be back to check that out,104,513,neutral
5vmJtjKgb3hcLWjf3d8YXA,"The food is good, but the service sucks!    It took them 15 minutes before anybody check on us.   Another 30 minutes before the food arrived.   Servers are rude!",positive,negative,,,,,,,,,,,,5,the food is good but the service sucks it took them minutes before anybody check on us another minutes before the food arrived servers are rude,26,143,positive
Pt8QpgaoQLztl8jf7XzWZg,"The decor and the neighborhood were really nice, but the food was on the sweet side. I had beef kabobs with roasted potatoes, but they were soaked with some kind of sweet sauce that ruined it for me. The portions are smaller than usual. This place is probably more a bar than a restaurant.",negative,,positive,,,,,,,positive,,,,3,the decor and the neighborhood were really nice but the food was on the sweet side i had beef kabobs with roasted potatoes but they were soaked with some kind of sweet sauce that ruined it for me the portions are smaller than usual this place is probably more a bar than a restaurant,54,283,neutral
IWMk_Thy74Be4dEQW2QFrw,"Ate breakfast here 11/13/2013. The line mid-morning on a weekday was a bummer, but testament to the popularity of the place - and for good reason. Forget everything else on the menu, just be sure to order the sweet potato pancakes with the cinnamon cream. It's the best experience you'll ever have with your clothes on. Service was prompt (once seated) if a little brusque. Dining area is clean and attractive. Food came out hot and well presented. The eggs were fine, the sausage nothing brilliant. My partner had some southwest style cornmeal pancakes and loved them. But forget all that. The place is a 3 star rating at best but the pancakes make it a special meal.","positive, neutral, negative","negative, neutral",positive,,,,,,,,,,,3,ate breakfast here the line mid morning on a weekday was a bummer but testament to the popularity of the place and for good reason forget everything else on the menu just be sure to order the sweet potato pancakes with the cinnamon cream it s the best experience you ll ever have with your clothes on service was prompt once seated if a little brusque dining area is clean and attractive food came out hot and well presented the eggs were fine the sausage nothing brilliant my partner had some southwest style cornmeal pancakes and loved them but forget all that the place is a star rating at best but the pancakes make it a special meal,118,637,neutral
p8nZV43cpAVnwoRLCcLmAw,This place is a hidden gem.  The food here is a bit trendy but very well prepared.  The drink menu has original drinks from their bar.  I found the atmosphere very relaxing.  I would highly recommend you check this place out.  It's not cheap but I  found my meal worth the money and I am looking forward to returning for another. meal.,positive,,positive,positive,,positive,,neutral,,,positive,,,5,this place is a hidden gem the food here is a bit trendy but very well prepared the drink menu has original drinks from their bar i found the atmosphere very relaxing i would highly recommend you check this place out it s not cheap but i found my meal worth the money and i am looking forward to returning for another meal,63,322,positive
ttnvGjfaoMF2eAEQySunYA,"Extremely disappointing experience. Upon entering, I asked one of the store workers about their recommended pastry. Appearing extremely confused, he had no idea what to recommend and left me to make my own decision. After selecting my various items on my own, I was presented with a total of about $13.50. In pulling out my credit card, the same cashier let me know that they have a $15 minimum for all purchases. His suggestions were either to used the ATM with ""high fees"" behind me or to buy something additional.  I asked him where the minimum was posted - he responded that it wasn't. I promptly asked for my credit card, abandoned my purchase and left.",,negative,,,,,,negative,,,,,,3,extremely disappointing experience upon entering i asked one of the store workers about their recommended pastry appearing extremely confused he had no idea what to recommend and left me to make my own decision after selecting my various items on my own i was presented with a total of about in pulling out my credit card the same cashier let me know that they have a minimum for all purchases his suggestions were either to used the atm with high fees behind me or to buy something additional i asked him where the minimum was posted he responded that it wasn t i promptly asked for my credit card abandoned my purchase and left,114,629,neutral
gTBmyv_0E8LaCujbzP_oOw,"My friends at work (connoisseurs of good food in the St. Louis area) introduced me to yet another very nice restaurant and that's Brio's!! I like everything about it - starting from the complimentary bread and chips to the bruschetta, pasta and salads !! Beautiful place.. The service adds to the charm !!",positive,positive,,,,positive,,,,,,,,5,my friends at work connoisseurs of good food in the st louis area introduced me to yet another very nice restaurant and that s brio s i like everything about it starting from the complimentary bread and chips to the bruschetta pasta and salads beautiful place the service adds to the charm,52,289,positive
-mrb4ThJmMJZY3OLKrBXmw,"Every night at The Barbary is a different experience. The general mood is ""foggy"" and depending on the night, there are a lot of hands in the air slapping the fog to the bass. Every time I would come here, I would see a classmate, Jay Blinsky. It was like it was his home, and I would feel comfortable knowing he was there. Jay wasn't there last night. That is my only complaint. If you get there early, you can get $1 PBRs. The music is always good.",,,"neutral, positive",,,,,,,,,positive,,5,every night at the barbary is a different experience the general mood is foggy and depending on the night there are a lot of hands in the air slapping the fog to the bass every time i would come here i would see a classmate jay blinsky it was like it was his home and i would feel comfortable knowing he was there jay wasn t there last night that is my only complaint if you get there early you can get pbrs the music is always good,88,432,positive
NaZ74XtFtwemvpkCPGW0OQ,What's up with quality here? Really bad. I got a small mac n cheese and it was cold! Salad box was half full - seriously like 1/2 cup of salad and 2 tiny wedges of tomato (Greek). Not up to quality of other Panera s. Maybe they are a victim of own success. They are swamped at lunch - which could explain the poor quality. Maybe check out sub depot or pie 5 - more Lunch restaurants are opening in the area. Time to try them.,negative,negative,,,,,,,,,,,,1,what s up with quality here really bad i got a small mac n cheese and it was cold salad box was half full seriously like cup of salad and tiny wedges of tomato greek not up to quality of other panera s maybe they are a victim of own success they are swamped at lunch which could explain the poor quality maybe check out sub depot or pie more lunch restaurants are opening in the area time to try them,81,400,negative
B7oJ823S4CSlHydsgeTdng,"We normally love the tavern and eat here often. Cooks really are responsible for the customer experience as much as front of the house. When something is improperly cooked, the kitchen's job is to fix it. When I asked for my raw dish to be cooked a bit more, I received it incredibly overcooked. A translucent egg is raw. That is not sunny side up. A cool red center is not medium. That is medium rate. There are so many wonderful choices on Nashville, that kind of kitchen attitude is certainly bad for business.   At the very least, the waitress could have sent a manager over at my obvious displeasure. Perhaps customer service is not important with the ""midtown"" crowd.",negative,negative,,,,,,,,,,,,1,we normally love the tavern and eat here often cooks really are responsible for the customer experience as much as front of the house when something is improperly cooked the kitchen s job is to fix it when i asked for my raw dish to be cooked a bit more i received it incredibly overcooked a translucent egg is raw that is not sunny side up a cool red center is not medium that is medium rate there are so many wonderful choices on nashville that kind of kitchen attitude is certainly bad for business at the very least the waitress could have sent a manager over at my obvious displeasure perhaps customer service is not important with the midtown crowd,121,654,negative
v40J4Va3O-aK5oEY5tgl2A,"Been here numerous times. The food is usually always good. Be aware that you will wait a whole for your food, and the waitresses are never the best, a lot of waiting. Their food is great and the atmosphere is great. However, after going there tonight and getting the smallest wings ever and burgers that were about the size of McDonald's burgers, I may not be going there for a while.","positive, negative",negative,positive,,,,,,,,,,,3,been here numerous times the food is usually always good be aware that you will wait a whole for your food and the waitresses are never the best a lot of waiting their food is great and the atmosphere is great however after going there tonight and getting the smallest wings ever and burgers that were about the size of mcdonald s burgers i may not be going there for a while,72,375,neutral
-xi5fBwlqxBY1B2a1ZsE7A,"I love Jet's, but I'm saying goodbye to this location. I've ordered from this location once a week for a year and this places continues to go down hill. I have not had even a semi-warm pizza delivered from this Jet's location.  2 hour delivery times every time I call. I've even tried calling earlier in the day to schedule a delivery time that they guarantee for that evening, but they're still over an hour late. The drivers overly apologize and state each time that it's the management that won't hire more drivers.  I am just now speaking up because all fingers seem to point to the management that does not seem to care.",negative,"negative, neutral",,,,negative,,,,,,,,1,i love jet s but i m saying goodbye to this location i ve ordered from this location once a week for a year and this places continues to go down hill i have not had even a semi warm pizza delivered from this jet s location hour delivery times every time i call i ve even tried calling earlier in the day to schedule a delivery time that they guarantee for that evening but they re still over an hour late the drivers overly apologize and state each time that it s the management that won t hire more drivers i am just now speaking up because all fingers seem to point to the management that does not seem to care,122,612,negative
nbFqFRJ165_HP0FV-KLGpQ,"This place is sub par at best. I've had better pancakes at my local diner. I ordered the blueberry pancakes thinking they would be these fluffy pancakes oozing of warm delicious blueberries. Well, they were about silver dollar size and had like 3 blueberries per pancake- I kid you not! Don't get duped like we did. Go somewhere else! Not even close to worth the wait.",negative,negative,,,,negative,,negative,,,,,,1,this place is sub par at best i ve had better pancakes at my local diner i ordered the blueberry pancakes thinking they would be these fluffy pancakes oozing of warm delicious blueberries well they were about silver dollar size and had like blueberries per pancake i kid you not don t get duped like we did go somewhere else not even close to worth the wait,67,357,negative
HoHgGhVnCz9suTkoNldHMg,"I went here for a birthday dinner, when I called they stated they would put me in for a window table.  No I realize this is what they do ""put"" you in, your are not guaranteed the table. The ambiance is very nice, but you don't have to be dressed up as the site says, people were in shorts, tee shirts...ugh.... To top it of I was put next to a table of 6 who were loud, we were moved after I complained.  When you Google 5 star restaurants in Philadelphia, this comes up, I should have gone to Devon...will not go back was not impressed!",,negative,positive,,,negative,,,,,,,,3,i went here for a birthday dinner when i called they stated they would put me in for a window table no i realize this is what they do put you in your are not guaranteed the table the ambiance is very nice but you don t have to be dressed up as the site says people were in shorts tee shirts ugh to top it of i was put next to a table of who were loud we were moved after i complained when you google star restaurants in philadelphia this comes up i should have gone to devon will not go back was not impressed,107,509,neutral
uDqEGGx9AZp2w3Hju5mQ_Q,This place is a treat. I found this place on yelp during my trip to the beloved Nola. It was a last stop on Christmas Eve. It was very elegant and exquisite. The wine was good in quality and flavor. The food was very fresh and delectable. I tried the pate and it was a culinary experience. That ended up being my main meal since my sweetheart did not want any. I also tried the bread pudding which was amazing. The ice cream was made fresh. The drizzling and pecans  where the best part. I can't wait to go back and try more offerings.,positive,,positive,,,positive,positive,,,,,,,5,this place is a treat i found this place on yelp during my trip to the beloved nola it was a last stop on christmas eve it was very elegant and exquisite the wine was good in quality and flavor the food was very fresh and delectable i tried the pate and it was a culinary experience that ended up being my main meal since my sweetheart did not want any i also tried the bread pudding which was amazing the ice cream was made fresh the drizzling and pecans where the best part i can t wait to go back and try more offerings,105,522,positive
egeersiBSKDB6c_x1KeMeA,"The Habit Burger is a straight up legit burger place.  It's always been a toss up for me between in n out and habit burger.  I got me a double char and choco shake at the goleta habit and it was as usual, delicious.  The onion rings are very good also.",positive,,,,,positive,positive,,,,,,,5,the habit burger is a straight up legit burger place it s always been a toss up for me between in n out and habit burger i got me a double char and choco shake at the goleta habit and it was as usual delicious the onion rings are very good also,52,244,positive
639vTktJXYz4RQsokG8n2Q,Now this location has a good twist to an old college pub.  Great place to watch a game.  Not a bad seat around.  Appears to be great for families too.    Hoping the wine list improves.,,,positive,,,positive,,,,positive,negative,,,5,now this location has a good twist to an old college pub great place to watch a game not a bad seat around appears to be great for families too hoping the wine list improves,35,173,positive
Q12U2QUTTr1jExUJj-cR0Q,"We went here and got the Cuban sandwich, it was really good. The employee ( I think the owner) was friendly. I'm not sure about all the other reviews on here. We will be going back to try the bagels.",positive,positive,,,,,,,,,,,,5,we went here and got the cuban sandwich it was really good the employee i think the owner was friendly i m not sure about all the other reviews on here we will be going back to try the bagels,40,191,positive
DAbb8KQydrwTe7wSgf9Hbg,"Neat diner, unlike other diners as it's quaint and has a good feel to it. I had the Yankee pot roast....which was ok....mashed potatoes were just ok and the meat was kind of bland. The veggies were excellent, fresh, not out of a can.  My wife had an omelette which she said was good. Service was excellent.","neutral, negative, positive",positive,positive,,,positive,,,,,,,,3,neat diner unlike other diners as it s quaint and has a good feel to it i had the yankee pot roast which was ok mashed potatoes were just ok and the meat was kind of bland the veggies were excellent fresh not out of a can my wife had an omelette which she said was good service was excellent,60,291,neutral
VxDw6KWHrK99yQ3l553Lsw,"Great gelateria on Grand. Also a cafe, but did not try their coffee. Nice cozy atmosphere, cute patio, and friendly service.  The salty caramel is out of this world. Being a connoisseur of this flavor, I would even go so far as to say it is possibly the best salty caramel flavor iced dessert concoction that I have ever had. The pistachio, raspberry, and lemon are also pretty darn good.  They set up with their gelato cart at Tower Grove Farmers market Saturday mornings. I am pretty sure that gelato is an acceptable breakfast food, especially on a hot summer day.  Also, they have Cheerwine and Sun Drop, which I've never seen outside of the Carolinas!",positive,positive,positive,,,positive,positive,,,,,,,5,great gelateria on grand also a cafe but did not try their coffee nice cozy atmosphere cute patio and friendly service the salty caramel is out of this world being a connoisseur of this flavor i would even go so far as to say it is possibly the best salty caramel flavor iced dessert concoction that i have ever had the pistachio raspberry and lemon are also pretty darn good they set up with their gelato cart at tower grove farmers market saturday mornings i am pretty sure that gelato is an acceptable breakfast food especially on a hot summer day also they have cheerwine and sun drop which i ve never seen outside of the carolinas,117,635,positive
0FzzYApBIlw58v0cnlwIpA,"To update, the business owner has been in contact and has apologized and made up for it. Overall the Bareburger experience in Center City does have potential to be a good restaurant to check out.",,,,,,positive,,,,,,,,5,to update the business owner has been in contact and has apologized and made up for it overall the bareburger experience in center city does have potential to be a good restaurant to check out,35,192,positive
1imXKGZSlBau2PCeBiyBwA,Service and girls are great! On the negative we got a couples dance and two young security guys first asked me why was there while my wife got her dance. We explained and then it was fine. However another guy came during my turn and asked my wife the same thing and was very rude. We will go back because no drink minimum and no cover. Also the talent was good. Management said the would address the issue.,,"positive, negative",,,,,,positive,positive,,,positive,,3,service and girls are great on the negative we got a couples dance and two young security guys first asked me why was there while my wife got her dance we explained and then it was fine however another guy came during my turn and asked my wife the same thing and was very rude we will go back because no drink minimum and no cover also the talent was good management said the would address the issue,78,399,neutral
huLfiw2bImtevbLgUEO2Bg,"Friendly staff. I had the brown stewed chicken which was good but I prefer the taste of another place in town. Portion size was just right. The chicken was very tender, fell right off the bone. Overall not a bad place.",positive,positive,,,,neutral,,,,,,,,5,friendly staff i had the brown stewed chicken which was good but i prefer the taste of another place in town portion size was just right the chicken was very tender fell right off the bone overall not a bad place,41,212,positive
-qaHVIS4FJvVhgVxqZQETw,"My order has been either incorrect, overcharged, or cold each and every time I have come. If you are fine sacrificing quality of food and service for a cheaper price though, this could be the place for you. Just don't speak up about a mistake if you fear the staff and/or manager will give you attitude, because it may happen.",negative,negative,,,,,,positive,,,,,,1,my order has been either incorrect overcharged or cold each and every time i have come if you are fine sacrificing quality of food and service for a cheaper price though this could be the place for you just don t speak up about a mistake if you fear the staff and or manager will give you attitude because it may happen,62,319,negative
i8nVcu3u2-e0szyCS7PY1g,Love the sweet spiral plain pies at Franzones.  Can't go wrong with plain.  I tried the white pizza with onions in addition and it was a pleasant surprise.  The onions were a great addition to the pizza.  Same Franzone's as the Bridgeport one I grew up with.,positive,,,,,,,,,,,,,5,love the sweet spiral plain pies at franzones can t go wrong with plain i tried the white pizza with onions in addition and it was a pleasant surprise the onions were a great addition to the pizza same franzone s as the bridgeport one i grew up with,49,249,positive
pu3SZNd22f7eXLKNz6Pruw,I gave 4 stars because I agree they did a great job of bringing this place back up to date. I have been for lunch 5 different times now. Working my way down the menu is fun. I haven't found anything I don't like yet. The price is reasonable and the staff is friendly. Plus it's in the neighborhood!,,positive,,,,,,positive,,,,,,3,i gave stars because i agree they did a great job of bringing this place back up to date i have been for lunch different times now working my way down the menu is fun i haven t found anything i don t like yet the price is reasonable and the staff is friendly plus it s in the neighborhood,60,288,neutral
qbBF6ytQTNXOlx0JMQFwzA,"After another visit, I'm bumping Batter'd & Fried up to a 4.  The sushi is better than a lot of places, and while it's not the BEST sushi in Nashville, it's plenty good and reasonably priced.  And I really dig the atmosphere.  See my original review for a more complete description of likes and dislikes.",positive,,positive,positive,,,,,,,,,,5,after another visit i m bumping batter d fried up to a the sushi is better than a lot of places and while it s not the best sushi in nashville it s plenty good and reasonably priced and i really dig the atmosphere see my original review for a more complete description of likes and dislikes,57,290,positive
AYVxN-txWRL_jfKi42yOlg,"Even the beer tastes better at the tap room.. Of you want a true schlafly experience head downtown to the tap room.  Better food, better service all around better experience. Every time.",positive,positive,,,,,positive,,,,,,,5,even the beer tastes better at the tap room of you want a true schlafly experience head downtown to the tap room better food better service all around better experience every time,32,179,positive
xypL0vVaPyE9bWMSW6cdAg,"Took awhile for me to get service from the people working because they were busy talking in the back so that made me kinda annoyed, but other then that it was a good meal..Nothing really special.",positive,negative,,,,,,,,,,,,5,took awhile for me to get service from the people working because they were busy talking in the back so that made me kinda annoyed but other then that it was a good meal nothing really special,37,192,positive
6JU2jAGdVkZCSRC0k9dZiw,This place is incredibly pricey $14 for a Moscow Mule? Especially one that was very week just tastes like ginger beer it was not enjoyable at all. Our bartender was nice but he kept touching his hair and then proceeded to grab ice with his bare hands and put that in customers glasses (really!) total disappointment especially because we love this hotel!!!,,"positive, negative",,,,,negative,negative,,,,negative,,3,this place is incredibly pricey for a moscow mule especially one that was very week just tastes like ginger beer it was not enjoyable at all our bartender was nice but he kept touching his hair and then proceeded to grab ice with his bare hands and put that in customers glasses really total disappointment especially because we love this hotel,61,344,neutral
BXQcBN0iAi1lAUxibGLFzA,"This is nice little Chinese bakery in the heart of Philadelphia's Chinatown! The female cashier was very friendly (flirtatious!) and the pastries shown in nicely adorned display cases. I stopped by early one evening had a sesame ball, which was filled with bean paste. The glutinous rice of the ball was nicely flavored, similar to Bai Tang Gao. Definitely as place worth stopping at if you are in the area.",positive,positive,positive,,,positive,,,,,,,,5,this is nice little chinese bakery in the heart of philadelphia s chinatown the female cashier was very friendly flirtatious and the pastries shown in nicely adorned display cases i stopped by early one evening had a sesame ball which was filled with bean paste the glutinous rice of the ball was nicely flavored similar to bai tang gao definitely as place worth stopping at if you are in the area,71,397,positive
e9ud_GdX_jSjSApl7zmoWw,"Generally a great Starbucks. There are large amounts of seating inside including both tables and comfier options including leather chairs and sofas. The outside seating is nice, but the ambiance is disrupted by large amount of traffic on Hazel Dell and 116th.  The staff is generally really friendly and the service is quick. This place is crazy on the weekends, with 10+ cars waiting for the drive through, so I would definitely park and stand in the line inside (it's generally a shorter wait).  As Starbucks go, this is a good one.",,positive,"positive, negative",,,positive,,,,,,,,3,generally a great starbucks there are large amounts of seating inside including both tables and comfier options including leather chairs and sofas the outside seating is nice but the ambiance is disrupted by large amount of traffic on hazel dell and th the staff is generally really friendly and the service is quick this place is crazy on the weekends with cars waiting for the drive through so i would definitely park and stand in the line inside it s generally a shorter wait as starbucks go this is a good one,92,513,neutral
NlFFWrn7A_TrG8DLF_SfWg,"Met a friend for dinner there about 5pm, based on his recommendation.  We tried some of the craft beer - the porter was very good.  Ordered dinner, ribs and brisket combination.  The brisket was moist and held together well, but not too fatty.  The ribs were flavorful as well.  What was disappointing though, was the portion size.  My friend and I both, almost simultaneously, mentioned how small the serving size was for the price. Our server was prompt, attentive and friendly. Will I go back next time I'm in town?  Probably.  But next time I'll try lunch and a sandwich.",positive,positive,,negative,,,positive,negative,,,,,,3,met a friend for dinner there about pm based on his recommendation we tried some of the craft beer the porter was very good ordered dinner ribs and brisket combination the brisket was moist and held together well but not too fatty the ribs were flavorful as well what was disappointing though was the portion size my friend and i both almost simultaneously mentioned how small the serving size was for the price our server was prompt attentive and friendly will i go back next time i m in town probably but next time i ll try lunch and a sandwich,101,546,neutral
2QLcXtfzQCBv0j7gbI_T7g,"Best margaritas around, freshly made (not concentrate or artificial tasting sour mixes) from real limes. Best of all, only $5 at late night or after-work happy hour.  Definitely my new favorite special.  Guacamole is awesome and the spicy salsa they serve it with adds the perfect kick. I also had the squid hot-pot which was tasty, but I could probably eat dinners here of just the guac.",positive,,,,,,positive,,,,,positive,,5,best margaritas around freshly made not concentrate or artificial tasting sour mixes from real limes best of all only at late night or after work happy hour definitely my new favorite special guacamole is awesome and the spicy salsa they serve it with adds the perfect kick i also had the squid hot pot which was tasty but i could probably eat dinners here of just the guac,68,373,positive
hhN45ngR3Sk9aTSpfX-y5Q,Many brews and a friendly crowd.  Located inside the Eldorado and hoppin' at night and on the weekends.  Nice spot...check it out.,,,positive,,,positive,,,,,positive,,,5,many brews and a friendly crowd located inside the eldorado and hoppin at night and on the weekends nice spot check it out,23,122,positive
yzAC50YF40m_Z3xLTCZtNw,Best pizza I've ever had with even better service! A must place to eat in Indiana! It is fairly priced as well and caters to a variety of tastes.,positive,positive,,,,positive,,positive,,,,,,5,best pizza i ve ever had with even better service a must place to eat in indiana it is fairly priced as well and caters to a variety of tastes,30,142,positive
YFH17b5Guhg9yJaOH4ReIQ,"so bummed!  we ordered our favorite cheese steaks from Wimpy's on Thursday (3/17). While the meat, peppers and onions were to usual standards(yummy)...the bun was AWFUL!!!! Part of the whole Philly cheese steak mystique is that the roll adds to the whole experience. The new roll is a wicked, cheap, flavorless wrapping. It REALLY takes away from the rest of the sandwich....Did they also change the great bun on the burger, too? Gotta find a better  source for cheese steaks in Delco. So sad!","positive, negative",,,,,,,,,,,,,3,so bummed we ordered our favorite cheese steaks from wimpy s on thursday while the meat peppers and onions were to usual standards yummy the bun was awful part of the whole philly cheese steak mystique is that the roll adds to the whole experience the new roll is a wicked cheap flavorless wrapping it really takes away from the rest of the sandwich did they also change the great bun on the burger too gotta find a better source for cheese steaks in delco so sad,87,463,neutral
WbYrceJVHCmKnV2szhgG7w,"You will wait at least over 30 minutes in the drive thru! Go to ANY other Taco Bell and you wont! I have tried several times through the years and it never fails! They don't care about how long you wait! Wasn't even offered a apology for the wait! I asked why in the world is always so long of a wait here? Brooke just shrugged her shoulders and said,"" we are just short handed.."" which seems to always be the case! I wish they would just shut it down! Worse service ever! Laughing and flirting with other employees at the window! Never ever go here again!",,negative,,,,,,,,,,,,3,you will wait at least over minutes in the drive thru go to any other taco bell and you will not i have tried several times through the years and it never fails they don t care about how long you wait wasn t even offered a apology for the wait i asked why in the world is always so long of a wait here brooke just shrugged her shoulders and said we are just short handed which seems to always be the case i wish they would just shut it down worse service ever laughing and flirting with other employees at the window never ever go here again,109,541,neutral
_8HS9Y8YeCbT_Tqb302Obw,"We happen to stop here after a visit to Cabela's sporting goods next door.  The Sundance offers traditional American cafe food serving breakfast , lunch, and dinner.    I was not very hungry after walking around and around the sporting goods store.  Walking to our table, we pass the salad bar; which did not look appetizing.  The only appetizing item on the menu was the buffalo wings.  The wings were a bit salty and wasn't hot at all.  Meh, I have had much better.  At least, it wasn't greasy and over cooked.  What can you expect when you are miles and miles from anywhere.",neutral,,,,negative,neutral,,,,,,,,3,we happen to stop here after a visit to cabela s sporting goods next door the sundance offers traditional american cafe food serving breakfast lunch and dinner i was not very hungry after walking around and around the sporting goods store walking to our table we pass the salad bar which did not look appetizing the only appetizing item on the menu was the buffalo wings the wings were a bit salty and wasn t hot at all meh i have had much better at least it wasn t greasy and over cooked what can you expect when you are miles and miles from anywhere,105,551,neutral
z7i6dzUcJ5VcdOYR1IVHzA,"nice restaurant, but small. the lighting is not good for us 40+...smile. there were 6 of us and we were at a back table, quite snug. I had buffalo wings & fries, which were good. they could have taken the tips off though. my family members had salmon, a burger, & duck. they enjoyed their meals.  I may be back for the wings.",positive,,negative,,,positive,,,,,,,,3,nice restaurant but small the lighting is not good for us smile there were of us and we were at a back table quite snug i had buffalo wings fries which were good they could have taken the tips off though my family members had salmon a burger duck they enjoyed their meals i may be back for the wings,60,299,neutral
BZi-1yBaflNIl11IrBIa9A,The food was decent tasting but came to us cold. We actually got our entrées first and then got our appetizers. The waitress was horrible with the service. Another customer or possibly friend of hers was more helpful to us getting our drinks and getting us things that we needed or even checking to see how we were doing. We don't think we'll ever return :/,"neutral, negative",negative,,,,negative,positive,,,,,,,1,the food was decent tasting but came to us cold we actually got our entr es first and then got our appetizers the waitress was horrible with the service another customer or possibly friend of hers was more helpful to us getting our drinks and getting us things that we needed or even checking to see how we were doing we don t think we ll ever return,68,350,negative
wl7uoCeGWFtNsA03zwK40Q,"Super quick,easy,tasty and consistent. Their lunch specials are something to crave and offer great value. Always try for a booth if available. Their wifi password is 80545517722",positive,positive,,positive,,positive,,,,,,,,5,super quick easy tasty and consistent their lunch specials are something to crave and offer great value always try for a booth if available their wifi password is,28,162,positive
P_NZRZPHP3k-HnYacdUtwQ,"Unfortunately, the other reviews said it all. This location is not someplace we'll likely return to.  The soup was cold.  They were out of several types of cookies... But the cookies were awesome as always, especially coconut chocolate chip.","negative, positive",,,,,,,,,negative,,,,3,unfortunately the other reviews said it all this location is not someplace we ll likely return to the soup was cold they were out of several types of cookies but the cookies were awesome as always especially coconut chocolate chip,40,230,neutral
BtSsA38lOajizNbcrrsLZw,"Complicated ordering process. Pastries here. Hot line there. Menu items at the cashier (who was making salads and not available for several minutes).  Greasiest bacon I've seen in quite some time. Two people with nothing special, regular coffees, $26. Too much $ for too little service and quality. Used to be much better back in the day.","neutral, negative",negative,,,,,,negative,,,,,,1,complicated ordering process pastries here hot line there menu items at the cashier who was making salads and not available for several minutes greasiest bacon i ve seen in quite some time two people with nothing special regular coffees too much for too little service and quality used to be much better back in the day,56,319,negative
qUhB-W4h-7d2q2pKBviqZw,My burger was extremely greasy and my fries were very cold. The waitress was also not helpful to me and my fiancés friends. She seemed preoccupied talking to other waitresses and the hostess.,negative,negative,,,,,,,,,,,,1,my burger was extremely greasy and my fries were very cold the waitress was also not helpful to me and my fianc s friends she seemed preoccupied talking to other waitresses and the hostess,34,188,negative
uL7aKc4NBHKT7MRZezeccA,"I only wish it was as good as its counterpart in Northeast Philly, but alas, it is not.  Tried the twin broiled lobster tails, and they were very undercooked.  Nevertheless, the service was good as is the beer menu.",negative,positive,,,,negative,,,,,positive,,,1,i only wish it was as good as its counterpart in northeast philly but alas it is not tried the twin broiled lobster tails and they were very undercooked nevertheless the service was good as is the beer menu,39,206,negative
OsioSPpIJbqgqkOlNCCORg,The atmosphere is great! Drinks are unique. The reason I'm giving 3 stars is because I feel like the food quality had gone down hill. The last couple times I have eaten there the food has come out cold. I guess it's better to go during lunchtime instead of dinner.,negative,,positive,,,,,,,,positive,,,3,the atmosphere is great drinks are unique the reason i m giving stars is because i feel like the food quality had gone down hill the last couple times i have eaten there the food has come out cold i guess it s better to go during lunchtime instead of dinner,51,257,neutral
QU0IE32PTOuy7cNPBWpWEQ,Usually enjoy this place a lot. I asked for burger medium and it was close to burnt. Burgers are usually spot on.,"negative, positive",,,,,,,,,,,,,3,usually enjoy this place a lot i asked for burger medium and it was close to burnt burgers are usually spot on,22,110,neutral
-hUSEnmdCiz1gvgWsjUBFg,"We previously ordered traditional Greek fare here - gyros, spanakopita, falafel. Tonight I tried the blackened tilapia-- so glad I did -- it was fantastic. Delicious meal and good service from Sarah",positive,positive,,,neutral,,,,,,,,,5,we previously ordered traditional greek fare here gyros spanakopita falafel tonight i tried the blackened tilapia so glad i did it was fantastic delicious meal and good service from sarah,30,187,positive
ryeN_mDStRaUWlxfkuDejA,"The beer and nachos are great here. However, the service that I experienced while ordering nachos on June 20 at about 4-5pm was horrible. The guy taking my order at the kitchen (wearing a mustache) obviously hated his job. I was extremely nice to him and he treated me like s***. This is my first time writing a Yelp review and he is the reason why.   I would definitely go back but would not order any food if I saw him there.",positive,negative,,,,,positive,,,,,,,5,the beer and nachos are great here however the service that i experienced while ordering nachos on june at about pm was horrible the guy taking my order at the kitchen wearing a mustache obviously hated his job i was extremely nice to him and he treated me like s this is my first time writing a yelp review and he is the reason why i would definitely go back but would not order any food if i saw him there,81,407,positive
50P3DXJI2XZHzPMB_8epMA,Sooo good I love this place literally All the flavors are good but the bees knees is amazing it's lavender and honey I strongly suggest that you should go there,positive,,,,,positive,,,,,,,,5,soo good i love this place literally all the flavors are good but the bees knees is amazing it s lavender and honey i strongly suggest that you should go there,31,159,positive
uZn77qojiUo0-1Nrc9spUA,"Every time I come to this location is a different disappointment. Sometimes, they don't have MOCHA, who runs out of Mocha in a coffee place? Plus, their coffee at this location is watery compared to others. I may just stop coming here altogether!",,,,,,,negative,,,negative,,,,1,every time i come to this location is a different disappointment sometimes they don t have mocha who runs out of mocha in a coffee place plus their coffee at this location is watery compared to others i may just stop coming here altogether,44,239,negative
OrBVcwr3CsCruZPPwJPc2w,What kind of business do these guys run? They don't update their website and they don't tell you where the truck is located. It's a shame because I was craving some Korean food.,,,,,positive,,,,negative,negative,,,,1,what kind of business do these guys run they don t update their website and they don t tell you where the truck is located it s a shame because i was craving some korean food,36,174,negative
6sDS0ppawBJXETbmDk_7tQ,"Well... the girl at the counter did not know what a pour over was. That should tell anyone looking for a good coffee how much of a ""coffee house"" this is. So I ordered an iced americano instead, extra room for cream. She brought me three little creamer pods.... Anyway, I've had worse. But I've also had much much better. Not a coffee house with an expertise in coffee, that's for sure.",,negative,,,,negative,"neutral, positive",,,,,,,1,well the girl at the counter did not know what a pour over was that should tell anyone looking for a good coffee how much of a coffee house this is so i ordered an iced americano instead extra room for cream she brought me three little creamer pods anyway i ve had worse but i ve also had much much better not a coffee house with an expertise in coffee that s for sure,75,368,negative
5v1q4VmKTeQ93gNqTtXj-Q,Staff is unorganized.  Rooms are mediocre.  Prices in the hotel in general are marked up and the elevators sound like the are on their last leg.  Many other options in the area to enjoy.,,negative,negative,,,,,negative,negative,,,,,1,staff is unorganized rooms are mediocre prices in the hotel in general are marked up and the elevators sound like the are on their last leg many other options in the area to enjoy,34,179,negative
Joi6NuKCR70xnnftIsxsfQ,I wanted to like the food here. We ordered fish and chips and lamb stew. Let's just say I won't be recommending it. Go there for a pint or two on the main floor but the second floor dining room was a bit of a mess and drafty too.,negative,,negative,,,,positive,,,,,,,1,i wanted to like the food here we ordered fish and chips and lamb stew let s just say i won t be recommending it go there for a pint or two on the main floor but the second floor dining room was a bit of a mess and drafty too,51,225,negative
b42SD7bOhgDY6QZGdq29ZQ,"First time here and I got the turkey burger bc it was a special. I regret it. Not that it wasn't good but I'm not a big fan of turkey burgers. My own fault. However, the fries were yummy and fresh and like the name of the place is called you build your own burger. I will highly come back here to try their beef burger or salmon burger.","neutral, positive",,,,,positive,,,,,,,,5,first time here and i got the turkey burger bc it was a special i regret it not that it wasn t good but i m not a big fan of turkey burgers my own fault however the fries were yummy and fresh and like the name of the place is called you build your own burger i will highly come back here to try their beef burger or salmon burger,71,329,positive
AvCbW9WAH4mKTuzlCnS9LA,"Had the late night hungries. This was the only place serving food around us. The beer was cold, the bartenders were drunk. One was in training so yeah, that's what he was teaching her. The hallway to the bathroom is creepy, FYI. After ordering,  a couple of our group members motioned to the floor. The bartender laughed and said, ""Which one did you see? Since they are working on the streets, it's stirring them up and they are everywhere."" I asked what they were talking about.  RATS!! And on cue our food arrived.  OH, HE'LL NO! Exist stage left. Gross AF.",negative,negative,negative,,,,positive,,,,,,,1,had the late night hungries this was the only place serving food around us the beer was cold the bartenders were drunk one was in training so yeah that s what he was teaching her the hallway to the bathroom is creepy fyi after ordering a couple of our group members motioned to the floor the bartender laughed and said which one did you see since they are working on the streets it s stirring them up and they are everywhere i asked what they were talking about rats and on cue our food arrived oh he ll no exist stage left gross af,104,532,negative
NLY-ESHohB09por6GYK-bg,"I truly enjoyed the atmosphere, the service (Connor) and my dinner meal. I had the cakes for an appetizer, a cup of barley soup and the shrimp ravioli. Malbec glass of wine was perfect. First time here. Thrilled to know they serve breakfast, lunch and dinner!  Highly recommend. I will most certainly be back.",positive,positive,positive,,positive,,positive,,,,,,,5,i truly enjoyed the atmosphere the service connor and my dinner meal i had the cakes for an appetizer a cup of barley soup and the shrimp ravioli malbec glass of wine was perfect first time here thrilled to know they serve breakfast lunch and dinner highly recommend i will most certainly be back,54,296,positive
2Wjq5_cwlkYQFxwxm-POxA,"Went to this place with a coworker 2 days ago...very impressed by the sushi there because they are very freshly made with good variety. They have good price for lunch special - $13 for 3 rolls and $9 for 2 rolls...however, the portion is a bit small for those non-special sushies. I will go back again for sure...","positive, negative",,,"positive, negative",,,,,,,,,,3,went to this place with a coworker days ago very impressed by the sushi there because they are very freshly made with good variety they have good price for lunch special for rolls and for rolls however the portion is a bit small for those non special sushies i will go back again for sure,55,288,neutral
_sxeiVGkwB7QRcQXb1nv8g,Horrible waitress. Went around 2 pm on a Saturday and were seated quickly. Waited an exceedingly long time for our food to arrive; Lukewarm at best. Took my parents and the waitress was very short and snippy with my father who was having trouble deciding.  Have eaten at the Red Lobster in Marion IL and was vastly better. Will not be returning here again.,negative,"negative, positive",,,,"positive, negative",,,,,,,,3,horrible waitress went around pm on a saturday and were seated quickly waited an exceedingly long time for our food to arrive lukewarm at best took my parents and the waitress was very short and snippy with my father who was having trouble deciding have eaten at the red lobster in marion il and was vastly better will not be returning here again,63,346,neutral
JWzhHnAjFydyG5R6xcqfcw,I went there a few times the food was good. last time I went I was upset because. ... dishes and silverware were dirty food very greasy and undrained and  unappetizing. Left  me with a bad view of the restaurant and staff.,"positive, negative",,,,,negative,,,negative,,,,,3,i went there a few times the food was good last time i went i was upset because dishes and silverware were dirty food very greasy and undrained and unappetizing left me with a bad view of the restaurant and staff,41,212,neutral
VQgUlzIlXDiWUwZkI-psQQ,"The nachos were seriously disgusting... Probably the grossest food I've had in a long time. The waitress was rude, unresponsive, and had a bad attitude. I will not return.",negative,negative,,,,,,,,,,,,1,the nachos were seriously disgusting probably the grossest food i ve had in a long time the waitress was rude unresponsive and had a bad attitude i will not return,30,163,negative
tqRor_STA8vWCSKOA7EfVQ,Be prepared to be unimpressed. Front desk lost our reservation. That should have been my first clue. Second is the musty mold smell that greets you at the elevator bank. Third is the ill maintained room. My stay here is due to a medical appointment for my son in the morning. My family and drove 8 hours to be here. We are tired and just looking for a place to get a good night's sleep before a long day of assessment. It will be our last visit.,,negative,negative,,,negative,,,negative,,,,,1,be prepared to be unimpressed front desk lost our reservation that should have been my first clue second is the musty mold smell that greets you at the elevator bank third is the ill maintained room my stay here is due to a medical appointment for my son in the morning my family and drove hours to be here we are tired and just looking for a place to get a good night s sleep before a long day of assessment it will be our last visit,87,434,negative
BqWMGs_aQ5C6ohW4HTNVSg,"The food is good, but the service here is AWFUL.  There are long lines and the staff has zero sense of urgency so you wait to order, and then you wait for your food...for a long time.  A good work around is to order online and then just go pick it up.",positive,negative,,,,,,,,,,,,5,the food is good but the service here is awful there are long lines and the staff has zero sense of urgency so you wait to order and then you wait for your food for a long time a good work around is to order online and then just go pick it up,53,242,positive
_99iV9vW6E3PDRUn4jX8iA,"Chicken Marsalis, fajitas,smoked salmon were what I enjoyed today along with my Mimosas  of course. Only thing that made me leave off a star was that the crab legs were tasteless and no butter was available to give them some flavor and my mimosas  were a little slow coming but that could just be me.","positive, negative",negative,,,,,"positive, negative",,,,,,,3,chicken marsalis fajitas smoked salmon were what i enjoyed today along with my mimosas of course only thing that made me leave off a star was that the crab legs were tasteless and no butter was available to give them some flavor and my mimosas were a little slow coming but that could just be me,56,295,neutral
DKSdzpU90aqfr1dFv29wCQ,"This is the can't miss taco stop in Santa Barbara. Homemade corn tortillas served on the best steak, pork and chicken tacos you'll ever have the pleasure of devouring. Perfectly portioned, seasoned and priced. I've eaten a lot of tacos in my time here on Earth and these rank among the very best. Oh, and that salsa bar is still giving me daydreams.",positive,,,positive,,positive,,,,,,,,5,this is the can t miss taco stop in santa barbara homemade corn tortillas served on the best steak pork and chicken tacos you ll ever have the pleasure of devouring perfectly portioned seasoned and priced i ve eaten a lot of tacos in my time here on earth and these rank among the very best oh and that salsa bar is still giving me daydreams,66,341,positive
rhLP-MxjtiIziTdkKDZu1A,Great for late night dinning or romantic diner.    +Customer Service is amazing & prom!!!  +Food is delicious big thank's to a great chef!!!  +Cocktail are made perfect every time with consistent fresh garnishing. Bartender licensed in fine mixology school.  + Large complimentary valet parking     - Price Range $$$ but feels like $$$$,positive,positive,,,,,positive,negative,positive,,,,,5,great for late night dinning or romantic diner customer service is amazing prom food is delicious big thank s to a great chef cocktail are made perfect every time with consistent fresh garnishing bartender licensed in fine mixology school large complimentary valet parking price range but feels like,48,299,positive
xlNMcilP5F6Agymc2TwgRg,"One of my favorites to take out of town guests to, or for any special occasion. Intimate setting that it great for conversation and the food is exceptional. Friendly, family-oriented restaurant that you can tell has stood the test of time for a reason. This place is an experience! Be sure to wear stretchy pants because you will be FULL when you leave. :)",positive,positive,positive,,,positive,,,,,,,,5,one of my favorites to take out of town guests to or for any special occasion intimate setting that it great for conversation and the food is exceptional friendly family oriented restaurant that you can tell has stood the test of time for a reason this place is an experience be sure to wear stretchy pants because you will be full when you leave,64,346,positive
66KUpAcnKRA3BB_BNSgjpw,Steamed buns for the adults. Beef & Broccoli for the kids. Great service. Good for kids. Food holds up if you opt to take out. Our favorite to go spot.,positive,positive,,,,positive,,,,,,,,5,steamed buns for the adults beef broccoli for the kids great service good for kids food holds up if you opt to take out our favorite to go spot,29,143,positive
oVvOc2K-1lNBoW8kwI0MPQ,"We just moved to Narberth and had our first meal at this neighborhood gem. What a wonderful surprise. This restaurant is quiet and unassuming. When you enter it is busy, warm and down to earth. The service was excellent and the food a fantastic surprise. I enjoyed the Rosemary Chicken and Artichoke over Bowtie Pasta. It was savory, fresh and fragrant with herbs. My dinner partners enjoyed their dishes, too-  Shrimp with Andouille Sausage, Grilled Wild Striped Bass and a Veal dish. There were many homemade dessert options. We tried a generous portioned Chocolate Mousse cake. Definitely recommend this place and will return to check out the weekend brunch menu!",positive,positive,positive,,positive,positive,,,,,,,,5,we just moved to narberth and had our first meal at this neighborhood gem what a wonderful surprise this restaurant is quiet and unassuming when you enter it is busy warm and down to earth the service was excellent and the food a fantastic surprise i enjoyed the rosemary chicken and artichoke over bowtie pasta it was savory fresh and fragrant with herbs my dinner partners enjoyed their dishes too shrimp with andouille sausage grilled wild striped bass and a veal dish there were many homemade dessert options we tried a generous portioned chocolate mousse cake definitely recommend this place and will return to check out the weekend brunch menu,110,649,positive
7srM9878vf2MRIu2GIlv7A,"Read all the reviews and was very excited to try this restaurant. So cute and adorable as we approached. Unfortunately we were not able to try it. We were turned away at the door with a ""no dogs"" rule because of my fully registered, trained and vested service dog. I asked the hostess if she realized it was illegal to deny a service animal. She said they had recently had an issue and installed the rule of ""absolutely no dogs."" Can't enjoy a place that won't allow me to responsibly take care of myself.",,negative,,,,positive,,,negative,,,,,5,read all the reviews and was very excited to try this restaurant so cute and adorable as we approached unfortunately we were not able to try it we were turned away at the door with a no dogs rule because of my fully registered trained and vested service dog i asked the hostess if she realized it was illegal to deny a service animal she said they had recently had an issue and installed the rule of absolutely no dogs can t enjoy a place that won t allow me to responsibly take care of myself,96,493,positive
U2U2bx-wqN9GGR-qqnoLcQ,"Despite being a staunch meat-eater, I can say without question this place rocks! My brother and a friend (both vegans) also enjoy this place. So, it's safe to say that this is a great spot to get food in general -- whether you're a vegan or otherwise!",,,,,,positive,,,,,,,,5,despite being a staunch meat eater i can say without question this place rocks my brother and a friend both vegans also enjoy this place so it s safe to say that this is a great spot to get food in general whether you re a vegan or otherwise,49,241,positive
Qlga0zAS39p1k8t-aalB8w,"ONE OF THE BEST FOOD TRUCKS IN PHILADELPHIA!  This is coming from a person that doesn't like trying to things, extremely picky, and not very daring... EVERYTHING on their menu is so good and filling! My favorites are veggie burger wrap which is $5 (instead of veggie burger, it'll be in a tortilla, but somehow 10x better) and chicken satay tacos (2 for $7). Their thai bubble tea is extremely tasty too!   Beware of the long lines though (try to avoid going anytime from 11:45-12:30, if you do, expect a long wait, and no you cannot call ahead and order). If you're a Drexel student, go in between class, guaranteed no line!   CASH ONLY",positive,negative,,positive,,,positive,,,,,,,5,one of the best food trucks in philadelphia this is coming from a person that doesn t like trying to things extremely picky and not very daring everything on their menu is so good and filling my favorites are veggie burger wrap which is instead of veggie burger it ll be in a tortilla but somehow x better and chicken satay tacos for their thai bubble tea is extremely tasty too beware of the long lines though try to avoid going anytime from if you do expect a long wait and no you cannot call ahead and order if you re a drexel student go in between class guaranteed no line cash only,113,586,positive
6T39wGjrDrQSwRso-oAk5Q,Tried this place because Pho 75 was closed at the time.  A nice suprise. Very clean and the menu was huge.  Im not a pho expert but it was a decent inexpensive meal.,,,positive,positive,positive,positive,,,,,,,,5,tried this place because pho was closed at the time a nice suprise very clean and the menu was huge im not a pho expert but it was a decent inexpensive meal,32,156,positive
UdREKGErnjt-3rPv0eRvxQ,"Romantic experience, fun and relaxing.  Great for a date night.  Music was good, food was good.  We will be back",positive,,positive,,,,,,,,,,,5,romantic experience fun and relaxing great for a date night music was good food was good we will be back,20,104,positive
A78Fz-Zqwhe1aSjYFeKimw,"Service was a little slow but food makes up for it. I had the shepherd pie and my husband had the trout. Wow, it was super tasty!",positive,negative,,,,,,,,,,,,5,service was a little slow but food makes up for it i had the shepherd pie and my husband had the trout wow it was super tasty,27,125,positive
idagMMjysGHSlC6YnIZpiw,Loved our breakfast here. They created a fresh veggie scramble for me that was delicious! Very friendly worker.  Could use a bit more deep cleaning and decor but overall we all enjoyed our meal.,positive,positive,negative,,,,,,,,,,,3,loved our breakfast here they created a fresh veggie scramble for me that was delicious very friendly worker could use a bit more deep cleaning and decor but overall we all enjoyed our meal,34,189,neutral
8x4WVgu2t2MD48_ftQXrLw,"Wawa is like a beacon in a cold, dark world.  I grew up around Sheetz locations, but I have to admit that I prefer Wawa.  The sandwiches are really good, and they have the typical snacks/drinks you would expect from a convenience store.  This particular location is not quite as friendly as the one I go to near the office, but whatever.  I can still walk out with all of my snacking requirements.",positive,negative,,,neutral,positive,,,,,,,,5,wawa is like a beacon in a cold dark world i grew up around sheetz locations but i have to admit that i prefer wawa the sandwiches are really good and they have the typical snacks drinks you would expect from a convenience store this particular location is not quite as friendly as the one i go to near the office but whatever i can still walk out with all of my snacking requirements,74,384,positive
kB_t5NMQTK7pOivLE-Sb_w,My family and I ate at Bub's today.  The burgers and milk shakes were very good.  The service was excellent.  We will be going back.,positive,positive,,,,,positive,,,,,,,5,my family and i ate at bub s today the burgers and milk shakes were very good the service was excellent we will be going back,26,125,positive
5RRgyOx99KsN2_Bj4mV59w,"Mildly charming building; the food however is bad and overpriced.The baked artichokes were greasy and my pasta tasted of cardboard. The salad was nice but over dressed. Portions are very big, perhaps that's why it has good reviews.","negative, positive",,,negative,negative,,,negative,,positive,,,positive,3,mildly charming building the food however is bad and overpriced the baked artichokes were greasy and my pasta tasted of cardboard the salad was nice but over dressed portions are very big perhaps that s why it has good reviews,40,226,neutral
yqJv_8CoXNb-NpaEiTY4yw,Great new location on Central. Great staff and atmosphere! Looks like they have found a place where they will thrive.,,positive,positive,,,,,,,positive,,,,5,great new location on central great staff and atmosphere looks like they have found a place where they will thrive,20,114,positive
_S0_7CKLbq5mo1HACy4NOA,I love raw oysters and the Happy Hour oysters are a great deal at 50 cents each.  We were seated in the back room which was nice and had the best server.  The back room is much quieter and made for a great place to enjoy our food and chat with our friends.  Our table ordered 48 oysters to start and the order came out in decent time.  I really enjoyed the oyster feast.,positive,positive,positive,positive,,,,,,,,,,5,i love raw oysters and the happy hour oysters are a great deal at cents each we were seated in the back room which was nice and had the best server the back room is much quieter and made for a great place to enjoy our food and chat with our friends our table ordered oysters to start and the order came out in decent time i really enjoyed the oyster feast,72,355,positive
C3Msq-y2OacmQigWQE1mRQ,"As a fan of the late night kabab, shwarma or gyro in nyc, I made a stop through Ali ba ba's on one occasion and ended up here again near the end of the trip as it hits the spot!  They are bigger in size of the ones I get in NYC and double the price ($6) but I can imagine the cost is a factor of limited demand (small lines) and pallets in NOLA for a gyro vs a po boy.  They only have rooster sauce for hot sauce which is a knock and they can be slow to serve but the gyros are better than the $5 slice next door or the $5+ lucky dogs on the corner.",positive,negative,,negative,negative,,,,,,,,,3,as a fan of the late night kabab shwarma or gyro in nyc i made a stop through ali ba ba s on one occasion and ended up here again near the end of the trip as it hits the spot they are bigger in size of the ones i get in nyc and double the price but i can imagine the cost is a factor of limited demand small lines and pallets in nola for a gyro vs a po boy they only have rooster sauce for hot sauce which is a knock and they can be slow to serve but the gyros are better than the slice next door or the lucky dogs on the corner,118,528,neutral
XiGS9kY5haniQ6YxiL2xdg,Their drive-thru is so slow it hurts. I recommend bringing food from the Wendy's next door because by the time you get your food you'll be hungry again.,negative,negative,,,,,,,,,,,,1,their drive thru is so slow it hurts i recommend bringing food from the wendy s next door because by the time you get your food you ll be hungry again,31,150,negative
liWnObQxCckRGAyFbaI7oQ,"I went once and wont go back.  Nothing was absolutely terrible about this place, but it wasnt very good.  They packed their rolls with rice and lacked personality.",negative,,,,,negative,,,,,,,,1,i went once and will not go back nothing was absolutely terrible about this place but it was not very good they packed their rolls with rice and lacked personality,30,163,negative
cLZYOOYH_fnIMp7VJzKm3A,"we stopped in just to randomly check for a few things -- who knew you could find birch beer in Arizona! other than that, we snagged some Vosges chocolate (Mo's Bacon Bar is the BEST!), strawberry Pocky, and random other goodies. The prices are a bit high, but most items are imported or hard to find, so it's kind of understandable. I think we drooled over the bakery section for about 20 minutes -- everything looked AMAZING! nice place to find unusual ingredients, and really fresh meat and seafood.",positive,,,,positive,positive,positive,negative,,,,,,5,we stopped in just to randomly check for a few things who knew you could find birch beer in arizona other than that we snagged some vosges chocolate mo s bacon bar is the best strawberry pocky and random other goodies the prices are a bit high but most items are imported or hard to find so it s kind of understandable i think we drooled over the bakery section for about minutes everything looked amazing nice place to find unusual ingredients and really fresh meat and seafood,88,478,positive
2hRrx58bBu9qH041WKkHpg,"I have eaten at Vecchia Osteria twice in the last few weeks, once in the restaurant and then for take out. Both experiences were very good. When dining-in the service was prompt and the owner very friendly and accommodating to a large party. The place has a very nice atmosphere with outside seating available.   Some stand-out dishes were the lamb chops, gorgonzola gnocchi, and the desserts were great - amazing cannolis, tiramisu, and a lemon cake. It is a bit pricey, but fair in comparison to other local italian restaurants.",positive,positive,positive,,,,,neutral,,,,,,5,i have eaten at vecchia osteria twice in the last few weeks once in the restaurant and then for take out both experiences were very good when dining in the service was prompt and the owner very friendly and accommodating to a large party the place has a very nice atmosphere with outside seating available some stand out dishes were the lamb chops gorgonzola gnocchi and the desserts were great amazing cannolis tiramisu and a lemon cake it is a bit pricey but fair in comparison to other local italian restaurants,91,514,positive
fMgfMUUH2e_eOK_DFRrlrw,"If you're not a food snob, but like good Mexican food, you'll still be sorry you came.   The salsa is clearly canned stewed tomatoes with jarred diced jalapeños... Nothing authentic. That's your initial experience before the food arrives.   It doesn't get better. I got shrimp tacos. It came as 4 tacos, two tortillas each. 8 tortillas for about 8 shrimp!? $15. Rice and beans were truly sub par.  I did not risk eating the guacamole because it was half bright green and half brownish black mixed together. The lettuce had old brown edges. The diced fresh tomatoes were barely ripe, and crunchy.  My favorite part was the Diet Coke. Seriously. Oh, and leaving.",negative,,,negative,,negative,positive,,,,,,,1,if you re not a food snob but like good mexican food you ll still be sorry you came the salsa is clearly canned stewed tomatoes with jarred diced jalape os nothing authentic that s your initial experience before the food arrives it doesn t get better i got shrimp tacos it came as tacos two tortillas each tortillas for about shrimp rice and beans were truly sub par i did not risk eating the guacamole because it was half bright green and half brownish black mixed together the lettuce had old brown edges the diced fresh tomatoes were barely ripe and crunchy my favorite part was the diet coke seriously oh and leaving,114,620,negative
hB-MuoQS5CekTvy71Z1mAQ,"For food truck food this place is hit or miss.  They end up outside Ms. Mae's a lot.  Have had the pig sandwich, the bacon barbecue burger and the crawfish mac and cheese.  Some is more delicious than others but a good options for the late night crowd.",neutral,,,,neutral,positive,,,,,,,,5,for food truck food this place is hit or miss they end up outside ms mae s a lot have had the pig sandwich the bacon barbecue burger and the crawfish mac and cheese some is more delicious than others but a good options for the late night crowd,49,243,positive
rSb5ddG7z-yvyytPkjBvmA,"I wound up eating here because every other spot in the area had a line out the door and I was starving.  Perhaps that should have been a hint.  There were only a handful of customers so I was seated quickly and service was prompt.  The food was edible, but not good.  My omelette was completely unseasoned and adding my own salt and pepper didn't improve the taste.  There was no side of fruit or hashbrowns to create a more filling meal, just stale white bread toast.  First of all, who still eats white bread and if that's the only option why would anyone want it stale?  Given the portion size and lack of flavor the price was too high.",negative,positive,,,,,,negative,,,,,,1,i wound up eating here because every other spot in the area had a line out the door and i was starving perhaps that should have been a hint there were only a handful of customers so i was seated quickly and service was prompt the food was edible but not good my omelette was completely unseasoned and adding my own salt and pepper didn t improve the taste there was no side of fruit or hashbrowns to create a more filling meal just stale white bread toast first of all who still eats white bread and if that s the only option why would anyone want it stale given the portion size and lack of flavor the price was too high,122,621,negative
I1rcoz7_p4z2hXjpno5RHw,"The ramen is okay, nothing spectacular. Service is okay. Good place for a quick stop but wouldn't go if there were other choices. Been here twice, will continue to go.",neutral,neutral,,,,positive,,,,,,,,5,the ramen is okay nothing spectacular service is okay good place for a quick stop but wouldn t go if there were other choices been here twice will continue to go,31,161,positive
0d6zYBqT5TFKxBGetwDHFA,"Well my boyfriend and I gave Cheddars a second chance recently, because the time before we had awful service. The food has always been pretty good and that's why we choose to go back. We had great service this time and the drinks and food were great!! The only complaint I would have is that we ordered an appetizer and barely had the chance to eat any of it before our dinner came out. We were still charged for the appetizer. All and all its reasonable and family friendly place to go!",positive,"negative, positive",,,,positive,positive,positive,,,,,,5,well my boyfriend and i gave cheddars a second chance recently because the time before we had awful service the food has always been pretty good and that s why we choose to go back we had great service this time and the drinks and food were great the only complaint i would have is that we ordered an appetizer and barely had the chance to eat any of it before our dinner came out we were still charged for the appetizer all and all its reasonable and family friendly place to go,93,479,positive
MM7K3u0ZLMS6jTUMz4oGVQ,Ordered a burger and fries great tasting. The staff is straight and to the point you might even think there rude. They just come off that way. When you get there sit down and order ; weather your taking out or eating there it's faster.,positive,negative,,,,,,,,,,,,5,ordered a burger and fries great tasting the staff is straight and to the point you might even think there rude they just come off that way when you get there sit down and order weather your taking out or eating there it s faster,45,229,positive
A497ZSdY_rzhvi5UvzyXgQ,"Was here the other night and chose to eat outside. My friend and I were both craving burgers so we both got the London burger. Burger itself was cooked to satisfaction and was quite tasty but the English muffin was certainly a curious touch as a bun. No big deal, but as expected it didn't hold up to the burger so I would have preferred a regular bun. Server was semi pushy, in an off putting way, which kind of made this experience worse than it should have been. Overall it was incredibly mediocre.",positive,negative,neutral,,negative,negative,,,,,,,,3,was here the other night and chose to eat outside my friend and i were both craving burgers so we both got the london burger burger itself was cooked to satisfaction and was quite tasty but the english muffin was certainly a curious touch as a bun no big deal but as expected it didn t hold up to the burger so i would have preferred a regular bun server was semi pushy in an off putting way which kind of made this experience worse than it should have been overall it was incredibly mediocre,95,492,neutral
YQZlvpXLKo8XcN_f81Qwfw,"You'll enjoy it more if you go with your laid back friends who don't complain about waiting in lines and go with the flow. It's a cool atmosphere and the bands are sit and chill types. I just went with my husband and we only got 4 things before we were full, so make sure your crew is cool enough to share food. Also, even though it starts at 6, many trucks weren't ready til 6:30..longer line waits the later you go but everything is running.",,neutral,positive,,positive,,,,,,,,,5,you ll enjoy it more if you go with your laid back friends who don t complain about waiting in lines and go with the flow it s a cool atmosphere and the bands are sit and chill types i just went with my husband and we only got things before we were full so make sure your crew is cool enough to share food also even though it starts at many trucks weren t ready til longer line waits the later you go but everything is running,88,426,positive
gny50CjEIqzI7Qa4LZzd5Q,"Pizza was great and service was even polite......but the issue i had was with this coupon $10 for $20.....i purchased it and tried to use it and was only given $10 off my total bill.......FALSE Advertising....if youre only getting $10 off your bill why would you take the time to purchase this ""DEAL""......I will return because the pizza and service was great but will NEVER buy a deal from them again....",positive,positive,,,,,,,negative,,,,,5,pizza was great and service was even polite but the issue i had was with this coupon for i purchased it and tried to use it and was only given off my total bill false advertising if youre only getting off your bill why would you take the time to purchase this deal i will return because the pizza and service was great but will never buy a deal from them again,72,360,positive
PXHNKUDzIQO_0kjuCvx3Lw,"Just the BEST sandwiches in Tucson. A good variety. Great menu... and it is exciting to see the place is getting a makeover to make getting sandwiches faster and better! A nice neighborhood place. And they deliver! On-line ordering available, but I prefer to call.",positive,positive,,,positive,positive,,,,,,,,5,just the best sandwiches in tucson a good variety great menu and it is exciting to see the place is getting a makeover to make getting sandwiches faster and better a nice neighborhood place and they deliver on line ordering available but i prefer to call,46,254,positive
cWIVbtHF-b73rxjcaUB0cA,I had takeout because it was about 45 min prior to closing . I ordered the puttanesca. It was delicious . Perfect combo of salty spiciness. There was such a wide variety of menu combos or you could get the fold and creat your own . Genius ! My only gripe is they need to come up with a gluten free dough option. My tummy will pay for this gluttony later .,positive,,,neutral,"positive, negative",,,,,,,,,5,i had takeout because it was about min prior to closing i ordered the puttanesca it was delicious perfect combo of salty spiciness there was such a wide variety of menu combos or you could get the fold and creat your own genius my only gripe is they need to come up with a gluten free dough option my tummy will pay for this gluttony later,66,339,positive
DWbmJF84jRrGaJRmlSSnYQ,"My go-to spot on a Saturday night! I was real bummed that lucys closed, but was pleasantly surprised by this bar just across the street! Their food is better than expected. I always get wings and fries. (be careful of the wtf sauce though) Sometimes it takes a real long time to get the bartenders attention, but the place is usually packed. And if you're lucky the always sunny crew will pop in!","positive, negative",negative,,,,positive,,,,,,,,3,my go to spot on a saturday night i was real bummed that lucys closed but was pleasantly surprised by this bar just across the street their food is better than expected i always get wings and fries be careful of the wtf sauce though sometimes it takes a real long time to get the bartenders attention but the place is usually packed and if you re lucky the always sunny crew will pop in,75,386,neutral
MBELEXco6QI0D2KrEz_yJQ,Had a grilled chicken sandwich on bun to go. Couldn't hold sandwich due to bottom bun being soggy.  So I decided to just eat the meat.  I saw a piece of hair as I removed the meat. I haven't ate there in years and will not eat there again.  Zero stars from me.,negative,,,,,negative,,,,,,,,1,had a grilled chicken sandwich on bun to go couldn t hold sandwich due to bottom bun being soggy so i decided to just eat the meat i saw a piece of hair as i removed the meat i haven t ate there in years and will not eat there again zero stars from me,55,251,negative
M5unN9Y4QKjgiKM5ty0ebw,This place is overrated for sure. The food is mediocre at best. We had the French toast which was soggy and had little flavor. The location is loud and stuffy. They have Too many tables for the space. Also tried the watermelon lemonade which was full of sugar and had a slice of rotten and spoiled watermelon on it. Won't be coming back.,negative,,negative,,,negative,negative,,,negative,,,,1,this place is overrated for sure the food is mediocre at best we had the french toast which was soggy and had little flavor the location is loud and stuffy they have too many tables for the space also tried the watermelon lemonade which was full of sugar and had a slice of rotten and spoiled watermelon on it won t be coming back,64,330,negative
3l2LLRhZr861RZQui-G3sA,"This has to be one of the strangest business decisions ever. Take your very popular B-B-Q joint at the corner of 12th and Porter and move it to a totally out of the way, falling down, probably-soon-to-be-demolished minor league baseball stadium.  WHAT?!?!?  Was this the only space available after Whitt's opened their location at the airport 's C-Concourse? I mean seriously, I was so bummed to hear that they moved here. (If  you can't tell.)  Anyway, the food is generally good. The tamales are bland and gluey. The brisket is highly recommended. The diablo beans should be avoided if you don't have an office with a door that you can close.","positive, negative",,,,,,,,negative,negative,,,,3,this has to be one of the strangest business decisions ever take your very popular b b q joint at the corner of th and porter and move it to a totally out of the way falling down probably soon to be demolished minor league baseball stadium what was this the only space available after whitt s opened their location at the airport s c concourse i mean seriously i was so bummed to hear that they moved here if you can t tell anyway the food is generally good the tamales are bland and gluey the brisket is highly recommended the diablo beans should be avoided if you don t have an office with a door that you can close,121,617,neutral
0jK_XF0mWBOnnTL55UO1nA,"This is the best Vietnamese restaurant in town! I've seen them (Saigon) transition from a grocery store to restaurant. Their food is always amazing and you can never go wrong. The service can be sometimes feisty but it's all worth it. If you're new to Asian food you can never go wrong with the Viet (chicken, pork, etc.) grilled sandwich or the pho.",positive,positive,,,,positive,,,,,,,,5,this is the best vietnamese restaurant in town i ve seen them saigon transition from a grocery store to restaurant their food is always amazing and you can never go wrong the service can be sometimes feisty but it s all worth it if you re new to asian food you can never go wrong with the viet chicken pork etc grilled sandwich or the pho,66,338,positive
Q51DgdvptnqHb2Q0LFj20A,"Hi Caitlin,   Thank you for your reply.  I appreciate your attention to the issues. I forgot to mention the name of the waitress that was so rude and unwelcoming.  Her name is Erin.   Best, Mariza.",,negative,,,,,,,,,,,,3,hi caitlin thank you for your reply i appreciate your attention to the issues i forgot to mention the name of the waitress that was so rude and unwelcoming her name is erin best mariza,35,184,neutral
CzqjdvdDIscS7zgGVw7Zxg,"It's good diner food. period.  Nothing fancy, just simple food made well. Breakfast is a must. Homemade Belgium waffle covered in TONS of fruit....amazing.  Simple Said...it's good diner food at a good price with friendly waitresses. On a Saturday morning...what more could you ask for?!",positive,positive,,,,,,positive,,,,,,5,it s good diner food period nothing fancy just simple food made well breakfast is a must homemade belgium waffle covered in tons of fruit amazing simple said it s good diner food at a good price with friendly waitresses on a saturday morning what more could you ask for,50,269,positive
dLKW8qHvywI7yud2BaXx5g,"When my bf and I looked at the rating for this place I thought, wow how come we've never gone there? Then, we finally visited Prohibition Taproom: it is a true beer place! No wonder -- I'm not a beer person.  But the experience was good. From my point of view, it looked like heaven for the beer-and-sports people.   I liked the vibe and service, so I'm givin' it 4!",,positive,positive,,,positive,,,,,,,,5,when my bf and i looked at the rating for this place i thought wow how come we ve never gone there then we finally visited prohibition taproom it is a true beer place no wonder i m not a beer person but the experience was good from my point of view it looked like heaven for the beer and sports people i liked the vibe and service so i m givin it,73,346,positive
rZ_ueS0k33XBb4DUoHzx2g,"Delicious food, relaxed atmosphere, cocktails refreshing and Katie our waitress very friendly and knowledgeable on the menu and helped us make the right choice .5 stars",positive,positive,positive,,,,positive,,,,,,,5,delicious food relaxed atmosphere cocktails refreshing and katie our waitress very friendly and knowledgeable on the menu and helped us make the right choice stars,25,163,positive
QSqgKgMhBT0rq8XlCZtaZA,"My go-to spot for low key take out/sit in sushi.  Excellent food, quick turn around and contemporary inside.  Highly recommend.  Only suggestion would be to add much more soy sauce packets in the to-go bag :)",positive,positive,positive,,negative,,,,,,,,,5,my go to spot for low key take out sit in sushi excellent food quick turn around and contemporary inside highly recommend only suggestion would be to add much more soy sauce packets in the to go bag,38,198,positive
WGYS4K1IKMgHTVejpe27hg,"Great location at the end of the wharf. Get a table outside (on the side where you can drink alcohol). Be prepared to wait for a long time for these spots. Interesting to watch them prepare and cook the crabs. Shared an assortment of food. Calamari and rock crab were delicious. Lobster bisque was not very flavorful (too creamy, not enough lobster) and bread bowl was very dry.","positive, negative",negative,,,,,,,,positive,,,,3,great location at the end of the wharf get a table outside on the side where you can drink alcohol be prepared to wait for a long time for these spots interesting to watch them prepare and cook the crabs shared an assortment of food calamari and rock crab were delicious lobster bisque was not very flavorful too creamy not enough lobster and bread bowl was very dry,68,366,neutral
gVyOccpgIOuaBuRhfQtKzw,"We really enjoyed this restaurant!  We started with hummus and feta cheese mixed with roasted red peppers, super tasty!  We also had their Philly cheesesteak sandwich and a BLT and Brie, both sandwiches were amazing!  The BLT had thick perfectly cooked bacon.  The only reason I didn't give it 5 stars is its a little pricey.",positive,,,,,positive,,negative,,,,,,5,we really enjoyed this restaurant we started with hummus and feta cheese mixed with roasted red peppers super tasty we also had their philly cheesesteak sandwich and a blt and brie both sandwiches were amazing the blt had thick perfectly cooked bacon the only reason i didn t give it stars is its a little pricey,56,312,positive
rx2ItPviBRadsPw6wcOMmg,"Seriously! Came here with tickets to see a show at 6, The bands are in 2 places! No signs and could have seen 2 for free in the street! Very misleading!!",,,,,,,,,negative,,,,,3,seriously came here with tickets to see a show at the bands are in places no signs and could have seen for free in the street very misleading,28,141,neutral
ljlip5S2hqb76p_pIlLPSg,"Beautiful atmosphere with locally sourced kitchen made everything . Located right in the middle of 12th south and the popular angel wings mural - great place for brunch/lunch if you're in the area. Fries were nice and crispy while the lavender hibiscus tea was gentle and refreshing . This time I ordered safe but I can't wait to come back and try something new, maybe for dinner as our waiter suggested.",positive,positive,positive,,,,positive,,,,,,,5,beautiful atmosphere with locally sourced kitchen made everything located right in the middle of th south and the popular angel wings mural great place for brunch lunch if you re in the area fries were nice and crispy while the lavender hibiscus tea was gentle and refreshing this time i ordered safe but i can t wait to come back and try something new maybe for dinner as our waiter suggested,71,393,positive
cRGUTdUs8cgG6a_8N5xtSA,"Ordered from grubhub waited an hour and a half for delivery so I called naturally no one picked up for another 20 minutes then when the guy answers his explanation was that they were on break and hadn't made my order yet and gave me the "" oh well"" attitude and didn't offer any kind of compensation.",,negative,,,,,,,,,,,,3,ordered from grubhub waited an hour and a half for delivery so i called naturally no one picked up for another minutes then when the guy answers his explanation was that they were on break and hadn t made my order yet and gave me the oh well attitude and didn t offer any kind of compensation,57,292,neutral
dGW0K1OMEf30HdrFREE3dQ,If it wasn't bad enough that the Hard Rock just increased their menu prices but now you must pay $10 just to park where you want to just have dinner or gamble.... as if they aren't making enough money..   Sorry we will not be going back....,,,,negative,,negative,,negative,,,,,,1,if it wasn t bad enough that the hard rock just increased their menu prices but now you must pay just to park where you want to just have dinner or gamble as if they aren t making enough money sorry we will not be going back,47,224,negative
oQ2wM3ibdAnCMBmhfwAi9A,"This is my favourite place to get fish tacos! It's all I ever order, along with the occasional queso or beans which are also delicious. My friend was visiting from out of town and he ordered the beef taco and chicken fajitas and thought they were pretty average. However, he agreed that the fish tacos were amazing. Since 2 full me up and they're only like $2.60 each it's a pretty happy visit all round for me! Plus the interior and patio are awesome (And there's Ben and Jerry's right next door for dessert)","positive, neutral",,positive,positive,,,,,,,,,,5,this is my favourite place to get fish tacos it s all i ever order along with the occasional queso or beans which are also delicious my friend was visiting from out of town and he ordered the beef taco and chicken fajitas and thought they were pretty average however he agreed that the fish tacos were amazing since full me up and they re only like each it s a pretty happy visit all round for me plus the interior and patio are awesome and there s ben and jerry s right next door for dessert,97,492,positive
yOR8YEh_aXYJdz0pLX6gJg,Little puzzled by some of the negative reviews. I ordered the BBQ sub this afternoon and it was pretty epic. Would definitely order again!,positive,,,,,,,,,,,,,5,little puzzled by some of the negative reviews i ordered the bbq sub this afternoon and it was pretty epic would definitely order again,24,135,positive
pASf53j-2Fc4MWcx2uLibA,"Definitely get in line before 8:30am. We waited about 30 minutes. Pancakes were fine. My friends got the raspberry pancakes, the sweet potato pancakes and the san antonio. I got the sugar and spice pancakes. All were well and fine, a bit dry. I don't understand the hype, but if the line isn't too long it's not bad for normal breakfast food. If the line is longer I would highly recommend skipping this place and heading down the street to Fido - insanely good coffee and great breakfast food.","neutral, positive",negative,,,,neutral,positive,,,,,,,5,definitely get in line before am we waited about minutes pancakes were fine my friends got the raspberry pancakes the sweet potato pancakes and the san antonio i got the sugar and spice pancakes all were well and fine a bit dry i don t understand the hype but if the line isn t too long it s not bad for normal breakfast food if the line is longer i would highly recommend skipping this place and heading down the street to fido insanely good coffee and great breakfast food,90,474,positive
KEd1hpSzOXsudyY6p_n8vw,"This place is alright.  Pretty soon it will  be the top chinese food around, because everywhere else is closing.  I've seen the quality decline over the years, but I'd still give this place a chance.  It's good enough?",positive,,,,,"neutral, negative",,,,,,,,3,this place is alright pretty soon it will be the top chinese food around because everywhere else is closing i ve seen the quality decline over the years but i d still give this place a chance it s good enough,41,208,neutral
akDh6AELDnCo17CIE0gHuA,"If you go here, beware.  If the bar attended is a blond with the name of Celina, sit at a table and be waited on my someone else.  If the bar attendant is a lady named Jessica, sit at the bar and enjoy the best bartender that I have ever had in my fifty years of drinking.  She will never let you run out of beer.  And the owner opened a bar in Murfreesboro, so his appearances here are few and far between.   Jennifer is the daytime barkeep and also manages the place in the owner's absence.  She does a good job of it, but Celina and one other person behind the bar would never work for me.",,"negative, positive",,,,,positive,,,,,,,3,if you go here beware if the bar attended is a blond with the name of celina sit at a table and be waited on my someone else if the bar attendant is a lady named jessica sit at the bar and enjoy the best bartender that i have ever had in my fifty years of drinking she will never let you run out of beer and the owner opened a bar in murfreesboro so his appearances here are few and far between jennifer is the daytime barkeep and also manages the place in the owner s absence she does a good job of it but celina and one other person behind the bar would never work for me,119,573,neutral
EybCX3U3K20euM7oT_-ZZA,"This place is small, actually it's tiny. But it's cool! check out the wall mural !   I like their business philosophy, check it out on the back of their menu.   As for the food, Asian fusion , that's all I can tell you.   Miso Ramen - The broth was actually decent, it's creamy and tasty. The pork shoulder falls apart with the grab of chopsticks. nicely done.   Brisket Ramen - two big slices of Brisket, quantity over powers quality. To be honest Brisket was flavorless. This bowl contains Kimichi, kimichi with ramen how interesting.","positive, negative, neutral",,positive,,neutral,positive,,,positive,,,,,3,this place is small actually it s tiny but it s cool check out the wall mural i like their business philosophy check it out on the back of their menu as for the food asian fusion that s all i can tell you miso ramen the broth was actually decent it s creamy and tasty the pork shoulder falls apart with the grab of chopsticks nicely done brisket ramen two big slices of brisket quantity over powers quality to be honest brisket was flavorless this bowl contains kimichi kimichi with ramen how interesting,94,504,neutral
vCXmS2gLX93_ukrI2J9zlA,my favorite pizza place in the area . friendly staff and the biggest slices of pizza anywhere . For 4.50 you can get any one of up to 10 different gourmet slices . the margherita and the buffalo chicken are not to be missed . great outdoor dining area I frequently ride my bicycle there have a slice and Ride it off home. nice small dining room in the back .,positive,positive,positive,positive,positive,positive,,,,,,,,5,my favorite pizza place in the area friendly staff and the biggest slices of pizza anywhere for you can get any one of up to different gourmet slices the margherita and the buffalo chicken are not to be missed great outdoor dining area i frequently ride my bicycle there have a slice and ride it off home nice small dining room in the back,64,339,positive
GmgtuYeyL9hpWzOKDcyEqA,Very helpful employees and they have a great selection of beer! I always go to Ed's over any other local beer distributor.,,positive,,,,,,,,,positive,,,3,very helpful employees and they have a great selection of beer i always go to ed s over any other local beer distributor,23,120,neutral
R_A16STMTt2oZGmpH0R0lA,"We went at a slow time on a weekday afternoon for a late lunch because we were all wanting sandwiches. So between us all we had: the Bird & Pig, BBQ quesadilla, ahi BLT, clubhouse and kids pbj. All the sandwiches were great! Service was a bit slow though. If I was in the area again I may try again but I would not go out of my way to eat here.",positive,negative,,,,neutral,,,,,,,,5,we went at a slow time on a weekday afternoon for a late lunch because we were all wanting sandwiches so between us all we had the bird pig bbq quesadilla ahi blt clubhouse and kids pbj all the sandwiches were great service was a bit slow though if i was in the area again i may try again but i would not go out of my way to eat here,71,333,positive
PB0jpInvz1mtMAkRWmw-kQ,"Ordered via Bite Squad delivery. Food is good for the most part. Chicken I received was pretty fatty, very unappetizing. Ordered a side salad with no onions or peppers (not that it should matter, but I have an allergy). Apparently ""no onions/peppers"" means ""extra of both"" so in the trash it went. Delivery guy also got lost on the way to my house, which is literally two miles straight up Hillsborough Ave. Not impressed.","positive, negative",negative,,,,,,,,,,,,3,ordered via bite squad delivery food is good for the most part chicken i received was pretty fatty very unappetizing ordered a side salad with no onions or peppers not that it should matter but i have an allergy apparently no onions peppers means extra of both so in the trash it went delivery guy also got lost on the way to my house which is literally two miles straight up hillsborough ave not impressed,75,406,neutral
lcVrh-t54GgV0lQmgpPBNw,We love the craft cocktails and craft beers. The food is hit and miss. The batter on the fish and chips doesn't hold up. It's soggy and gross. The quality of the fish is good but a new batter recipe is mandatory. Their classic burger is good and so are the fries.,"neutral, negative, positive",,,,,,positive,,,,,,,3,we love the craft cocktails and craft beers the food is hit and miss the batter on the fish and chips doesn t hold up it s soggy and gross the quality of the fish is good but a new batter recipe is mandatory their classic burger is good and so are the fries,54,257,neutral
9H9gt2FWXSihoALX6Ma_Kg,"Good service, good margaritas. I wasn't impressed with the food. The fried pickles were greasy and soggy. The shrimp nachos were soggy from too much crema. I heard the veggie wings are good so maybe I will have to give their food another chance.","negative, positive",positive,,,,,positive,,,,,,,3,good service good margaritas i wasn t impressed with the food the fried pickles were greasy and soggy the shrimp nachos were soggy from too much crema i heard the veggie wings are good so maybe i will have to give their food another chance,45,239,neutral
SIMrSEHYPNC-uTd11Itf-Q,Just what we were looking for.  A neighborhood bar with better than average bar food.  The meatloaf sandwich was delicious!  Sara was a wonderful bartender and gave honest suggestions.  Great find!,positive,positive,,,,positive,,,,,,,,5,just what we were looking for a neighborhood bar with better than average bar food the meatloaf sandwich was delicious sara was a wonderful bartender and gave honest suggestions great find,31,188,positive
p6a0RpE7E3ydxpUHeFB1-Q,This calzone shop offers an array of calzones and sauces on the side to choose from. There are enough options to offer variety but not so many that younger overwhelmed. The atmosphere is great with several community tables or tables to easily seat larger parties. We went at dinner time on a Saturday and had no problem finding a seat.,,,positive,,positive,,,,,,,,,5,this calzone shop offers an array of calzones and sauces on the side to choose from there are enough options to offer variety but not so many that younger overwhelmed the atmosphere is great with several community tables or tables to easily seat larger parties we went at dinner time on a saturday and had no problem finding a seat,60,331,positive
5dHofDrDH45QXfUzHiGkYg,For me it was easy and fast to order on my way to go.. delicious and best lamb biryani I ever had,positive,positive,,,,,,,,,,,,5,for me it was easy and fast to order on my way to go delicious and best lamb biryani i ever had,22,95,positive
TM1PkkUDSMpb0ijfePRmBQ,"This is a great breakfast sandwich spot. Affordable prices and tasty bagels, my favorite is garlic. I wasn't blown away with the lunch options but I would recommend this place for breakfast to my friends and family. Their quality is WAY better than Dunkin Donuts sandwiches. However, the man and woman behind the counter are very rude and it's a shame becuase the owner seems like such a nice man. They have ignored customers standing in a long line to hold conversations and move extremely slow as if no one has anywhere to go. Don't bother calling an order ahead becuase chances are they won't answer the phone during breakfast hours.",positive,negative,,positive,negative,positive,,,negative,,,,,5,this is a great breakfast sandwich spot affordable prices and tasty bagels my favorite is garlic i wasn t blown away with the lunch options but i would recommend this place for breakfast to my friends and family their quality is way better than dunkin donuts sandwiches however the man and woman behind the counter are very rude and it s a shame becuase the owner seems like such a nice man they have ignored customers standing in a long line to hold conversations and move extremely slow as if no one has anywhere to go don t bother calling an order ahead becuase chances are they won t answer the phone during breakfast hours,115,627,positive
vk3dm7QF8N46JQ9wd5UWTg,"Just any-old-bar.  I went for a networking happy hour, and the service sucked...I mean, they kept giving drinks to the wrong tables, etc.  Crowded and blah.",,negative,negative,,,negative,,,,,,,,1,just any old bar i went for a networking happy hour and the service sucked i mean they kept giving drinks to the wrong tables etc crowded and blah,29,146,negative
V8dVnEHMdDNxCX6yFFam2Q,"This Chipotle location was great! I wanted to thank Chipotle for recognizing teachers for Teacher Appreciation Week!  The line was very small and they served quickly as a pose to another location that had the line wrapped around the store!  Their food is always fresh, tasteful and fulfilling!  My go to is always the bowl with white cilantro lime rice,black beans, steak and all the toppings!  Must eat with a bag of fresh tortilla chips!!",positive,positive,,,,positive,,,,,,,,5,this chipotle location was great i wanted to thank chipotle for recognizing teachers for teacher appreciation week the line was very small and they served quickly as a pose to another location that had the line wrapped around the store their food is always fresh tasteful and fulfilling my go to is always the bowl with white cilantro lime rice black beans steak and all the toppings must eat with a bag of fresh tortilla chips,76,427,positive
mbcEuLja0PwdODatSx50dg,If you're contemplating on going over there because the wait at breakfast & Burger is too long think again. Just wait your turn and get a table at breakfast & Burger that's all I can say.,,negative,,,,positive,,,,,,,,5,if you re contemplating on going over there because the wait at breakfast burger is too long think again just wait your turn and get a table at breakfast burger that s all i can say,36,181,positive
jfMeI1d2AONLj5qRyrE1PQ,"The burger was good.. however is was too small for the price, and I left hungry. $30 for a burger, zucchini fries and a beer and I should not have to go to Steak and Shake later for more food.","positive, neutral",negative,,negative,,,neutral,negative,,,,,,3,the burger was good however is was too small for the price and i left hungry for a burger zucchini fries and a beer and i should not have to go to steak and shake later for more food,39,182,neutral
UWe8KXRmzNGUp3fKsFxuoQ,"We recently moved from Brooklyn, NY and have been in search of some really good pizza...and here it is! We were so happy to bite into a thin crispy crust! It was awesome, the service was amazing and we couldn't be more pleased. I highly recommend this place if you love great pizza and excellent customer service! They will surely get our business again and again.",positive,positive,,,,positive,,,,,,,,5,we recently moved from brooklyn ny and have been in search of some really good pizza and here it is we were so happy to bite into a thin crispy crust it was awesome the service was amazing and we couldn t be more pleased i highly recommend this place if you love great pizza and excellent customer service they will surely get our business again and again,68,355,positive
rcuvpXb75km8m0YixC6Wdg,Must have changed management. I go about twice a month. Last two times pasta was under cooked to point of being crunchy  sent it back ask for another which never came. Then they screwed up hot dog order.  Then didn't take sent back dish off check. Finally got it removed from bill paid & left.,negative,negative,,,,,,,,,,,,1,must have changed management i go about twice a month last two times pasta was under cooked to point of being crunchy sent it back ask for another which never came then they screwed up hot dog order then didn t take sent back dish off check finally got it removed from bill paid left,55,283,negative
W5nAOOFVzVAkerS9MX9L2Q,Went there again on a Wednesday night and once again NO OYSTERS! I'm beginning to think this is part of their ploy to cut costs. Charging regular prices everyday of the week but only having expensive items on the weekend (Friday and Saturday). Don't charge people regular price everyday of the week when you aren't going to deliver on the promise of having expensive items like oysters. It makes people feel cheated!,negative,,,,,,,negative,,,,,,1,went there again on a wednesday night and once again no oysters i m beginning to think this is part of their ploy to cut costs charging regular prices everyday of the week but only having expensive items on the weekend friday and saturday don t charge people regular price everyday of the week when you aren t going to deliver on the promise of having expensive items like oysters it makes people feel cheated,75,409,negative
BROR1DlKTeWaE8knFLsyVg,"We hit this place late night for dinner when we got back late from a tour. It was right near our hotel so that helped. The raw bar selections were very good, local oysters, giant shrimp and king crab. Service was excellent as well. The burger my wife and son split was good, but nothing to write home about but I wouldn't have come here for just that. Decent bar scene as well.","positive, neutral",positive,positive,,positive,,,,,,,,,5,we hit this place late night for dinner when we got back late from a tour it was right near our hotel so that helped the raw bar selections were very good local oysters giant shrimp and king crab service was excellent as well the burger my wife and son split was good but nothing to write home about but i wouldn t have come here for just that decent bar scene as well,74,368,positive
4rc8qeht1lqIxiH7psDObg,"Your options are kinda limited in jenkintown I feel. This place is pretty swell. Good menu. Nothing mind blowing. Service was actually significantly slow for lunch. prob took like 80 minutes to eat. Food was solid. Nice chicken salad club with poppy seeds?? in it. My friends omlette looked good. Got some onions rings. Uncharacteristic for me, but I was mildly pleased with them. Bill was a little pricey I felt. Cost me like 19 bucks with tip. That's all I got.",positive,negative,,,positive,,,negative,,,,,,5,your options are kinda limited in jenkintown i feel this place is pretty swell good menu nothing mind blowing service was actually significantly slow for lunch prob took like minutes to eat food was solid nice chicken salad club with poppy seeds in it my friends omlette looked good got some onions rings uncharacteristic for me but i was mildly pleased with them bill was a little pricey i felt cost me like bucks with tip that s all i got,81,440,positive
u7ZPpKtRexbTpNqgtW_nAA,"The sushi here is so much fun! I love seeing stuff like sunflower seeds and kiwi on top of the rolls. Very clever stuff. I had a great meal here. Twice! Lots of fun. I didn't try the fried stuff, so I can't speak to that.",positive,,,,positive,,,,,,,,,5,the sushi here is so much fun i love seeing stuff like sunflower seeds and kiwi on top of the rolls very clever stuff i had a great meal here twice lots of fun i didn t try the fried stuff so i can t speak to that,48,213,positive
5CRsvFVWYtLEMSSfZQjNKQ,Not friendly at all. Girl forgot to give me my cup so I asked for a cup. She asked me questions like I took a cup. Is she for real? Bad customer service. Has gone downhill since new ownership.,,negative,,,,,,,,,,,,3,not friendly at all girl forgot to give me my cup so i asked for a cup she asked me questions like i took a cup is she for real bad customer service has gone downhill since new ownership,39,186,neutral
-1R1XmgqcJ01OFHl1mVBng,"Not a great vibe, employees were pretty rude minus the bartender, and all in all probably will never go back.",,negative,negative,,,,,,,,,,,1,not a great vibe employees were pretty rude minus the bartender and all in all probably will never go back,20,106,negative
pOUlMuu-iF35w_gB5QbECA,"This was not the best, at least the salad.  The dressing just did not taste good and they were out of two of the toppings I wanted.  It was really dry and an overall disappointment.  Stir fries looked much better.",negative,negative,,,,,,,,,,,,1,this was not the best at least the salad the dressing just did not taste good and they were out of two of the toppings i wanted it was really dry and an overall disappointment stir fries looked much better,40,205,negative
HMKp7VRzUX1IBbg8-jhPlg,"Wasn't wowed and a little less than disappoint. Even on a busy day our food wasn't warm. Food is extremely overpriced, a single taco for $5?? Maybe Reno is that starved to call something Mexican food, but I you can hold out (and you really should) then don't come here.  I came during the lavender and honey festival and the lavender mojitos and margaritas were delicious. Maybe the drinks are worth it!",negative,,,negative,,negative,positive,,,,,,,1,wasn t wowed and a little less than disappoint even on a busy day our food wasn t warm food is extremely overpriced a single taco for maybe reno is that starved to call something mexican food but i you can hold out and you really should then don t come here i came during the lavender and honey festival and the lavender mojitos and margaritas were delicious maybe the drinks are worth it,74,388,negative
ehSAa6UjQzChIY4Jyh7PFA,4.5 stars for Bucks County.  I lived in NYC for 8 years and it's not as good as NYC pizza but it's awfully close.  The plus to this place is they make other things equally as good.  The cheesesteaks are better than any I've ever had in NYC.  I prefer the Margherita pizza or something with meat on it.  The plain cheese pizza well done is what we usually get.  I think they deliver on weekends as well.  The price is right on this pizza as well.    The people who work their are pretty friendly and they generally offer some garlic knots.,positive,positive,,positive,positive,,,,,,,,,5,stars for bucks county i lived in nyc for years and it s not as good as nyc pizza but it s awfully close the plus to this place is they make other things equally as good the cheesesteaks are better than any i ve ever had in nyc i prefer the margherita pizza or something with meat on it the plain cheese pizza well done is what we usually get i think they deliver on weekends as well the price is right on this pizza as well the people who work their are pretty friendly and they generally offer some garlic knots,103,513,positive
C1Raue3tkmHln0drWhLNfA,"Clean and fun, but major loss of points when they stopped letting you bring drinks onto the dance floor. Some of us need a little liquid rhythm.  I like the new outdoor patio-- its a little better for conversation than inside.",,,"negative, positive",,,,,,,,negative,,,3,clean and fun but major loss of points when they stopped letting you bring drinks onto the dance floor some of us need a little liquid rhythm i like the new outdoor patio its a little better for conversation than inside,41,219,neutral
qVU-orwdD0vY2njn3Mm-jw,"Without a doubt Jimboy's has the best ground beef deep fried tacos in all of Reno.  The are pack full of beef and cheese and talk about a crisp crunch when you bit into them!  Just amazing......   For under $6 you can get two good size tacos and a drink, it's a great lunch value!!!!!!!!!",positive,,,positive,,,,,,,,positive,,5,without a doubt jimboy s has the best ground beef deep fried tacos in all of reno the are pack full of beef and cheese and talk about a crisp crunch when you bit into them just amazing for under you can get two good size tacos and a drink it s a great lunch value,56,263,positive
lXGNW4Wg_ibUDa9Um98GCg,"Ok, you know that smell of wet dog, thats how the wings taste. Most of my family had burgers and all of them were dry and not good.",negative,,,,,,,,,,,,,1,ok you know that smell of wet dog thats how the wings taste most of my family had burgers and all of them were dry and not good,28,127,negative
XHBLM-wUZORthSxauhqusw,The regular pizza wasn't hot-n-ready we would've needed to wait 15-20min for 1 pizza that's crazy for a place that offers hot-n-ready pizza,negative,negative,,,,,,,,,,,,1,the regular pizza wasn t hot n ready we would ve needed to wait min for pizza that s crazy for a place that offers hot n ready pizza,29,132,negative
JJTjHYMvWtTh7dTmjGDqOQ,"Nope. Terrible service, terrible food. This is the second time we've made the mistake of going here because I meant to call it into the GOOD thai restaurant 30 seconds down the street but called this one by accident. They forgot the main part of our takeout order and didn't even apologize when I called. Most of the vegetables in my soup were rotting. Never coming back.",negative,negative,,,,,,,,,,,,1,nope terrible service terrible food this is the second time we ve made the mistake of going here because i meant to call it into the good thai restaurant seconds down the street but called this one by accident they forgot the main part of our takeout order and didn t even apologize when i called most of the vegetables in my soup were rotting never coming back,68,361,negative
DKMm70EeF-f2W8YKp48rLg,"NOT HAVE AGAIN: The meat burrito was terrible! Not a lot of meet and it tasted so bad, I only ate half of it. Plus, at $2.69 the burrito was way overpriced for its size - should have been no more than half the price; but, even then I would not order it again.",negative,,,negative,,,,,,,,,,1,not have again the meat burrito was terrible not a lot of meet and it tasted so bad i only ate half of it plus at the burrito was way overpriced for its size should have been no more than half the price but even then i would not order it again,52,243,negative
aVqiuGjk7CwM4HCaCVdpHA,"Ordered a sandwich on one ticket my boyfriend ordered a sandwich on Another they gave us two of the sane sandwiches, which were very spicey which I cannot handle, just don't understand how this could be difficult.",negative,,,,,,,,,,,,,1,ordered a sandwich on one ticket my boyfriend ordered a sandwich on another they gave us two of the sane sandwiches which were very spicey which i cannot handle just don t understand how this could be difficult,38,210,negative
zUE0viIQL-LeW23C1fRKPw,"Stopped by to try their ""Food Network approved"" creole seafood gumbo. Don't do it - it's extremely fishy and flavorless. Also tried the Cajun Dirty Rice which had almost no flavor despite being a nice shade of dark brown. Walk past here and go to one of the many other shops in the French Market.",negative,,,,,,,,,,,,,1,stopped by to try their food network approved creole seafood gumbo don t do it it s extremely fishy and flavorless also tried the cajun dirty rice which had almost no flavor despite being a nice shade of dark brown walk past here and go to one of the many other shops in the french market,56,288,negative
XvUsocLc6X6xbWDALcdrXw,"Love the flavors and attention to detail, but the parking situation is confusing and prices are a bit high for street tacos.",positive,,,negative,,,,,,,,,,3,love the flavors and attention to detail but the parking situation is confusing and prices are a bit high for street tacos,22,122,neutral
2cwFTbKqoZwx85JTNga34w,"The first time I went to this place was yesterday!! I've lived in NOLA all my life and feel guilty that I have never come across. The food was delicious, especially the shrimp and grits. A++!!!",positive,,,,,,,,,,,,,5,the first time i went to this place was yesterday i ve lived in nola all my life and feel guilty that i have never come across the food was delicious especially the shrimp and grits a,37,183,positive
wjt8C8Yz6RJDccP4SclaFg,We never bothered going because the staff was so rude when we called to ask a few questions that we wound up hanging up on them.,,negative,,,,,,,,,,,,3,we never bothered going because the staff was so rude when we called to ask a few questions that we wound up hanging up on them,26,127,neutral
g8AqWdSETIL6jqpfKg-ppg,"Have ordered take out from here twice. This is one of the two best Indian restaurants I've been to in Bucks County (the other being Cafe Bombay in Bristol) -- everything tastes fresh, and you can taste the ingredients (as compared with so many places where the meals basically just have one note). Highly recommend this place.",positive,,,,,positive,,,,,,,,5,have ordered take out from here twice this is one of the two best indian restaurants i ve been to in bucks county the other being cafe bombay in bristol everything tastes fresh and you can taste the ingredients as compared with so many places where the meals basically just have one note highly recommend this place,57,315,positive
JsGKW6_aeDoM13DaaG3HMw,Michael who took my phone order and greeted me was very polite and professional! That's hard to find- great customer service! Good job whoever hired him!,,positive,,,,,,,,,,,,3,michael who took my phone order and greeted me was very polite and professional that s hard to find great customer service good job whoever hired him,27,149,neutral
OlaSUt3bA66VcCbVHhR0oA,Best place for salads! I go there every time I'm in town for lunch. It's fast and veggies are always fresh.,positive,positive,,,,,,,,,,,,5,best place for salads i go there every time i m in town for lunch it s fast and veggies are always fresh,23,104,positive
ytkIyWc7SUMmNSSHup9Frg,"This use to be one of my favorite places for livers & gizzards, But now their food is too too too salty. It's like are you trying to give people high blood pressure with all that salt. Maybe corporate can initiate some changes.",negative,,,,positive,,,,,,,,,1,this use to be one of my favorite places for livers gizzards but now their food is too too too salty it s like are you trying to give people high blood pressure with all that salt maybe corporate can initiate some changes,43,221,negative
g7VNSvmlfwaz9tA0h6w4BQ,The food was terrible! the sushi had no flavor. Beef was soo dry.  Potato salad was nothing close to a salad. Food was not good at all.,negative,,,,,,,,,,,,,1,the food was terrible the sushi had no flavor beef was soo dry potato salad was nothing close to a salad food was not good at all,27,129,negative
mHk9V1We4S_B0ypJtizOIQ,"We bought a Groupon for 2 beer flights recently. My Fiance and I went in and went up to the bartender, who was looking at his phone. It seemed inconvenient for him to look up, when I told him we had the groupon we would like to use, he said ""You look like Groupon people"". Without a smile or a joking attitude at all. He meant this as an insult. I'm still not sure why we didn't leave right then and there, but we will never go back. I don't care if their beer is good or not I've never had anyone be so rude to me as a customer.",,negative,,,,,,,,,,,,3,we bought a groupon for beer flights recently my fiance and i went in and went up to the bartender who was looking at his phone it seemed inconvenient for him to look up when i told him we had the groupon we would like to use he said you look like groupon people without a smile or a joking attitude at all he meant this as an insult i m still not sure why we didn t leave right then and there but we will never go back i don t care if their beer is good or not i ve never had anyone be so rude to me as a customer,113,514,neutral
86XFsMkFMxNpWT2B9bUwpA,"Their sushi is on par with others in the area like Sushi Ninja and Sushi Maru. I always get either the Volcano, Mexican, or Yummy rolls. Can't go wrong with these choices!",neutral,,,,positive,,,,,,,,,3,their sushi is on par with others in the area like sushi ninja and sushi maru i always get either the volcano mexican or yummy rolls can t go wrong with these choices,33,166,neutral
X8DAPs6mw4pvIwn5G9E85Q,Awesome Peruvian food. I have only been there twice but I really enjoyed their tasteful plates. Bistec a la Chorrillana is a must have.,positive,,,,,,,,,,,,,5,awesome peruvian food i have only been there twice but i really enjoyed their tasteful plates bistec a la chorrillana is a must have,24,132,positive
JBwzK15fZqbRoqPtcfI1vw,"Guy at the counter was rude, the place was filthy, and all around horrible! Would/will not recommend this place at all!",,negative,negative,,,negative,,,,,,,,1,guy at the counter was rude the place was filthy and all around horrible would will not recommend this place at all,22,115,negative
eDE-1bu3v-sumc0RHsLbiw,Not that great. We went for breakfast. The drinks were fantastic but the food....not so much. Everything we have had in new Orleans has been fantastic up until this place. Don't go here.  There are so many othet better places.,negative,,,,,negative,positive,,,,,,,1,not that great we went for breakfast the drinks were fantastic but the food not so much everything we have had in new orleans has been fantastic up until this place don t go here there are so many othet better places,42,216,negative
ByTd1bogF-j58HCZpP6yNQ,My girlfriend and I decided to give this place a try. We got cornbeef special hoagies and fried pickles. Was very delicious and we will be ordering again for sure. Delivery was quick as well.,positive,positive,,,,,,,,,,,,5,my girlfriend and i decided to give this place a try we got cornbeef special hoagies and fried pickles was very delicious and we will be ordering again for sure delivery was quick as well,35,187,positive
LW2Mj6oioboP8CVMkcMVow,Up  and  on  the  way  to  becoming  an  Island  must ! Surrounded by Plenty  of  tough  competition ! They're  finding  their  way to  consistency  in building  a fantastic  addition  to  the  local's  hearts !,,,,,,positive,,,,,,,,5,up and on the way to becoming an island must surrounded by plenty of tough competition they re finding their way to consistency in building a fantastic addition to the local s hearts,33,182,positive
bdRtaCM9ic1i6rLhxKLGxA,I could make a jacks pizza taste better than their pizza with little effort.  We ordered two pizzas both horrible. Taste like cheap ingredients. Shouldn't be around long.,negative,,,,,negative,,,,,,,,1,i could make a jacks pizza taste better than their pizza with little effort we ordered two pizzas both horrible taste like cheap ingredients shouldn t be around long,29,165,negative
6zMiROh1Ah0kpX_6LVWnJA,Waited 15 minutes for someone to acknowledge us. Walked out and still ignored! Don't go here if you are planning on eating.,,negative,,,,negative,,,,,,,,1,waited minutes for someone to acknowledge us walked out and still ignored don t go here if you are planning on eating,22,117,negative
UthwlU5_UWV-uMHFrRnmag,They lie about how long orders will take. Big time. I have never met more incompetent/inconsiderate staff in my life.,,negative,,,,,,,,,,,,3,they lie about how long orders will take big time i have never met more incompetent inconsiderate staff in my life,21,114,neutral
qsjMCjaEW9UWyzAw4ujWcw,I finally got to try them. Wow..they did a great job with the remodle. I loved the mushroom cheese steak,positive,,positive,,,,,,,,,,,5,i finally got to try them wow they did a great job with the remodle i loved the mushroom cheese steak,21,101,positive
cINASoUyZbUcmat0TloJag,This is the best location EVER. The donuts are made to order I believe after 5pm. They are always super hot you can barely eat them . Even the next day they are delicious.,positive,,,,,,,,,positive,,,,5,this is the best location ever the donuts are made to order i believe after pm they are always super hot you can barely eat them even the next day they are delicious,33,165,positive
_mGSHxQ464BkgCJT84lOQQ,"Overpriced food for what they served you!  We had stuffed chicken ( their signature dish), dry and not much flavor! Price for the food, didn't match the quality. The only thing we were impressed about was our server Micheal B. He was excellent, he was always on top of things!!!",negative,positive,,negative,,,,,,,,,,1,overpriced food for what they served you we had stuffed chicken their signature dish dry and not much flavor price for the food didn t match the quality the only thing we were impressed about was our server micheal b he was excellent he was always on top of things,50,264,negative
IsOefCaf_gjd_HhldBTGZQ,"When I ordered delivery tonight, it gave me a 35-45 minute delivery time. The pizza arrived 70 minutes later. The pizza was cold and looked terrible.",negative,negative,,,,,,,,,,,,1,when i ordered delivery tonight it gave me a minute delivery time the pizza arrived minutes later the pizza was cold and looked terrible,24,136,negative
xLw0jHUgNRNRl3vvtC808g,"Best coffee in philadelphia located in a no-frills cafe. In fact, there isn't even a menu. A small selection of pastries and caffeinated drinks. But definitely come here for the coffee, smooth and well-priced.",,,,,,,positive,,,,,positive,,3,best coffee in philadelphia located in a no frills cafe in fact there isn t even a menu a small selection of pastries and caffeinated drinks but definitely come here for the coffee smooth and well priced,37,203,neutral
_QI_2ySXh_clz_oMpaTq_w,This local dive would get 5 stars for menu and Sunday football if they didn't let losers smoke cigars inside.,,,negative,,positive,,,,,,,,,1,this local dive would get stars for menu and sunday football if they didn t let losers smoke cigars inside,20,106,negative
O3hIqjdXCr0QO06TmpRoDQ,Watermelon pickles were amazing and the wedge was done well with great ranch dressing and juicy plump partly sun dried tomatoes,positive,,,,,,,,,,,,,5,watermelon pickles were amazing and the wedge was done well with great ranch dressing and juicy plump partly sun dried tomatoes,21,127,positive
BsqZBL9_KXv-9HFvamDYBg,"Worst service I've ever received from a starbucks. They had four employees ""working"" while most of them were standing around while there's was eight people waiting for there drinks. The manager on duty or supervisor didn't seem to have any sense of urgency on getting the drinks made  and neither did the employees. Terrible experience and even worse service",,negative,,,,negative,,,,,,,,1,worst service i ve ever received from a starbucks they had four employees working while most of them were standing around while there s was eight people waiting for there drinks the manager on duty or supervisor didn t seem to have any sense of urgency on getting the drinks made and neither did the employees terrible experience and even worse service,62,352,negative
WEcDdqAyZFOwe5-0ce9HiQ,I came here with my Peruvian girlfriend. I have been to a Peruvian restaurant in New York with her. and it was delicious. So I figured I'd give it a shot again .I ordered the half chicken cilantro meal and my sides .it was very good very tasty and a lot of food. however I felt as if I was being somehow overlooked by the wait  staff .personally. I don't know its just that when you're looking at someone in the eyes and asking them to come over and they turn around and do something else its just like they are ignoring .so I don't know maybe it's just me. but the food is excellent,positive,negative,,,,,,,,,,,,5,i came here with my peruvian girlfriend i have been to a peruvian restaurant in new york with her and it was delicious so i figured i d give it a shot again i ordered the half chicken cilantro meal and my sides it was very good very tasty and a lot of food however i felt as if i was being somehow overlooked by the wait staff personally i don t know its just that when you re looking at someone in the eyes and asking them to come over and they turn around and do something else its just like they are ignoring so i don t know maybe it s just me but the food is excellent,120,572,positive
b1qcnKFc-T0GfQpR-9KzOw,"The good: plush beds, huge flat screen tv, nice toiletries and great location. Very nice staff.  The bad: The hotel was under renovation, so there was construction outside and tarps making a nice courtyard look like a junkyard. We got stuck in the 3rd world country wing ( i think bc we got a cheap rate) where the air system was loud and obnoxious, and the wifi was broken. We had to take an elevator then a stair case to our room. The breakfast everyone raves about is quite mediocre compared to a spread places like the Intercontinental and other upscale hotels put together.",negative,"positive, negative",negative,,,,,,,positive,,,,3,the good plush beds huge flat screen tv nice toiletries and great location very nice staff the bad the hotel was under renovation so there was construction outside and tarps making a nice courtyard look like a junkyard we got stuck in the rd world country wing i think bc we got a cheap rate where the air system was loud and obnoxious and the wifi was broken we had to take an elevator then a stair case to our room the breakfast everyone raves about is quite mediocre compared to a spread places like the intercontinental and other upscale hotels put together,103,561,neutral
GK5JEpizD-nDGXsJUYVLTg,The court house is very old and the art is great. The spiral staircase is funny. One can get view of entire city from 5th level. The tower clock room is really surprising with all mechanical gears inside!! You need a prior appointment to get into clock room. Worth spending 2 to 3 hours of time here.,,,positive,,,,,,,,,,,5,the court house is very old and the art is great the spiral staircase is funny one can get view of entire city from th level the tower clock room is really surprising with all mechanical gears inside you need a prior appointment to get into clock room worth spending to hours of time here,55,288,positive
m1DQNVfu6IqjANiP-W3d6g,"The great customer service that you get here, you won't find in another to-go Asian/Thai restaurant. I enjoyed the food! The curry had great flavor and consistency. The shrimp fried rice does not look appealing but it is flavorful and fluffy. I dropped it down to 4 stars because I paid an additional $2.00 for extra egg and it was NOT extra egg. I also called in my order and received a 30 minute wait time. Total wait time was an hour. With all that being said, the ladies won me over with their passion to serve those waiting and making sure each customer was happy!","positive, negative","positive, negative",,negative,,,,,,,,,,3,the great customer service that you get here you won t find in another to go asian thai restaurant i enjoyed the food the curry had great flavor and consistency the shrimp fried rice does not look appealing but it is flavorful and fluffy i dropped it down to stars because i paid an additional for extra egg and it was not extra egg i also called in my order and received a minute wait time total wait time was an hour with all that being said the ladies won me over with their passion to serve those waiting and making sure each customer was happy,106,548,neutral
UwK26xR14V-Fw5PBQuSjGA,"I like their food but I have them rated at two stars because of their delivery service. Right now ""Uber Eats"" and ""EAT24"" are the only ones you can order through.   ""Uber Eats"" never delivers directly to my house and I have to direct the driver and ""EAT24"" only shows a catering option. I've called ""The Hut"" but they haven't fixed the problem.  As a business, they should monitor the apps there customers use. Ordering food for delivery is an annoying process.",positive,negative,,,,,,,,,,,,5,i like their food but i have them rated at two stars because of their delivery service right now uber eats and eat are the only ones you can order through uber eats never delivers directly to my house and i have to direct the driver and eat only shows a catering option i ve called the hut but they haven t fixed the problem as a business they should monitor the apps there customers use ordering food for delivery is an annoying process,84,437,positive
iRMFvUB67el1rp1uwaaJ8Q,First visit in 10 years and won't be going back. Poor quality food prepared with no skill. Sweet/ sour pork was almost inedible from greasy tempura coating.  Pork fried rice a waste of money.  The store is depressing to visit and looks like it does little visit. Off in search of another Chinese restaurant.,negative,,negative,negative,,negative,,,,,,,,1,first visit in years and won t be going back poor quality food prepared with no skill sweet sour pork was almost inedible from greasy tempura coating pork fried rice a waste of money the store is depressing to visit and looks like it does little visit off in search of another chinese restaurant,54,295,negative
8bZmzYSB_nRPepV5xZtOfg,"Italian food is one of my favorite types of food I love to eat.  So of course I am a fan of Olive Garden chan restaurants!! This particular Olive Garden is in a great location and is always busy.  However, even though it is always busy the service, and drinks are always on point.  My girls and I love to go there for their amazing sangrias.  The food is just like all the others... yummy and fast.",positive,positive,,,,,positive,,,positive,,,,5,italian food is one of my favorite types of food i love to eat so of course i am a fan of olive garden chan restaurants this particular olive garden is in a great location and is always busy however even though it is always busy the service and drinks are always on point my girls and i love to go there for their amazing sangrias the food is just like all the others yummy and fast,77,382,positive
hll3PKZbMbu2W7uFbF8ezQ,Beautiful place. Excellent food. I only gave it a 2 because they gouge you on the drinks. My manhattan was $16. A very small glass of house wine was $11.50. There is no justification for that. We eat out often in good restaurants. This is the only place that gouges you on the drinks. I got the halibut. It was delicious but quite small with nothing on the side.,positive,,,,,positive,,,,,,negative,,5,beautiful place excellent food i only gave it a because they gouge you on the drinks my manhattan was a very small glass of house wine was there is no justification for that we eat out often in good restaurants this is the only place that gouges you on the drinks i got the halibut it was delicious but quite small with nothing on the side,66,339,positive
v6VFMJjeIok0Pj_5h3KWEw,"My favorite Reno lunch spot and has been for years.  Love their sandwiches and salads.  Deserts amazing too.  Nice ambiance.  Owner a doll.  The ONLY thing I dislike, and don't understand, is how bad the service is!  Waitresses are always SO slow!  I typically have to go track one down to take order...annoying.  (Albeit they are  friendly)",positive,"negative, positive",positive,,,positive,,,,,,,,5,my favorite reno lunch spot and has been for years love their sandwiches and salads deserts amazing too nice ambiance owner a doll the only thing i dislike and don t understand is how bad the service is waitresses are always so slow i typically have to go track one down to take order annoying albeit they are friendly,59,318,positive
gnH6VQgZDrTgPA5_gmQWMQ,"We  have given up.  Served dirty wine glasses more than once.  Find out the keg is kicked after you order and wait for the beer.  The burgers at better at the burger chains, juicer and they never seem to cook to the right temp.  Management needs to step it up.",negative,negative,,,,,,,negative,,,,,1,we have given up served dirty wine glasses more than once find out the keg is kicked after you order and wait for the beer the burgers at better at the burger chains juicer and they never seem to cook to the right temp management needs to step it up,50,249,negative
FqEB0pqqlJ4o8XlmjG1UZg,"Delicious bagels. It's a bagel shop so I'm not looking for pancakes, bacon, sausage or eggs. If you want a breakfast platter, go elsewhere. If you want good bagels with butter, cream cheese or plain...this is your spot. Cinnamon raisin and everything bagels are really good!",positive,,,,"negative, positive",positive,,,,,,,,5,delicious bagels it s a bagel shop so i m not looking for pancakes bacon sausage or eggs if you want a breakfast platter go elsewhere if you want good bagels with butter cream cheese or plain this is your spot cinnamon raisin and everything bagels are really good,49,263,positive
sKdPo0Je5C_pVaCUknnMFg,"Tucked on 76 Ave is a small cozy cafe, usually filled with local students because there aren't too many parking spots. The prices at this cafe are a bit higher than that of Remedy, and the seating arrangements are tight. There are large comfy seats and more table seating. It is convenient and quite accessible to the neighborhood, although higher prices will incur. Ambient noise would be higher due to the smaller space.  Mosaic cafe is very similar, however space and table seating are also an issue.",,,"negative, positive",,,,,negative,,positive,,,,3,tucked on ave is a small cozy cafe usually filled with local students because there aren t too many parking spots the prices at this cafe are a bit higher than that of remedy and the seating arrangements are tight there are large comfy seats and more table seating it is convenient and quite accessible to the neighborhood although higher prices will incur ambient noise would be higher due to the smaller space mosaic cafe is very similar however space and table seating are also an issue,87,489,neutral
d1RzymGrO5mJ4Hh4aLzBqA,"I love this place. Love the Dan Dan noodles, the scallion pancake, the three cup chicken, and all the dumplings. It's delicious, the service is good, and the food is not as agonisingly spicy as some reviews say. It reminds me of all the old Szechuan places on Spadina in Toronto, except marginally better and more upscale. Good, interesting cocktails too.",positive,positive,positive,,positive,positive,positive,,,,,,,5,i love this place love the dan dan noodles the scallion pancake the three cup chicken and all the dumplings it s delicious the service is good and the food is not as agonisingly spicy as some reviews say it reminds me of all the old szechuan places on spadina in toronto except marginally better and more upscale good interesting cocktails too,62,343,positive
-6zWMUeDjZur9I4CBY3BbA,"There's not much to say except that this place is magical.  Awesome candies! Pralines made on the spot.. great fudge and a cool building.. enter on Decatur, exit on Peter's.  They are so friendly you can taste your way right through the shop. So we did.  We also bought too much. Which we ate... and then wished we had more.  A worthwhile side trip, it kind of made our day!",positive,positive,positive,,positive,positive,,,,,,,,5,there s not much to say except that this place is magical awesome candies pralines made on the spot great fudge and a cool building enter on decatur exit on peter s they are so friendly you can taste your way right through the shop so we did we also bought too much which we ate and then wished we had more a worthwhile side trip it kind of made our day,72,353,positive
NSP2tmI4KerXB1FfiImfMw,"What a great place for breakfast!! Healthy options that are yummy, other options that LOOK yummy!! We love the atmosphere, service and food.",positive,positive,positive,,positive,positive,,,,,,,,5,what a great place for breakfast healthy options that are yummy other options that look yummy we love the atmosphere service and food,23,133,positive
XWs3JW2wboGq_aIUk81Pzw,"The pizza was the best we've had in the Fairmount/Art Museum/Brewerytown area and we've probably tried 5 or so.  The pepperoni was a little crispy (good thing) and the wings were, too.  That last one is really surprising since there are so many soggy wings out there.  Lazos does it right.  They gave me Sprite instead of Coke but otherwise this was a very good pizza+wing combo.  Will order again!",positive,,,,,positive,,,,,,,,5,the pizza was the best we ve had in the fairmount art museum brewerytown area and we ve probably tried or so the pepperoni was a little crispy good thing and the wings were too that last one is really surprising since there are so many soggy wings out there lazos does it right they gave me sprite instead of coke but otherwise this was a very good pizza wing combo will order again,74,382,positive
mq5TYgyTE2B0-Uql2BvHKQ,Great coconut curry chicken. One of the best. The only thing is when you order a whole chicken you would figure you would get 2 wings 2 legs 2 Brest 2 thighs not here we got a piece of a Brest no wings 1 leg and a thigh. It was good but they should tell you what there definition of a whole chicken and half chicken is. Now knowing that I would go again. Cause it is great coconut curry.,"positive, negative",,,,,positive,,,,,,,,3,great coconut curry chicken one of the best the only thing is when you order a whole chicken you would figure you would get wings legs brest thighs not here we got a piece of a brest no wings leg and a thigh it was good but they should tell you what there definition of a whole chicken and half chicken is now knowing that i would go again cause it is great coconut curry,75,371,neutral
8qOaEH5Z6ybt7aVB8Liejw,We got seated right away for lunch today.  And then we waited.   And waited. The table across from us even asked if we were still waiting for a server. Finally came over to apologize for the delay.  The food was really good. Each had a flight of beer. Very good. Prices are nice with the lunch special.  Would eat here again,positive,"positive, negative",,,,positive,positive,positive,,,,,,5,we got seated right away for lunch today and then we waited and waited the table across from us even asked if we were still waiting for a server finally came over to apologize for the delay the food was really good each had a flight of beer very good prices are nice with the lunch special would eat here again,61,310,positive
r7iPbxTraBWGVp57Qwya-w,i've been to dickey's in at least three locations in other cities. usually its great and i enjoy the meats and the sides.  great weekly specials.  i was totally disappointed with this trip in new orleans.  the manager was training the new staff on how to cut meat and serve it up. terrible job.  everybody knows you cut brisket  against the grain and thin. mine was awful and i didn't know until i got back to the hotel.  i have not gone back. great sauces and sides. free ice cream and great desserts. too bad about the brisket. i love the ribs so i may try it again.,"positive, negative",negative,,positive,positive,"positive, negative",,,,,,,,3,i ve been to dickey s in at least three locations in other cities usually its great and i enjoy the meats and the sides great weekly specials i was totally disappointed with this trip in new orleans the manager was training the new staff on how to cut meat and serve it up terrible job everybody knows you cut brisket against the grain and thin mine was awful and i didn t know until i got back to the hotel i have not gone back great sauces and sides free ice cream and great desserts too bad about the brisket i love the ribs so i may try it again,111,549,neutral
QeIn9B9gcO6-tQraHkaP-Q,"Over priced drinks, mixing 4 or 5 different liquors and adding juice should NOT cost 15.00, and its not top shelf liquor either.  2 crab clusters and 2 pieces of corn should NOT cost 25.00! It's a shame since I live right up the street, I keep trying to give this place a chance, but every time I leave disappointed. I'm not even going to speak on the horrible parking. ..this place sucks ass !",,,,negative,,negative,negative,,,negative,,negative,,1,over priced drinks mixing or different liquors and adding juice should not cost and its not top shelf liquor either crab clusters and pieces of corn should not cost it s a shame since i live right up the street i keep trying to give this place a chance but every time i leave disappointed i m not even going to speak on the horrible parking this place sucks ass,70,361,negative
_mtAWcrtGkJzylWVcN5Gpg,Food was good but service was poor. Very unorganized and not handling crowd well. Not enough seating outside and indoor temperature is  too cold. Condensation from air vents kept dripping in me. Lemonade tasted like a cool aide mix.. Surprised people were not enjoying the beach chairs un the sand.,positive,negative,negative,,,,negative,,,,,,,3,food was good but service was poor very unorganized and not handling crowd well not enough seating outside and indoor temperature is too cold condensation from air vents kept dripping in me lemonade tasted like a cool aide mix surprised people were not enjoying the beach chairs un the sand,50,290,neutral
Fqf68S84OrseV_TdJIy9ow,This is place is great for bad Thai. Not sure what these reviews are about. I ordered a simple clear noodle dish - that was bad. My husband ordered a fried rice dish and the rice was mush. All ingredients including the mushrooms and carrots were canned or frozen. If you want bad Thai come here! I will not come back here even if they paid me to eat here. The worst Thai I ever had.,negative,,,,,negative,,,,,,,,1,this is place is great for bad thai not sure what these reviews are about i ordered a simple clear noodle dish that was bad my husband ordered a fried rice dish and the rice was mush all ingredients including the mushrooms and carrots were canned or frozen if you want bad thai come here i will not come back here even if they paid me to eat here the worst thai i ever had,75,372,negative
lSQHJzpsQu-T9bQFPa5dXw,The  place is so dark hard to see the menu to start off with. The food is fair not really all the tasty. Waiterss we're a bit slow and the place was not even busy.,neutral,negative,negative,,,,,,,,,,,1,the place is so dark hard to see the menu to start off with the food is fair not really all the tasty waiterss we re a bit slow and the place was not even busy,36,159,negative
Jh8zoiKX8prVpzFqBWxxnA,The donair meat was very cheap tasting....like it came out of a can or something gross.   The place looks run down.  We won't be back.  People who think this is the best donair have lived a very sheltered life in the land of donairs!  This is probably one of my worst ones!,negative,,negative,,,negative,,,,,,,,1,the donair meat was very cheap tasting like it came out of a can or something gross the place looks run down we won t be back people who think this is the best donair have lived a very sheltered life in the land of donairs this is probably one of my worst ones,54,260,negative
Ak94oMI25qcaCDwfzPpANg,Excellent quality sushi. The sashimi and nigiri are fresh and generous in size.  Top notch sushi with limited roll options. A must go to place if you are a true sushi lover,positive,,,,negative,positive,,,,,,,,5,excellent quality sushi the sashimi and nigiri are fresh and generous in size top notch sushi with limited roll options a must go to place if you are a true sushi lover,32,168,positive
pnitSpvWhpscUxv303T6kw,"All over good food. Not super fancy, but I have never had something there that I did not like.   Recommended items:   Marathon Burger Basil Lemonade (alcoholic) Dark and Stormy (alcoholic) Vegetarian Chili (awesome!!) Fire-roasted salsa Crispy Buffalo Chicken Sandwich Southwest Salad  Great place to get a decently priced meal and is easy to get into any day of the week.",positive,positive,negative,positive,,positive,positive,,,,,,,3,all over good food not super fancy but i have never had something there that i did not like recommended items marathon burger basil lemonade alcoholic dark and stormy alcoholic vegetarian chili awesome fire roasted salsa crispy buffalo chicken sandwich southwest salad great place to get a decently priced meal and is easy to get into any day of the week,61,354,neutral
95L-Xoqd-VdnuegSkRPBbA,"Hating waiting but finally enjoying. What a bet for a train station. But it sounds like it works on the outdoor plaza, while sun is hanging out with some places to rest and nap. Good bye kiss By Philly",,negative,positive,,,,,,,,,,,5,hating waiting but finally enjoying what a bet for a train station but it sounds like it works on the outdoor plaza while sun is hanging out with some places to rest and nap good bye kiss by philly,39,197,positive
55FySvhm2uULKPq2Ybeyow,"Absolutely the worst meal I've had in a very long time. Everything was super greasy, salad was old and wilted and I spent more time picking out the rotten pieces of lettuce than I did attempting to eat it. The ranch dressing, honey mustard and ""roadhouse"" dipping sauce were all disgusting. The fries and chicken tenders were not only greasy but looked and tasted like someone's leftover lunch from yesterday that they over cooked in a microwave.  Again, worst meal ever!",negative,,,,,,,,,,,,,1,absolutely the worst meal i ve had in a very long time everything was super greasy salad was old and wilted and i spent more time picking out the rotten pieces of lettuce than i did attempting to eat it the ranch dressing honey mustard and roadhouse dipping sauce were all disgusting the fries and chicken tenders were not only greasy but looked and tasted like someone s leftover lunch from yesterday that they over cooked in a microwave again worst meal ever,83,460,negative
fMo5paIr56SVwrdBb-JMtQ,"Hankering big time for some all-can-eat sushi, we struck out for Saki Endless Sushi. Saki, a converted UPS Store was tucked away on Gulf to Bay Boulevard. What a delightful surprise. The rolls were beautifully prepared and the fish super fresh. Try the ""Top of the World"" Roll or the ""2 in 1 Crispy"" Roll. Melt in your mouth deliciousness! The Salt and Pepper shrimp was quick fried, hot and oh so good!",positive,,,,positive,positive,,,,,,,,5,hankering big time for some all can eat sushi we struck out for saki endless sushi saki a converted ups store was tucked away on gulf to bay boulevard what a delightful surprise the rolls were beautifully prepared and the fish super fresh try the top of the world roll or the in crispy roll melt in your mouth deliciousness the salt and pepper shrimp was quick fried hot and oh so good,73,385,positive
E6K9OJEK1_B2eq26KQJfwQ,"Tried it tonight for the first time. Just tried basics to start, chicken in garlic sauce, shrimp fried rice, wonton soup and shrimp rolls..  All was tasty.  My husband thought the shrimp rolls could have used more flavor but I thought they were just fine. This area has needed a good chinese takeout for a long time.  I plan to try it again soon.","negative, positive",,,,positive,,,,,,,,,3,tried it tonight for the first time just tried basics to start chicken in garlic sauce shrimp fried rice wonton soup and shrimp rolls all was tasty my husband thought the shrimp rolls could have used more flavor but i thought they were just fine this area has needed a good chinese takeout for a long time i plan to try it again soon,64,333,neutral
E8yWbfyadrnssLFlWra-0w,"Quite a busy place - you can drive into the pier and park at the restaurant - 90 mins free with validation. The Cioppino, which comes in a bread bowl is good but unfortunately is a bit scarce with the fish. My wife enjoyed the Shrimp Tacos. Try to get a seat at one of the 4 tables outside...","positive, negative",,,,,,,,,positive,,,,3,quite a busy place you can drive into the pier and park at the restaurant mins free with validation the cioppino which comes in a bread bowl is good but unfortunately is a bit scarce with the fish my wife enjoyed the shrimp tacos try to get a seat at one of the tables outside,55,276,neutral
oWTXgG0ANgdQ9mjhqeab5g,"The guy was super nice and attentive and told me what would go good on my white sauce pizza, I listened to him and my pizza was great!! I went with friends and we all got something different and all taste tested each others food and all of it was tasty. Definitely will be going back. We also got the free pesto breadsticks, yum! Their marinara is delicious!!",positive,positive,,,,positive,,,,,,,,5,the guy was super nice and attentive and told me what would go good on my white sauce pizza i listened to him and my pizza was great i went with friends and we all got something different and all taste tested each others food and all of it was tasty definitely will be going back we also got the free pesto breadsticks yum their marinara is delicious,68,350,positive
kunaTSstZVXHOcA7FX0acQ,"The towel they give you to clean your hands priot to dinner smelled dirty, the staff was very rude and the place itself was not too clean... never going back there ever again.",,negative,negative,,,negative,,,,,,,,1,the towel they give you to clean your hands priot to dinner smelled dirty the staff was very rude and the place itself was not too clean never going back there ever again,33,170,negative
Lo7KGDnkd_50D7mSBhizaw,"Food is below average. Waiter is unfriendly.. I asked which dishes are less spicy, he said dismissively: all of them are spicy because Indian food is spicy.. OK, they never brought a chutney tray and we never asked. They constantly were out of naan which wasn't very flavorful. Yeah, that's the last time for us. The decor was colorful. That's what the one star is for.",negative,negative,positive,,negative,negative,,,,,,,,3,food is below average waiter is unfriendly i asked which dishes are less spicy he said dismissively all of them are spicy because indian food is spicy ok they never brought a chutney tray and we never asked they constantly were out of naan which wasn t very flavorful yeah that s the last time for us the decor was colorful that s what the one star is for,69,355,neutral
q7VX__unwVfLtlnkp9_P6Q,"Hypothetically speaking, if I had to swim in any substance in the volume of an Olympic regulation size pool it would have to be the queso from SatCo.   SatCo doesn't do much well besides the queso. The tacos and setup are a slightly strange blend of Tex-Mex, nothing authentic. But damn do people come far and wide for some chips and queso! The patio is a cool place for a quickie after work or a hot lunch time in the summer. And you can't beat the 80's tunes jiving from the patio speakers! The food is expensive for what you get in variety and flavor so I recommend you go for a snack!",positive,,positive,negative,negative,negative,,,,,,,,3,hypothetically speaking if i had to swim in any substance in the volume of an olympic regulation size pool it would have to be the queso from satco satco doesn t do much well besides the queso the tacos and setup are a slightly strange blend of tex mex nothing authentic but damn do people come far and wide for some chips and queso the patio is a cool place for a quickie after work or a hot lunch time in the summer and you can t beat the s tunes jiving from the patio speakers the food is expensive for what you get in variety and flavor so i recommend you go for a snack,116,574,neutral
l16iEA_RAXimrlX7jc6S6g,"Pizza was delicious had the meat eaters pizza. The pizza was perfectly proportioned and filled me up and I had to take the rest to go. I will definitely try and persuade the franchise owner to let me open my own blaze pizza in Biloxi, MS. I can imagine I would do a lot of business. God willing....",positive,,,,positive,,,,,,,,,5,pizza was delicious had the meat eaters pizza the pizza was perfectly proportioned and filled me up and i had to take the rest to go i will definitely try and persuade the franchise owner to let me open my own blaze pizza in biloxi ms i can imagine i would do a lot of business god willing,58,289,positive
zU0QY78bNL3etZa_yDU5bg,"The pizza was good, however the restaurant was filthy including the bathrooms.  There was a dog in the restaurant that was not a service dog.  Manager was blowing his nose and coughing right by the pizzas and chewing gum.  Disgusting restaurant!",positive,negative,negative,,,negative,,,,,,,,3,the pizza was good however the restaurant was filthy including the bathrooms there was a dog in the restaurant that was not a service dog manager was blowing his nose and coughing right by the pizzas and chewing gum disgusting restaurant,41,237,neutral
EOLmWCD2ifUOQTIGZ3Oy8g,"There are a lot of places to grab coffee in Broad Ripple and many of them are warm inviting spaces that make you want to stay. This place really isn't that. It is cramped and has a lot going on. I had a smoothie my first time and a tea my second. Both were just okay. What really gets me are all of the signs that say ""outlets are for paying customers only."" There's just something about which I find off putting about that. Not really a place I want to meet someone.",,,negative,,,,neutral,,negative,,,,,1,there are a lot of places to grab coffee in broad ripple and many of them are warm inviting spaces that make you want to stay this place really isn t that it is cramped and has a lot going on i had a smoothie my first time and a tea my second both were just okay what really gets me are all of the signs that say outlets are for paying customers only there s just something about which i find off putting about that not really a place i want to meet someone,95,457,negative
H1jK1QrRdgofQcGOaJmlxQ,"I was hoping that the restaurant that replaced Copeland's in this space would be a regular in my rotation of Westbank restaurants. I left extremely disappointed after being overcharged for jambalaya that resembled Zatarain's boxed mix and a gumbo that was underwhelming in flavor. Maybe I went too early, maybe I went on a bad day, but I will not be back until the menu prices drop.",negative,,,negative,,negative,,negative,,,,,,1,i was hoping that the restaurant that replaced copeland s in this space would be a regular in my rotation of westbank restaurants i left extremely disappointed after being overcharged for jambalaya that resembled zatarain s boxed mix and a gumbo that was underwhelming in flavor maybe i went too early maybe i went on a bad day but i will not be back until the menu prices drop,69,377,negative
PCxW8IqqvCODd9Tr_XFjlQ,Becca is an awesome bartender. They have awesome happy hour specials including land shark. The food menu is somewhat limited but the service at the bar is great. We hope they can keep up the business and attract more locals.,,positive,,,negative,,,,,,positive,,,3,becca is an awesome bartender they have awesome happy hour specials including land shark the food menu is somewhat limited but the service at the bar is great we hope they can keep up the business and attract more locals,40,220,neutral
ubKub-zRK7lLYtbvt1rBUQ,So my wife picked this place and to be honest I wish she had not. The staff was great. The food was a different story. All of the food we had was way to salty. I don't want to be mean so I will sum up this experience as a can miss. Maybe in a few months we will give this place a second chance.,negative,positive,,,,negative,,,,,,,,1,so my wife picked this place and to be honest i wish she had not the staff was great the food was a different story all of the food we had was way to salty i don t want to be mean so i will sum up this experience as a can miss maybe in a few months we will give this place a second chance,66,288,negative
FbMKErwvxFu5mDu_4wisfA,"The last time I was here was when I was in high school at the OLD restaurant (if anyone remembers that).  Very nice set up inside, comfy booths, nice staff.  Our pizza took a little longer than anticipated but was tasty, their presentation was the most intriguing.  They slice the pizza in half and place each half on different tiers to bring out to the table.  Have local crafted beers on tap from Mastry's brewing.   Good selection of food.",positive,"positive, negative",positive,,positive,,,,,,,,,5,the last time i was here was when i was in high school at the old restaurant if anyone remembers that very nice set up inside comfy booths nice staff our pizza took a little longer than anticipated but was tasty their presentation was the most intriguing they slice the pizza in half and place each half on different tiers to bring out to the table have local crafted beers on tap from mastry s brewing good selection of food,80,425,positive
5wTSHY2LiDFRi9znKAatQQ,"Great place, very modern. I like the choices of food items and beverages, it was well thought. Great sitting spaces, the concept is absolutely fantastic, with the clients in mind. You can pick from a very intimate, romantic corner to a more casual stool sitting by the bar area. Not sure about the charm of their live singers, they can be truly annoying if they are singing for a long time, which is usually the case. Heavy metal by the end of the day? That is a ""no-no"", please! Other than that, this is quite an interesting place to meet and relax.",,,"positive, negative",,positive,positive,,,,,positive,,,3,great place very modern i like the choices of food items and beverages it was well thought great sitting spaces the concept is absolutely fantastic with the clients in mind you can pick from a very intimate romantic corner to a more casual stool sitting by the bar area not sure about the charm of their live singers they can be truly annoying if they are singing for a long time which is usually the case heavy metal by the end of the day that is a no no please other than that this is quite an interesting place to meet and relax,103,531,neutral
6Uwhtks-8xOVfMOrH-C9hw,"This is a decent place to stop at the Lakeside Mall, where pretty much everything besides Bed Bath & Beyond could be described as ""Meh. I've experienced better.""  The stuffed grape leaves are ok and served for a fair price, although they are served cold.  The falafel are fair, but the hummus is as bland as a piece of paper drizzled with olive oil.  Skip that unless you eat it with the salad, which is actually very nicely dressed.","neutral, negative, positive",,,positive,,positive,,,,,,,,3,this is a decent place to stop at the lakeside mall where pretty much everything besides bed bath beyond could be described as meh i ve experienced better the stuffed grape leaves are ok and served for a fair price although they are served cold the falafel are fair but the hummus is as bland as a piece of paper drizzled with olive oil skip that unless you eat it with the salad which is actually very nicely dressed,79,417,neutral
c6eoMSSx3nI_Dr19cIvXXA,"Jazz brunch was amazing!   Food - everything we ordered was great! Thanks for all the yelp recommendations. We went with the shrimp and goat cheese crepe, shrimp and andouille sausage omlet, and eggs benedict. We were so stuffed we couldn't bring ourselves to order the bread pudding.   Music - at first we couldn't really hear the music, but to our pleasant surprise, the band moved from room too room and ended up playing right next to our table! The musicians were amazing. Loved all their energy and talent.   Highly recommend!",positive,,"negative, positive",,,positive,,,,,,,,3,jazz brunch was amazing food everything we ordered was great thanks for all the yelp recommendations we went with the shrimp and goat cheese crepe shrimp and andouille sausage omlet and eggs benedict we were so stuffed we couldn t bring ourselves to order the bread pudding music at first we couldn t really hear the music but to our pleasant surprise the band moved from room too room and ended up playing right next to our table the musicians were amazing loved all their energy and talent highly recommend,90,508,neutral
-DjIfoNFAiT5J4kF9hXocQ,Not bad. Sushi roll was good but options were limited. Hibachi grill: i got steak...chef asked me 2x how i like mine-medium...Still ended up with well done. Rest of my group had chicken which all voiced lacked seasoning.   Beware they DO NOT have a late happy hour 8-11 as advertised on their website. We asked the staff about it and they claimed 8-11 was for a different location. Their website nowhere indicates the happy hour is for a specific location nor does the website indicate they have multiple locations at all.,"positive, negative",,,,negative,positive,,negative,,,,,,3,not bad sushi roll was good but options were limited hibachi grill i got steak chef asked me x how i like mine medium still ended up with well done rest of my group had chicken which all voiced lacked seasoning beware they do not have a late happy hour as advertised on their website we asked the staff about it and they claimed was for a different location their website nowhere indicates the happy hour is for a specific location nor does the website indicate they have multiple locations at all,92,497,neutral
n6mlkFkOruNijR1ylR94GQ,"I've never seen a larger or better selection of beer in my life! All are sold by the bottle, and the prices are awesome! The employees are always happy to help and greet you with a genuine smile. Little known- this place also serves sandwiches, panini's and wraps. The different choices are sometimes exotic, but alway delicious. But if you know what you want, you can always ""create your own"" any way you want it. If you're on the run, you can get anywhere from this location. Or- just grab a table! Enjoy a beer or two with your sandwich and see what's up and coming in the local community. I love this place.",positive,positive,,,positive,positive,,,,positive,positive,positive,,5,i ve never seen a larger or better selection of beer in my life all are sold by the bottle and the prices are awesome the employees are always happy to help and greet you with a genuine smile little known this place also serves sandwiches panini s and wraps the different choices are sometimes exotic but alway delicious but if you know what you want you can always create your own any way you want it if you re on the run you can get anywhere from this location or just grab a table enjoy a beer or two with your sandwich and see what s up and coming in the local community i love this place,118,592,positive
l6ZRiy-HcBRebdJhivoafQ,Wholes food have a good variety of organic food. They always seem to be up to date as well. I love that their seafood is always fresh and I love making fresh roasted peanut butter for my children. The only thing I can say is if your black beware of the security guard that will follow you around the whole store the entire time..,positive,negative,,,positive,positive,,,,,,,,5,wholes food have a good variety of organic food they always seem to be up to date as well i love that their seafood is always fresh and i love making fresh roasted peanut butter for my children the only thing i can say is if your black beware of the security guard that will follow you around the whole store the entire time,64,324,positive
z2tE5wRExViDWwA7c44OKw,"Tried this place for the first time on a Saturday for a late lunch/early dinner.   LOVE LOVE LOVE the low carb Naruto Roll, but it only comes with 5 pieces :( .... I would adding more healthy rolls wrapped in cucumber and soy paper like this to the menu. The Sashimi prices are a little high...  All in all we loved the mix of Japanese/ Korean food and the service, although the choice in music wasn't up to par.",positive,positive,negative,negative,"negative, positive",,,,,,,,,3,tried this place for the first time on a saturday for a late lunch early dinner love love love the low carb naruto roll but it only comes with pieces i would adding more healthy rolls wrapped in cucumber and soy paper like this to the menu the sashimi prices are a little high all in all we loved the mix of japanese korean food and the service although the choice in music wasn t up to par,78,390,neutral
VmBAAgECOLCpERxAQPG5-A,I love Bing's boba!!!!!!!!! The Taro snow is my go to drink. Definitely the best boba spot in Tucson! The place is always clean. They have board games for you to play. The staff is helpful and friendly. My husband ordered a drink that unfortunately was not at the right flavor level. He told the staff and they made him a new drink that was to his liking.,,positive,positive,,,positive,"positive, negative",,positive,,,,,5,i love bing s boba the taro snow is my go to drink definitely the best boba spot in tucson the place is always clean they have board games for you to play the staff is helpful and friendly my husband ordered a drink that unfortunately was not at the right flavor level he told the staff and they made him a new drink that was to his liking,69,339,positive
nm7K01NxcCt1RrDTfARzDA,I went here with some friends and I would recommend this place for some great drinks. They have some unique cocktails and cordials. But I was disappointed in the food.  It was just bland and nothing exciting.  The service was pleasant but it didn't make the food any better. Come here if you're looking for a variety of booze but don't come hungry.,negative,positive,,,,positive,positive,,,,positive,,,3,i went here with some friends and i would recommend this place for some great drinks they have some unique cocktails and cordials but i was disappointed in the food it was just bland and nothing exciting the service was pleasant but it didn t make the food any better come here if you re looking for a variety of booze but don t come hungry,66,340,neutral
AqPFMleE6RsU23_auESxiA,"Wow!  Yummy, different,  delicious.   Our favorite is the lamb curry and korma.  With 10 different kinds of naan!!!  Don't let the outside deter you (because we almost changed our minds)...go in and try something new!   You'll be glad you did!",positive,,,,positive,positive,,,,,,,,5,wow yummy different delicious our favorite is the lamb curry and korma with different kinds of naan don t let the outside deter you because we almost changed our minds go in and try something new you ll be glad you did,42,218,positive
iH9u9IvJ54r4s3MsmYOpQg,Beer selection is good. Food is quality. Atmosphere is one of the best on mass ave. the staff is very friendly which makes the meal taste that much better. Wings are quality with good flavor. Always on the list for a quick pint after work.,positive,positive,positive,,,,positive,,,,,,,5,beer selection is good food is quality atmosphere is one of the best on mass ave the staff is very friendly which makes the meal taste that much better wings are quality with good flavor always on the list for a quick pint after work,45,233,positive
QnIh66aZuTHVkHHeDgFUdA,"Slow service, food was just OK. Had the beef and shrimp with vermacelli and lemon chicken. Only two shrimp the size of my pinky. Lemon chicken and beef were a step above Panda Express. 30+ minute wait for food.","neutral, negative, positive",negative,,,,,,,,,,,,3,slow service food was just ok had the beef and shrimp with vermacelli and lemon chicken only two shrimp the size of my pinky lemon chicken and beef were a step above panda express minute wait for food,38,200,neutral
f1YyT-LN1-bFtXcIOpILPQ,OMG this place is the bomb! A local recommended it to us. He mentioned national awards for their donuts and I could see why. I also had a breakfast slider with best bread.  The place has a great authentic industrial rustic neighborhood feel with seating inside and out. Have you ever eaten food that is so good it feels like you're drunk happy as you sit and enjoy it?... this is that kind of place.,positive,,positive,,,positive,,,,,,,,5,omg this place is the bomb a local recommended it to us he mentioned national awards for their donuts and i could see why i also had a breakfast slider with best bread the place has a great authentic industrial rustic neighborhood feel with seating inside and out have you ever eaten food that is so good it feels like you re drunk happy as you sit and enjoy it this is that kind of place,76,388,positive
DPjwAUKDNFWNExkmlOw6qA,"Went with great expectations based on the word of a friend. Ten dollar cab ride there and back from our hotel down town. Gotta say it was  disappointing.  The ""Woodstock"" burger was tasty enough, but for eleven dollars they should have given me two of them. Bun was mushy super market variety and burger was not cooked as ordered (medium rare) I should have known it wouldn't be since the server didn't even ask how I wanted it cooked- I had to tell him after he took the order. I suspect they cook all the burgers the same.  Fries were just plain crappy, limp and burnt. Do not make a special trip 'cause it aint special.",negative,negative,,negative,,negative,,,,,,,,1,went with great expectations based on the word of a friend ten dollar cab ride there and back from our hotel down town gotta say it was disappointing the woodstock burger was tasty enough but for eleven dollars they should have given me two of them bun was mushy super market variety and burger was not cooked as ordered medium rare i should have known it wouldn t be since the server didn t even ask how i wanted it cooked i had to tell him after he took the order i suspect they cook all the burgers the same fries were just plain crappy limp and burnt do not make a special trip cause it aint special,118,603,negative
WNUMiymm2_ruYwvDwPddmg,"Wow, the BBQ Shrimp was killer.  Definitely a must.  Ted and Dwayne did a great job as servers.    I would come back for sure.  The decor is nice and the atmosphere pleasant.",positive,positive,positive,,,positive,,,,,,,,5,wow the bbq shrimp was killer definitely a must ted and dwayne did a great job as servers i would come back for sure the decor is nice and the atmosphere pleasant,32,162,positive
AzQoLK8HJC8PAQcMXQgemQ,"Negative 5 stars. Worst service and slow, 15 minutes for 1 panini. They use microwaves people so its not even fresh, just crap. I'm sure they don't CLEAN them either. Disgusting, Get Real. I will go buy a frozen breakfast sandwhich & cook it my own CLEAN microwave which isn't cooked with everybody else's crap. NEVER AGAIN will go here. Btw i waited so long i got my money back. Keep your crappy sandwhich and enjoy",negative,negative,,,,,,,,,,,,1,negative stars worst service and slow minutes for panini they use microwaves people so its not even fresh just crap i m sure they don t clean them either disgusting get real i will go buy a frozen breakfast sandwhich cook it my own clean microwave which isn t cooked with everybody else s crap never again will go here btw i waited so long i got my money back keep your crappy sandwhich and enjoy,76,396,negative
aAmZXdTpogQHvTDai8lRLA,"I love the owner!  He's amazing!!  The only complaint I have is that the service from the server's isn't that fabulous.  We had our rehearsal dinner here and while the food was OK, the service wasn't good at all.  We waited so long for food and just refills.  My husband and I visit this restaurant for ourselves and have no issues but I would not recommend having a large crowd here.",neutral,negative,,,,positive,,,,,,,,5,i love the owner he s amazing the only complaint i have is that the service from the server s isn t that fabulous we had our rehearsal dinner here and while the food was ok the service wasn t good at all we waited so long for food and just refills my husband and i visit this restaurant for ourselves and have no issues but i would not recommend having a large crowd here,75,371,positive
BMZPy9pEwkuUPGI3DnYRJg,I can say we have been coming to Han D. for the past 7 years or so and have been very happy with our meals .  We like the Americanized menu they serve and the food is better than the other Chinese restaurants in the area . They do not get a 5 as I agree with other posters that each of the few employees have way too many hats to wear. At times I have to get up to hail a waitstaff member rushing by to get their attention for a question or water refill. Hire more staff during busy times !,positive,negative,,,positive,,,,,,,,,5,i can say we have been coming to han d for the past years or so and have been very happy with our meals we like the americanized menu they serve and the food is better than the other chinese restaurants in the area they do not get a as i agree with other posters that each of the few employees have way too many hats to wear at times i have to get up to hail a waitstaff member rushing by to get their attention for a question or water refill hire more staff during busy times,98,476,positive
7IREnRZPKtKlPYxovXvtnA,"i eat at kabob n grill once or twice a week for months now...every single time the restaurant is perfectly clean n the food is always perfect too...every one i have sent there also seems to become a lifetime customer...things are done on a very high level at kabob n grill...i am very fussy n the food i eat is very important to me...it's got to taste great, but it has to be prepared with a very strict n high standard...i have found my extravagantly excellent restaurant in kabob.....i am a mainline business owner 25 years",positive,,positive,,,positive,,,,,,,,5,i eat at kabob n grill once or twice a week for months now every single time the restaurant is perfectly clean n the food is always perfect too every one i have sent there also seems to become a lifetime customer things are done on a very high level at kabob n grill i am very fussy n the food i eat is very important to me it s got to taste great but it has to be prepared with a very strict n high standard i have found my extravagantly excellent restaurant in kabob i am a mainline business owner years,103,505,positive
sw7SDpLFKoFXhJc87geY8A,"Awful! Our fav Chinese restaurant down the street closed their business and we gave this place a try. Very little meat in the 2 dishes we ordered. Very small portions or white rice to pair with the dishes. Crab Rangoon were sad with little filling and over cooked. To top off, they only take cash so I had to leave and make another stop. Will not be back. Plenty of other Chinese American restaurants in town.",negative,,,,,negative,,,negative,,,,,1,awful our fav chinese restaurant down the street closed their business and we gave this place a try very little meat in the dishes we ordered very small portions or white rice to pair with the dishes crab rangoon were sad with little filling and over cooked to top off they only take cash so i had to leave and make another stop will not be back plenty of other chinese american restaurants in town,75,398,negative
uH2nfyVmTNPMac4oAvrRsA,"Loved the comfy couches. Coffee and chai were good. Out of the 3 baristas working here, two were really friendly, and one seemed a bit pissed to be here, not sure why. Anyhow. I waited here a few hours until my car was being worked on. The atmosphere was great. Getting 4 instead of 5 stars bc it wasn't spotless, and the coffee / tea wasn't mind blowingly amazing but I would recommend bc of the comfy couches, free wifi and atmosphere!",,"positive, negative","positive, negative",,,positive,"positive, negative",,positive,,,,,3,loved the comfy couches coffee and chai were good out of the baristas working here two were really friendly and one seemed a bit pissed to be here not sure why anyhow i waited here a few hours until my car was being worked on the atmosphere was great getting instead of stars bc it wasn t spotless and the coffee tea wasn t mind blowingly amazing but i would recommend bc of the comfy couches free wifi and atmosphere,80,417,neutral
z5I6s-50P2C2y-eZLBineA,"Horrible service. Sat there for 20 minutes before server finally came out. Claims no one told her we were there. Guess she couldn't see us. Had to get something quick because we had tickets to the playhouse theater. Got to the restaurant with more than an hour to spare. She took our order and said she would be back with our bread. She never came back. Another 30 minutes passed, so we decided to leave. Just as we were leaving our food showed up. They couldn't believe we were leaving.  Felt good to stick it to them for a 55 minute wait. Luckily the playhouse is a short distance away.",,negative,,,,,,,,,,,,3,horrible service sat there for minutes before server finally came out claims no one told her we were there guess she couldn t see us had to get something quick because we had tickets to the playhouse theater got to the restaurant with more than an hour to spare she took our order and said she would be back with our bread she never came back another minutes passed so we decided to leave just as we were leaving our food showed up they couldn t believe we were leaving felt good to stick it to them for a minute wait luckily the playhouse is a short distance away,109,564,neutral
Gwzds30CAS5hRQ5KwoDIyQ,"This coffee shop is NOT what Nashville is about . unfortunately I could extend that to all of westhaven.  No friendly greeting , in fact, no greeting at all.  The clientele are snobs.  The coffee was merely up to par.  Overall not a great experience, won't be coming back.",,negative,negative,,,negative,neutral,,,,,,,1,this coffee shop is not what nashville is about unfortunately i could extend that to all of westhaven no friendly greeting in fact no greeting at all the clientele are snobs the coffee was merely up to par overall not a great experience won t be coming back,48,257,negative
JVgzkL7QlEJLOsfeNgGZnQ,The food was blah. The server forgot to put our ticket in to the cook so we waited additional time and watched the other tables that came in after us get their food before us. The only good thing was the manager gave us half off on each entree ordered. Definitely would not recommend and will not be back.,negative,negative,,positive,,negative,,,,,,,,3,the food was blah the server forgot to put our ticket in to the cook so we waited additional time and watched the other tables that came in after us get their food before us the only good thing was the manager gave us half off on each entree ordered definitely would not recommend and will not be back,59,301,neutral
mP_WKvaBS2hzhqQd5AOP-Q,Worth the wait and the hype- get the old fashioned buttermilk pancakes with a side of bacon and fruit- I topped my pancakes with bananas and will now die happy. Those pancakes are what dreams are made of!,positive,positive,,,,positive,,,,,,,,5,worth the wait and the hype get the old fashioned buttermilk pancakes with a side of bacon and fruit i topped my pancakes with bananas and will now die happy those pancakes are what dreams are made of,38,200,positive
LuknDwBLHlDSSH4eOHu41g,"Just got a pizza to go and ate it the whole way home  Best pizza ever for real everything was so fresh  I went to the new store at Main Street of Exton  very clean place and seriously the best pizza i have had in a long time got all the toppings i love and more I would highly recommend trying it so worth it   I will be back,,,,,,,,,,,,,,,,,,,,,,,,,,,,,,,,,,,,,,,, I wanted to add my picture but i couldn't do it  by the time i got home i only had one piece left....LOL",positive,,positive,,positive,,,,,,,,,5,just got a pizza to go and ate it the whole way home best pizza ever for real everything was so fresh i went to the new store at main street of exton very clean place and seriously the best pizza i have had in a long time got all the toppings i love and more i would highly recommend trying it so worth it i will be back i wanted to add my picture but i couldn t do it by the time i got home i only had one piece left lol,94,421,positive
dec7nUxUVN2TfoVDGCarzw,Place has really slipped as far as food quality. Pork steak was dry and tough and I wish they'd have let me pick which sauce from the squeeze bottles on the table. The BBQ nachos we'd shared here before many times was soggy and tasteless. We were there early evening Saturday and they weren't busy at all.  I guess words gotten around.   Still good service like before.  Probably not returning.,negative,positive,,,negative,negative,,,,,,,,1,place has really slipped as far as food quality pork steak was dry and tough and i wish they d have let me pick which sauce from the squeeze bottles on the table the bbq nachos we d shared here before many times was soggy and tasteless we were there early evening saturday and they weren t busy at all i guess words gotten around still good service like before probably not returning,73,383,negative
Xwwb5w5Ox0f6JquGsYlJGA,"not many great bars in soco but this comes close.  lots of tvs, good atmosphere. we didn't eat but I'd definitely try the food.  overall a good time.",positive,,positive,,,positive,,,,,,,,5,not many great bars in soco but this comes close lots of tvs good atmosphere we didn t eat but i d definitely try the food overall a good time,30,142,positive
CLWWoalC6c0iN2-CJPvVgg,"The menu isn't extensive but great to go to if you're craving a classic bibimbap.  I would recommend the extra dollar for the stone bowl.  The man who runs the shop is sweet and makes sure you have a good dine in experience.   Also, the location is close to the Magic Gardens.",positive,positive,,positive,negative,,,,,neutral,,,,5,the menu isn t extensive but great to go to if you re craving a classic bibimbap i would recommend the extra dollar for the stone bowl the man who runs the shop is sweet and makes sure you have a good dine in experience also the location is close to the magic gardens,54,267,positive
RMho6HMpdec1YgIypwWQrQ,"My husband and I come here often. We love the food here, it's always fresh and the service is great. We highly recommend this place to anyone who loves sushi & hibachi.",positive,positive,,,positive,positive,,,,,,,,5,my husband and i come here often we love the food here it s always fresh and the service is great we highly recommend this place to anyone who loves sushi hibachi,32,162,positive
okeGytOqkGVVBvAD03dDJQ,"The typical coffee house. Coffee, pastries and such. Staff was OK. Somewhat unprofessional in that they stood behind the counter talking loudly to each other about things not related to work or the task at hand. I ordered a frozen coffee (what they call a Mochasippi) and a bagel. Overall a decent experience, nothing wrong.   Just so anyone who may visit here knows, parking at this location is TERRIBLE! There are a total of approximately 12 spaces, and 2 of those are handicapped. Be prepared to hunt around or use the drive thru.",,"neutral, negative",,,,positive,,,,negative,,,,3,the typical coffee house coffee pastries and such staff was ok somewhat unprofessional in that they stood behind the counter talking loudly to each other about things not related to work or the task at hand i ordered a frozen coffee what they call a mochasippi and a bagel overall a decent experience nothing wrong just so anyone who may visit here knows parking at this location is terrible there are a total of approximately spaces and of those are handicapped be prepared to hunt around or use the drive thru,91,511,neutral
r6hmgcM2r_rGXtS8mdC8lw,My favorite burger in town! The place is confortabke and has a great variety of drinks with bourbon. They should have a reservation policy.,positive,,positive,,,,,,negative,,positive,,,5,my favorite burger in town the place is confortabke and has a great variety of drinks with bourbon they should have a reservation policy,24,136,positive
QP2iSktgbwE3zbp36eeDXQ,It was a group of us and we had issues with our order. We had to send back some of our orders. The coffee was cold the omelette was disgusting taste as though they didn't clean the griddle it was cooked on. Two of my friends had steak and it was burnt!,negative,negative,,,,,negative,,,,,,,1,it was a group of us and we had issues with our order we had to send back some of our orders the coffee was cold the omelette was disgusting taste as though they didn t clean the griddle it was cooked on two of my friends had steak and it was burnt,53,248,negative
nVC7bdUszEj4tqwy2YV4iQ,"I love this place, the best day is Thursday for dollar tacos. The people who make the food are so nice and they know what they're doing and they make excellent food. If you go in there and you want the ""Plan B"", ask them to make it in a wrap for you and it tastes even better. Breakfast is only until 11 am so hurry! BEST IN HYDE PARK!!!!",positive,positive,,positive,positive,positive,,,,,,,,5,i love this place the best day is thursday for dollar tacos the people who make the food are so nice and they know what they re doing and they make excellent food if you go in there and you want the plan b ask them to make it in a wrap for you and it tastes even better breakfast is only until am so hurry best in hyde park,70,323,positive
X3E7PwAKq3zS_hZJkqIGAA,Our first experience here was good - fresh Thai and attentive service. Our other tries were not as pleasant.  The AC wasn't working once and the other time we didn't receive good service. We wanted to support this local restaurant but haven't been impressed.,positive,"positive, negative",negative,,,negative,,,,,,,,3,our first experience here was good fresh thai and attentive service our other tries were not as pleasant the ac wasn t working once and the other time we didn t receive good service we wanted to support this local restaurant but haven t been impressed,46,251,neutral
O3H497kedbA2JS-XMgv3qg,The music and drinks were good. Bouncers were EXTREMELY disrespectful. I would not go back. It's a shame because the music was good and the atmosphere was fun.,,negative,positive,,,negative,positive,,,,,,,3,the music and drinks were good bouncers were extremely disrespectful i would not go back it s a shame because the music was good and the atmosphere was fun,29,155,neutral
MthpHdPYrqIuUhGLGQY5fw,"If you order a salad, be carful for the ingredients.. I found bacon, Spanish in my Fuji Apple salad.. And they did not add the blue cheese... They mess up the general taste of the plate..",negative,,,,,,,,,,,,,1,if you order a salad be carful for the ingredients i found bacon spanish in my fuji apple salad and they did not add the blue cheese they mess up the general taste of the plate,36,176,negative
r0K3LE3H32LqhlLHFdnBxQ,"We discovered this place a few months ago and been here 3 times ao far. Everything is so delicious.  The roles are nice and soft with cinnamon butter, you can even ask for some roles to go. Too bad that we have to travel about an hour to get there.",positive,,,,,,,,,negative,,,,3,we discovered this place a few months ago and been here times ao far everything is so delicious the roles are nice and soft with cinnamon butter you can even ask for some roles to go too bad that we have to travel about an hour to get there,49,240,neutral
sEp1BdgRe60Bl8iA6-mQfA,"I'm fussy about breakfast places. I have to say, I don't know of a better place to go.  Service is super fast, the portions are the right size and everything tastes fresh.  The home fries are not super greasy like other places, the scrambled eggs are always cooked perfectly, bacon is thick and cooked right and the pancakes are awesome! We have been there a couple of times and I have not been disappointed.  Forget the big impersonal chains. For a great LOCAL place, come here.",positive,positive,,,,positive,,,,,,,,5,i m fussy about breakfast places i have to say i don t know of a better place to go service is super fast the portions are the right size and everything tastes fresh the home fries are not super greasy like other places the scrambled eggs are always cooked perfectly bacon is thick and cooked right and the pancakes are awesome we have been there a couple of times and i have not been disappointed forget the big impersonal chains for a great local place come here,88,464,positive
jTAX4ci6tJCeATkF0lK0pQ,Waited longer then we were told. We could not carry  our bar check to our table we were told it's easier for bartender if we just pay it separate.  Staff seemed a little overwhelmed but nice and they were working hard.  Excellent beer selection. Food was good but not much quantity and the amount if fries was comical maybe 8! And the quality was not sufficient to make up for the quantity. Our one burger was under cooked the waiter did get a new burger but then we had to wait and watch my son eat it. My second time there and they  left me with no real reason to go return.,"positive, negative","negative, neutral",,,,negative,positive,,,,,,,3,waited longer then we were told we could not carry our bar check to our table we were told it s easier for bartender if we just pay it separate staff seemed a little overwhelmed but nice and they were working hard excellent beer selection food was good but not much quantity and the amount if fries was comical maybe and the quality was not sufficient to make up for the quantity our one burger was under cooked the waiter did get a new burger but then we had to wait and watch my son eat it my second time there and they left me with no real reason to go return,112,562,neutral
JGEGfOjgpwYgE5WfnehLsA,"Overpriced and the actual cake is frankly overrated. If you order coffee, refills are not free. Good to know in advance. :(  That said, the decor is cute if you're wanting to take a little girl out for a special outing. It's a very cute shabby chic shop if you're into that sort of thing. If you get take out they will give you $10 worth of packaging with your $15 slice of cake.",negative,,positive,negative,,,,negative,,,,negative,,3,overpriced and the actual cake is frankly overrated if you order coffee refills are not free good to know in advance that said the decor is cute if you re wanting to take a little girl out for a special outing it s a very cute shabby chic shop if you re into that sort of thing if you get take out they will give you worth of packaging with your slice of cake,74,359,neutral
4XaZ5kc7NQADZiqoz8dwHw,I must say I was very disappointed I read the reviews and I had high hopes but I would not go back. I ordered 1/2 slab and 1/2bl of the brisket. When I got home to eat the ribs were so burnt that were bitter and impossible to eat. The brisket looked ok but had absolutely no flavor what so ever. I gave it one star for the service which are nice guys but my food was not what to expect,negative,negative,,,,negative,,,,,,,,1,i must say i was very disappointed i read the reviews and i had high hopes but i would not go back i ordered slab and bl of the brisket when i got home to eat the ribs were so burnt that were bitter and impossible to eat the brisket looked ok but had absolutely no flavor what so ever i gave it one star for the service which are nice guys but my food was not what to expect,80,374,negative
amyqRFz3aJ6rjZfcGXySlw,"Horrible food.  Bread sticks totally dry. Mozzarella sticks more salty than salt itself. And the worst tasting, bland, fettuccine alfredo ever.  Gave it a try despite the 1.5 stars but shouldn't have risked it. Wish I could give them a zero.",negative,,,,,negative,,,,,,,,1,horrible food bread sticks totally dry mozzarella sticks more salty than salt itself and the worst tasting bland fettuccine alfredo ever gave it a try despite the stars but shouldn t have risked it wish i could give them a zero,41,227,negative
M2o3TJebXhiY2447Ec_rJQ,Do not go here. Was greeted last though I got there before 2 other people. Then waited 35 minutes for a chicken parmesan. Worst service ever.,,negative,,,,negative,,,,,,,,1,do not go here was greeted last though i got there before other people then waited minutes for a chicken parmesan worst service ever,24,132,negative
nvc35Qr8cURrX75M98UsOQ,"I really love the owners here. They are very friendly and nice. The service is always great and the food tastes good too. One thing I would recommend is changing their pas thai noodles to thicker rice noodles. They use thin rice noodles, but it would taste so much better with slightly thicker noodles. Their pad thai sauce is pretty good as well. I would recommend this place and visit again.",positive,positive,,,negative,positive,,,,,,,,5,i really love the owners here they are very friendly and nice the service is always great and the food tastes good too one thing i would recommend is changing their pas thai noodles to thicker rice noodles they use thin rice noodles but it would taste so much better with slightly thicker noodles their pad thai sauce is pretty good as well i would recommend this place and visit again,71,385,positive
G4Dqo9GaJyETa8E-o3hXKg,"This place has an interesting menu.  The night we went I wasn't feeling particularly adventurous, so I went with a burger.  I ordered my burger well done, it came out probably medium rare, the waiter was apologetic and had a new burger made, which was a bit over cooked, but I wasn't about to send it back again.  My BF had the chicken sandwich, which he enjoyed, and the soup of the day, which was literally too salty to eat.  We shared a salad which was great. The service here was great but the food was just OK.","negative, positive, neutral",positive,,,positive,,,,,,,,,3,this place has an interesting menu the night we went i wasn t feeling particularly adventurous so i went with a burger i ordered my burger well done it came out probably medium rare the waiter was apologetic and had a new burger made which was a bit over cooked but i wasn t about to send it back again my bf had the chicken sandwich which he enjoyed and the soup of the day which was literally too salty to eat we shared a salad which was great the service here was great but the food was just ok,100,497,neutral
7fBw9u2hI0ik_MRuAkX1Yg,This place made an OK surf and turf plate but all and all its something you should skip. Over priced low-end sea-food. We only went for the little guy who wanted to see all the tacky decorations. I'd never go back!,neutral,,negative,negative,,negative,,,,,,,,1,this place made an ok surf and turf plate but all and all its something you should skip over priced low end sea food we only went for the little guy who wanted to see all the tacky decorations i d never go back,44,210,negative
oW4U_2rZY4zSzGrBEGmi4Q,"Meh. King of Pizza has been consistently mediocre for the 20 years I've lived around here. The pizza is hit or miss, but more often than not it's thin and a little burnt. The cheese steaks are on the thin and greasy side and the service has been bad for so long that it's kind of become their trademark. If you're just running in for a slice , I guess it's ok, but there are so many better options in the area.",negative,negative,,,,negative,,,,,,,,1,meh king of pizza has been consistently mediocre for the years i ve lived around here the pizza is hit or miss but more often than not it s thin and a little burnt the cheese steaks are on the thin and greasy side and the service has been bad for so long that it s kind of become their trademark if you re just running in for a slice i guess it s ok but there are so many better options in the area,85,398,negative
wK4eubUgVfv84Crl1vqhkA,"Would probably have gone four stars , but the duck fat fries were not close to some I've had in NYC. The burger was very juicy, cooked as ordered and quite large. The BBQ pulled pork with fried pickle was as good as anything I've had when I lived in NC. Service was good and would go back, but wouldn't bother with the fries. They were fairly bland and not real crunchy as I've had at other spots. Prices are a little on the high side, place is really small, but if you are looking for almost any scotch, bourbon, rye etc., then this a really good place to stop. Enormous selection of whiskeys.","negative, positive",positive,neutral,,,,,negative,,,positive,,,3,would probably have gone four stars but the duck fat fries were not close to some i ve had in nyc the burger was very juicy cooked as ordered and quite large the bbq pulled pork with fried pickle was as good as anything i ve had when i lived in nc service was good and would go back but wouldn t bother with the fries they were fairly bland and not real crunchy as i ve had at other spots prices are a little on the high side place is really small but if you are looking for almost any scotch bourbon rye etc then this a really good place to stop enormous selection of whiskeys,117,577,neutral
ZdjOF1PFSD1_NS9QA1CS2w,"Service wasn't good, wait time wasn't bad but it seemed like our food had been just sitting up in the window because it was so cold. My steak seemed really raw for medium rare. Got no butter with my now tiny rolls. Was really sad paying 40$ for mediocre food. Friends sides came in a styrofoam bowl. Not planning on returning. Sad thing is that it used to be so good. :(",negative,"negative, neutral",,negative,,negative,,,,,,,,1,service wasn t good wait time wasn t bad but it seemed like our food had been just sitting up in the window because it was so cold my steak seemed really raw for medium rare got no butter with my now tiny rolls was really sad paying for mediocre food friends sides came in a styrofoam bowl not planning on returning sad thing is that it used to be so good,72,355,negative
pxQ7GqSva-e-6SdBSzLwDA,This place is terrible.  The hostess was very rude.  The waiter was pretty nice however.  The food was awful and terribly overpriced.  We went when there were very few people there.  The manager fell all over himself trying to make a nearby party welcome while totally ignoring us.  What a disappointment.  AVOID AVOID AVOID,negative,"negative, positive",,negative,,negative,,,,,,,,1,this place is terrible the hostess was very rude the waiter was pretty nice however the food was awful and terribly overpriced we went when there were very few people there the manager fell all over himself trying to make a nearby party welcome while totally ignoring us what a disappointment avoid avoid avoid,54,310,negative
I8LLclE5UOlSOqXP65OPwQ,"They make the best birthday cake HERE, lil pricey but their cake is very very exceptionally good, their bakery is good too, but also a lil pricey, but well worth the extra couple bucks, only downfall to this place is that the people in there don't really speak English, and I have to point at stuff  lol, other than than great place!",positive,negative,,negative,,positive,,"negative, positive",,,,,,3,they make the best birthday cake here lil pricey but their cake is very very exceptionally good their bakery is good too but also a lil pricey but well worth the extra couple bucks only downfall to this place is that the people in there don t really speak english and i have to point at stuff lol other than than great place,63,324,neutral
K_c6hAR6EPFwB8aDphUZ3w,"Stopped in for dinner alone while taking a break from work.  Ordered wings for an appitizer and fish tacos for an entree.  The wings were over cooked and very difficult to eat.  The fish tacos were good.  The prices are thoroughly unreasonable, especially for the atmosphere and quality of food.  Frankly, don't really know how they're so busy.   Would not return.","negative, positive",,negative,,,negative,,negative,,,,,,3,stopped in for dinner alone while taking a break from work ordered wings for an appitizer and fish tacos for an entree the wings were over cooked and very difficult to eat the fish tacos were good the prices are thoroughly unreasonable especially for the atmosphere and quality of food frankly don t really know how they re so busy would not return,63,348,neutral
Ht2KneFcFzgeDBRa0JBu8g,"This place really isn't that good. The atmosphere is sweet, but the food is mediocre at best. I'm always disappointed when I type in middle eastern and this pops up as the best available, it's definitely not.",negative,,positive,,,negative,,,,,,,,3,this place really isn t that good the atmosphere is sweet but the food is mediocre at best i m always disappointed when i type in middle eastern and this pops up as the best available it s definitely not,40,203,neutral
qXYwlzXysEACSzA46feQGA,"Was so disappointed at Frank's yesterday when we found they were out of all fish! Who has a daily ""all you can eat"" fish fry advertised but out of fish at lunch??? So we ordered burgs and had to wait well over 30 minutes for our food. Too many other places to eat out to waste your time waiting at Franks! Oh and $20.00 for 2 cheeseburgers with 5 fries each, nah......won't be back again.",negative,negative,,negative,,negative,,,,,,,,1,was so disappointed at frank s yesterday when we found they were out of all fish who has a daily all you can eat fish fry advertised but out of fish at lunch so we ordered burgs and had to wait well over minutes for our food too many other places to eat out to waste your time waiting at franks oh and for cheeseburgers with fries each nah won t be back again,74,359,negative
NMLgfy8FJCImwSB3_LohSA,"As with all Publix locations I have been to in Florida over the years, this store is much older than the stores in Nashville - and it shows. Despite the age of the building and shelves, this store was clean.  It seems smaller since the stores here also carry a large selection of beach-going items, and have an aisle solely for wine. Somehow it is all cram-packed in there...neatly.  I thought the produce section at this location was very tastefully displayed and well-stocked.   The staff was not engaging, but when asked, helpful.",positive,"negative, positive","negative, positive",,positive,,,,,,positive,,,3,as with all publix locations i have been to in florida over the years this store is much older than the stores in nashville and it shows despite the age of the building and shelves this store was clean it seems smaller since the stores here also carry a large selection of beach going items and have an aisle solely for wine somehow it is all cram packed in there neatly i thought the produce section at this location was very tastefully displayed and well stocked the staff was not engaging but when asked helpful,95,514,neutral
ULfKSXWb4ygg7Vv3k5sqzQ,Uh oh! They serve (bad) prepackaged spinach artichoke dip here. There's almost nothing worse than knowing your meal was assembled from packaged food by someone no more talented than yourself for any money. Don't waste time on breakfast or dinner here. I don't know that it will last serving food like that.,negative,,,,,,,,,,,,,1,uh oh they serve bad prepackaged spinach artichoke dip here there s almost nothing worse than knowing your meal was assembled from packaged food by someone no more talented than yourself for any money don t waste time on breakfast or dinner here i don t know that it will last serving food like that,55,299,negative
GL5KNYxPit0HaNF3w1PKAQ,"Food was actually quite good, and the place has definite New Orleans style and character that I like.  The service was quite poor, though.  I usually read reviews complaining about service with a huge grain of salt and tend to ignore them as coming from whiners who find fault everywhere.  But when I took my family to Jack Dempsey's this weekend, it was the worst service I have had in years.  Inattention, getting the order wrong, very long delays while the waitress was clowning around with old friends at another table (which was not even her table).  I won't be going back, which is a shame because I liked the place and the fried seafood was well above average.",positive,negative,positive,,,negative,,,,,,,,3,food was actually quite good and the place has definite new orleans style and character that i like the service was quite poor though i usually read reviews complaining about service with a huge grain of salt and tend to ignore them as coming from whiners who find fault everywhere but when i took my family to jack dempsey s this weekend it was the worst service i have had in years inattention getting the order wrong very long delays while the waitress was clowning around with old friends at another table which was not even her table i won t be going back which is a shame because i liked the place and the fried seafood was well above average,121,648,neutral
ex-jmc2tN3g5a7qqOOKt-A,I just had delivery from this location.  I am not impressed.  It took an hour and a half to get my pizza delivered to me. When I finally did get the pizza it was barely warm and greasy.  I gave two stars not one because my mom thought the pizza was still tasty. Needless to say I won't be ordering from this location again.,"negative, positive",negative,,,,negative,,,,negative,,,,3,i just had delivery from this location i am not impressed it took an hour and a half to get my pizza delivered to me when i finally did get the pizza it was barely warm and greasy i gave two stars not one because my mom thought the pizza was still tasty needless to say i won t be ordering from this location again,65,314,neutral
SfKcVwwoiPlfMA2SM54JqQ,"Frequently come here during both brunch and dinner. Food is always great, and this place is one of the only diners that I know of that has a bar.   Service is sometimes a toss up as we've had great service and horrible service on various visits, but with a place that is always open, I can't complain for convenience.",positive,"positive, negative",,,,positive,,,,,positive,,,5,frequently come here during both brunch and dinner food is always great and this place is one of the only diners that i know of that has a bar service is sometimes a toss up as we ve had great service and horrible service on various visits but with a place that is always open i can t complain for convenience,61,309,positive
c_OmzmaAvChkyZM3LTcuBQ,"Really nice staff but mediocre Italian food served luke warm.   We went here for a large group dinner around Christmas mostly because it was a BYOB and there was no fixed menu for a group of 10.   We ordered numerous appetizers including, fried gnocchi, calamari, garlic pizza bread, fried zucchini.   It was all just ok.   The main courses were unadventurous Italian American selections.  The sauces were just meh.   Three of us ordered 3 different chicken dishes and they all came out with the same sauce.   Boring.  Although the staff was very accommodating, the food was too lack luster to return.","negative, neutral",positive,,,,,,,,,,,,1,really nice staff but mediocre italian food served luke warm we went here for a large group dinner around christmas mostly because it was a byob and there was no fixed menu for a group of we ordered numerous appetizers including fried gnocchi calamari garlic pizza bread fried zucchini it was all just ok the main courses were unadventurous italian american selections the sauces were just meh three of us ordered different chicken dishes and they all came out with the same sauce boring although the staff was very accommodating the food was too lack luster to return,98,568,negative
O0F7jO27Y6v3xywAxLPr3A,Been good other times ... This time was a total let down .. I think they are going through new ownership ... I will give them one more try but if it is anything like this meal we just had ... They will  not be open long .. It's sad,negative,,,,,"positive, negative",,,,,,,,3,been good other times this time was a total let down i think they are going through new ownership i will give them one more try but if it is anything like this meal we just had they will not be open long it s sad,46,212,neutral
RzBZe8mtJacwtKkFvuo2mA,"Service great, food awful  We went there for a Sunday brunch. Our waitress was great, provided nice service.  Wine was great too. BUT the food was horrible. Something as simple as omelet was not eatable. It was cold, too oily and just didn't taste well. Potatoes that came with it were of strange color and didn't taste the way they were suppose to. I had much better omelette sat regular diners.",negative,positive,,,,,positive,,,,,,,1,service great food awful we went there for a sunday brunch our waitress was great provided nice service wine was great too but the food was horrible something as simple as omelet was not eatable it was cold too oily and just didn t taste well potatoes that came with it were of strange color and didn t taste the way they were suppose to i had much better omelette sat regular diners,73,383,negative
6L_b_pqZ0UBj8kSdx8GD4g,"As far as cheese goes, they have a good selection, but I would usually go next door.  The mozzerela is good, but often times sold out.  I believe they only make cows milk and not buffalo mozzerela, which is not my favorite. For bread, again I would go next door as well. For groceries, they have the best stock in the market.  However the prices are pretty bad.  If you are in a jam and need a single Italian cooking ingredient, they probably have it, but you're probably over paying. The staff is very friendly and helpful.  They hang a lot of meat at the counter, so the interaction at the counter is awkward because you're looking around hanging meat.",positive,positive,negative,,"positive, negative",,,negative,,,,,,3,as far as cheese goes they have a good selection but i would usually go next door the mozzerela is good but often times sold out i believe they only make cows milk and not buffalo mozzerela which is not my favorite for bread again i would go next door as well for groceries they have the best stock in the market however the prices are pretty bad if you are in a jam and need a single italian cooking ingredient they probably have it but you re probably over paying the staff is very friendly and helpful they hang a lot of meat at the counter so the interaction at the counter is awkward because you re looking around hanging meat,122,631,neutral
MDd6ndWo-NKn4sMy6UvgnQ,"This is everything I want in take out food - fresh, yummy, and relatively healthy. I also love that there is a good to go place in Northern Liberties that is convenient - there is not enough of that!",positive,,,,,positive,,,,negative,,,,3,this is everything i want in take out food fresh yummy and relatively healthy i also love that there is a good to go place in northern liberties that is convenient there is not enough of that,37,191,neutral
zIkHQhyyIVtzi9pAwFhvsw,It's a airforce coffee stand... not much to write home about. The staff are nice and the beer selection is good. The only downside is if you are trying to get your caffeine fix in the morning get there early because you and half the hotel seems to be in line for a cuppa.,,"positive, negative",,,,negative,positive,,,,,,,1,it s a airforce coffee stand not much to write home about the staff are nice and the beer selection is good the only downside is if you are trying to get your caffeine fix in the morning get there early because you and half the hotel seems to be in line for a cuppa,55,265,negative
cfPVFtLfYtjrf317IWNJCg,"This place continued to be below average. Small servings, esp with the meat, and servers who are more in a hurry than to be attentive to the customers needs. Mildly flavorful but when Freebirds arrives from Austin, it will put this place and Chipotle to shame.",negative,negative,,negative,,negative,,,,,,,,1,this place continued to be below average small servings esp with the meat and servers who are more in a hurry than to be attentive to the customers needs mildly flavorful but when freebirds arrives from austin it will put this place and chipotle to shame,46,254,negative
TpX0ze4bK1RBsuadYwWrjw,My eyes r still watering .. What the heck the smell of ammonia was overpowering at the bar .. Food service and ambience don't matter when u can not breathe ! Really this was bad . Can not imagine what happened to require that disinfecting ...,,negative,negative,,,negative,,,,,,,,1,my eyes are still watering what the heck the smell of ammonia was overpowering at the bar food service and ambience don t matter when you can not breathe really this was bad can not imagine what happened to require that disinfecting,42,232,negative
zPtx8jOEN8fMPkW4veywFg,"We went on a Friday night. The service was horrible!  We were the only ones in the dining are and it took 15 minutes to have the waiter to place our order.  The waiter mumbled and never asked us what spice/heat level we wanted our food.  Well what we received was bland, bland, bland! When we asked to take our food home.  The waiter just gave us the plastic containers and walked away.  Never asked if he could pack for us or took the food to the back to pack it.   We have eaten Indian in West Philly to Singapore.  I have never seen the lack of level of attention.  Save your $65.",negative,negative,,,negative,,,negative,,,,,,1,we went on a friday night the service was horrible we were the only ones in the dining are and it took minutes to have the waiter to place our order the waiter mumbled and never asked us what spice heat level we wanted our food well what we received was bland bland bland when we asked to take our food home the waiter just gave us the plastic containers and walked away never asked if he could pack for us or took the food to the back to pack it we have eaten indian in west philly to singapore i have never seen the lack of level of attention save your,112,554,negative
boKBIfuNJI2dobR55WLe-w,"Ordered their chicken fajita and fish chips.  Chicken was really good, fish and chips not so much. Portions sizes were too little, for the price I would expect a little more. Drinks were alright.","positive, negative",,,negative,,,neutral,negative,,,,,,3,ordered their chicken fajita and fish chips chicken was really good fish and chips not so much portions sizes were too little for the price i would expect a little more drinks were alright,34,188,neutral
WEt2q1i6NmLWdmDLr-winA,"Very poor experience, the waiter was very rude. The AC doesn't work well and can't cool the place. Food is poor, if you have to go just have a salad.",negative,negative,negative,,,negative,,,,,,,,1,very poor experience the waiter was very rude the ac doesn t work well and can t cool the place food is poor if you have to go just have a salad,32,144,negative
DIRohs5uJ5kqBtSwZDZ1_w,"Freedom toast = check, freedom fries = check, awesome breakfast food = check.  The is a greek owned pancake house (hence the over doing it on naming the food) and is a great alternative to your larger chain pancake houses such as Robert Evans, IHopity hop, and Mr. Dennys.   We eat here every new years day, typically around 2 pm when we drag ourselves out of a drunken slumber to brave the bitter cold. They never have a problem seating our group of about 12-15 and are pleasant and quick service.   The energetic owner likes to roam around making sure everything is going well. In my opinion, the food is also better than the chains. The secret ingredient is love.",positive,positive,positive,,,positive,,,,,,,,5,freedom toast check freedom fries check awesome breakfast food check the is a greek owned pancake house hence the over doing it on naming the food and is a great alternative to your larger chain pancake houses such as robert evans ihopity hop and mr dennys we eat here every new years day typically around pm when we drag ourselves out of a drunken slumber to brave the bitter cold they never have a problem seating our group of about and are pleasant and quick service the energetic owner likes to roam around making sure everything is going well in my opinion the food is also better than the chains the secret ingredient is love,115,631,positive
UNZs2ANeTQ_8eom0HASsKg,"I will say this, the place looks cute and is not a disaster like the previous place.  I've been in twice and been disappointed both times.  My last visit, I ordered ahead for cupcakes for my daughters birthday.  Went in, spoke with the owner and discussed what I wanted and a pick up time.  They didn't have my order ready when they said they would.  I'm pretty sure they took the day old cupcakes from the display and took the old frosting off and then frosted them while I'll waited.  Then charged me $20 for 12 regular sized cupcakes.  Nothing fancy. Will not be back.  Plus all the tables were dirty and no one seemed to really be working.",negative,negative,"positive, negative",negative,,negative,,,,,,,,3,i will say this the place looks cute and is not a disaster like the previous place i ve been in twice and been disappointed both times my last visit i ordered ahead for cupcakes for my daughters birthday went in spoke with the owner and discussed what i wanted and a pick up time they didn t have my order ready when they said they would i m pretty sure they took the day old cupcakes from the display and took the old frosting off and then frosted them while i ll waited then charged me for regular sized cupcakes nothing fancy will not be back plus all the tables were dirty and no one seemed to really be working,121,615,neutral
SEVGMtRZpXEfIbQ_WhZ7dA,"Inspect your food before you put it in your mouth! Ordered the Spicy Tuna Roll last night and am now battling the worst case of food poisoning the world has ever known - think projectile vomiting- . The tuna was mushy and the color was too dark, like it had been sitting out at room temperature all day. This place needs to be inspected. Avoid this place.",negative,,negative,,,negative,,,,,,,,1,inspect your food before you put it in your mouth ordered the spicy tuna roll last night and am now battling the worst case of food poisoning the world has ever known think projectile vomiting the tuna was mushy and the color was too dark like it had been sitting out at room temperature all day this place needs to be inspected avoid this place,65,345,negative
dIZegYrM8qlIsCcztwJdgQ,"Love this spot! I've been here twice now, trying different dishes each time, and the food is consistently very good.   Food: get the fried chicken. Also, get the Mac and cheese. You can feel guilty about it later.   Atmosphere: cute and cozy with I've music. Just be warned that sitting near the musician means you won't be able to hear much of anything else.   Service: always prompt and courteous!",positive,positive,"positive, negative",,,positive,,,,,,,,3,love this spot i ve been here twice now trying different dishes each time and the food is consistently very good food get the fried chicken also get the mac and cheese you can feel guilty about it later atmosphere cute and cozy with i ve music just be warned that sitting near the musician means you won t be able to hear much of anything else service always prompt and courteous,72,379,neutral
eMqBvX7-QzDeDBLGNPODqw,"We visited Village Bakehouse after reading the reviews and were very happy we did. The place has such a homey feel, but small. We waited a few minutes for a table, but were occupied looking at all the goodies. The breakfast prices are very reasonable, under $5 for many items. Pecan sticky bun was amazing!",positive,neutral,positive,positive,,positive,,,,,,,,5,we visited village bakehouse after reading the reviews and were very happy we did the place has such a homey feel but small we waited a few minutes for a table but were occupied looking at all the goodies the breakfast prices are very reasonable under for many items pecan sticky bun was amazing,54,295,positive
ndEiWLwOyaEqltoKcBF7hQ,"They have a super yummy menu priced really well. My favorite part is the outdoor bar/sitting area. Love the couches and fire pits! Music is great, line-dancing on the weekends and live music sometimes too! The bartenders are awesome, great drink specials. And their bloody mary's are AMAZING, made with their BBQ sauce, so good! My favorite menu item is the BBQ chicken pizza!",positive,positive,positive,,,,positive,positive,,,positive,,,5,they have a super yummy menu priced really well my favorite part is the outdoor bar sitting area love the couches and fire pits music is great line dancing on the weekends and live music sometimes too the bartenders are awesome great drink specials and their bloody mary s are amazing made with their bbq sauce so good my favorite menu item is the bbq chicken pizza,67,365,positive
xVeH1kTzduC6HJ1FyHBGzQ,"Stopped in for takeout and got a half chicken and lomo saltado. The lomo saltado was delicious. My husband saved the white meat chicken for me (it's usually my favorite) and unfortunately, it was inedibly dry. Hubs said the dark meat was amazing though, so hopefully my white meat dryness was a fluke. I would definitely go back for both the chicken and lomo saltado.","positive, negative",,,,,positive,,,,,,,,3,stopped in for takeout and got a half chicken and lomo saltado the lomo saltado was delicious my husband saved the white meat chicken for me it s usually my favorite and unfortunately it was inedibly dry hubs said the dark meat was amazing though so hopefully my white meat dryness was a fluke i would definitely go back for both the chicken and lomo saltado,66,358,neutral
mBHvJg2-j3hiI_OJYVaMXg,"Popular place. Large servings.  Avoid the omelets, but the other breakfast entrees look good.  Lots of flies in the dining room.","negative, positive",,negative,,positive,positive,,,,,,,,3,popular place large servings avoid the omelets but the other breakfast entrees look good lots of flies in the dining room,21,121,neutral
qXyQf3kw8aVIVLrJm11KeQ,Bar downstairs and upstairs.  People were line dancing when I came in.  Opted for the second floor bar and watched a few people on a little mechancical bull....a mechanical sheep really.   Balcony was the most fun.  There was a roudy bunch out there so we all had a good time.,,,positive,,,,,,,,,,,5,bar downstairs and upstairs people were line dancing when i came in opted for the second floor bar and watched a few people on a little mechancical bull a mechanical sheep really balcony was the most fun there was a roudy bunch out there so we all had a good time,51,263,positive
IU2KKGqk7Gdfu1qrjfhkjg,"I'm loving this whole fresh local food trend. It makes me feel so healthy (even though it may not be).   So the last time I was there, I ordered the Spicy Avocado and Lime kale and grain bowl. It was delicious!! It was so filling that I was able to share it with someone else. The fiancee ordered the buffalo chicken burger and wasn't all that impressed. He said it was kind of boring. So I guess it's a hit or miss depending on what you order.  My only complaint would be some of the employees - having to deal with unpleasant people kind of ruins your dining experience just a bit.","positive, negative",negative,,,positive,,,,,,,,,3,i m loving this whole fresh local food trend it makes me feel so healthy even though it may not be so the last time i was there i ordered the spicy avocado and lime kale and grain bowl it was delicious it was so filling that i was able to share it with someone else the fiancee ordered the buffalo chicken burger and wasn t all that impressed he said it was kind of boring so i guess it s a hit or miss depending on what you order my only complaint would be some of the employees having to deal with unpleasant people kind of ruins your dining experience just a bit,114,565,neutral
DEDYyVHbVJ0IwfBiK2540w,"Got there and lady's was not welcoming but neutral asking if we were ready. Took a while then finally I ordered a special chicken sandwhich.  9 almost 10 dollars for that lemonade and fries(medium). Sat down and my order was ready in less then a minute.  Excited because I was starving then upon opening it looked so dryyyy tasted dry, outside was crunchy. Friends burger was greasy like dripping grease. Fries and drink was bomb. Didn't bother complaining just ate and left. Had to go to pole vault summit. Decided to leave a review instead.","negative, positive","negative, positive",,,,,positive,,,,,,,3,got there and lady s was not welcoming but neutral asking if we were ready took a while then finally i ordered a special chicken sandwhich almost dollars for that lemonade and fries medium sat down and my order was ready in less then a minute excited because i was starving then upon opening it looked so dryy tasted dry outside was crunchy friends burger was greasy like dripping grease fries and drink was bomb didn t bother complaining just ate and left had to go to pole vault summit decided to leave a review instead,96,521,neutral
AriNsqQhD-XzrLo6omIAyQ,"Some people don't like the kitsch of a Mongolian BBQ, but I do.  I love being able to mix up my own meal and my own sauces and have someone else cook it.     Mongolian of Eagle is great.  Located in a strip mall.  It is the cleanest, brightest lit Mongolian BBQ restaurant I have been in.  There is a wide selection of items to include in your meal.  Beef, chicken, and pork.  No lamb.  Service is friendly and quick.    Judging by the high schoolers in at lunch break, it is a very popular place.  If you are in the area and interested in a quick, casual meal, this is the place to try.",,positive,positive,,positive,positive,,,,,,,,5,some people don t like the kitsch of a mongolian bbq but i do i love being able to mix up my own meal and my own sauces and have someone else cook it mongolian of eagle is great located in a strip mall it is the cleanest brightest lit mongolian bbq restaurant i have been in there is a wide selection of items to include in your meal beef chicken and pork no lamb service is friendly and quick judging by the high schoolers in at lunch break it is a very popular place if you are in the area and interested in a quick casual meal this is the place to try,114,554,positive
a1WQHMLaT9TojRBYHrrqWA,What has happened?  Have been going to Simply Thai for many years.  Recent experience was sub- par. Service was terrible.   Crispy tofu is NOT fried soup noodles.  Who are the white people there?  Does anyone know the story?  Oh my!,negative,negative,,,,negative,,,,,,,,1,what has happened have been going to simply thai for many years recent experience was sub par service was terrible crispy tofu is not fried soup noodles who are the white people there does anyone know the story oh my,40,216,negative
X7rsF70P7iQpNzUc_dRVow,"Great place for really good Greek dining.  Even though touristy area, this is authentic Greek food served with care and excellent ingredients.  Very fair prices too. Nice Greek wine list with beers and Greek liquors.  Staff is knowledgeable and very helpful.  We've been here several times and never disappointed.   Busy place but they handle it well.  Great appetizers (ump-Pagels) and big selection of great Greek dessert.  We shared a Gyro platter with 3 appetizers and dessert and price was less than $40.  Great buy for exquisite lunch.   I will return.",positive,positive,,positive,,positive,,positive,,,positive,,,5,great place for really good greek dining even though touristy area this is authentic greek food served with care and excellent ingredients very fair prices too nice greek wine list with beers and greek liquors staff is knowledgeable and very helpful we ve been here several times and never disappointed busy place but they handle it well great appetizers ump pagels and big selection of great greek dessert we shared a gyro platter with appetizers and dessert and price was less than great buy for exquisite lunch i will return,90,527,positive
M2uQZs0rnlUijHSmGx4zHA,Came in after attending the Zurich Classic golf tournament. It was a warm and a bit humid so what tastier then a ice cream cone? I lucked out and found a parking space on the street. The interior is quite cute and comfy.  The selection here is crazy huge but after sampling a couple of unusual flavors I went with the scoop of cookie monster ice cream on a cone. The ice cream hit the spot and I enjoyed it BC it wasn't overly sweet.  Creole Creamery was definitely worth checking out!,positive,,positive,,positive,positive,,,,,,,,5,came in after attending the zurich classic golf tournament it was a warm and a bit humid so what tastier then a ice cream cone i lucked out and found a parking space on the street the interior is quite cute and comfy the selection here is crazy huge but after sampling a couple of unusual flavors i went with the scoop of cookie monster ice cream on a cone the ice cream hit the spot and i enjoyed it bc it wasn t overly sweet creole creamery was definitely worth checking out,93,476,positive
vLeQf-87uPLbf2MWjUrqeg,"Had lunch here today. My cheeseburger was a 10/10 with an avocado on top. I also had the ""ranchero fries"" which are French fries with ranch, cheese, and tomatoes on top! The only thing keeping this awesome lunch spot from being 5 star would be the fact that it took a significant amount of time to get out food when the restaurant was relatively pretty slow.",positive,negative,,,,positive,,,,,,,,5,had lunch here today my cheeseburger was a with an avocado on top i also had the ranchero fries which are french fries with ranch cheese and tomatoes on top the only thing keeping this awesome lunch spot from being star would be the fact that it took a significant amount of time to get out food when the restaurant was relatively pretty slow,64,342,positive
adGKWWhHQNwGnbLFkE6Jfg,"Sorry fellas, this place closed.   It is set to be replaced with a Stadium Bar & Grill. It's a shame because I actually liked this place. It wasn't much to look at, but the food was decent and the prices were reasonable.",positive,,negative,positive,,positive,,,,,,,,3,sorry fellas this place closed it is set to be replaced with a stadium bar grill it s a shame because i actually liked this place it wasn t much to look at but the food was decent and the prices were reasonable,43,210,neutral
PD-PWOGIESnEE1vVueXSKQ,I went here on a date with my girl friend and we decided to eat outside.  It was beautiful  but cold so I wish they had put the heaters on.  Other than that it was very good.  My salad was perfect and I would definitely get the chicken parmigiana again.  My girlfriend had some sort of seafood medley pasta on special which was excellent.  I forget what the dessert was called but it was like a creme puff filled with vanilla ice cream and covered with cocolate. I would reccomend that.  I will go back.,positive,,negative,,,positive,,,,,,,,3,i went here on a date with my girl friend and we decided to eat outside it was beautiful but cold so i wish they had put the heaters on other than that it was very good my salad was perfect and i would definitely get the chicken parmigiana again my girlfriend had some sort of seafood medley pasta on special which was excellent i forget what the dessert was called but it was like a creme puff filled with vanilla ice cream and covered with cocolate i would reccomend that i will go back,95,488,neutral
WUJfweoJurjkzmkZ1C-ZGA,"Getting to really like the Trident! Bar server Cody did it All!! She was helpful, efficient and friendly! Good combination!  Fried dill pickles complimented the Arrogant Bastard and Cold Snap my husband hD. We have to come back for a Real meal!! Happy Hour prices also helped!",positive,positive,,,,positive,positive,,,,,positive,,5,getting to really like the trident bar server cody did it all she was helpful efficient and friendly good combination fried dill pickles complimented the arrogant bastard and cold snap my husband hd we have to come back for a real meal happy hour prices also helped,47,265,positive
zyWcynpTTkXaM3bfyALlBg,"Ew. I don't know what upsets me more, the borderline gross food or how much I had to pay for it. We waited forever to get into this place which served me a relatively tasteless burger on an incredibly soggy McDonald's quality bun and the saltiest fries I have ever eaten. Yes, truffle oil is delicious, but pouring it over burned, greasy fries does not a delicious, 16 dollar meal make. We won't be back.","negative, positive",negative,,negative,,negative,,,,,,,,3,ew i don t know what upsets me more the borderline gross food or how much i had to pay for it we waited forever to get into this place which served me a relatively tasteless burger on an incredibly soggy mcdonald s quality bun and the saltiest fries i have ever eaten yes truffle oil is delicious but pouring it over burned greasy fries does not a delicious dollar meal make we won t be back,77,391,neutral
UDcUQUbUWhmyaNsMgVVNVA,"Went for Sunday brunch. Arrived a little after 11 and the place was empty. Service was friendly and helpful. Prices on food were good, but drink prices were a little high. Definitely cheaper in Old City. Anyway, the food was great. Fresh and hot and huge portions; neither of us could come close to finishing. Only food complaint was the bacon was way under cooked; needs to be crisper. By the time we left, the place had started to fill up, so get there early for a spot. Definitely will return.","positive, negative",positive,,positive,positive,positive,,,,,,negative,,3,went for sunday brunch arrived a little after and the place was empty service was friendly and helpful prices on food were good but drink prices were a little high definitely cheaper in old city anyway the food was great fresh and hot and huge portions neither of us could come close to finishing only food complaint was the bacon was way under cooked needs to be crisper by the time we left the place had started to fill up so get there early for a spot definitely will return,90,477,neutral
3SNP-lbx_aNnTSfy2ZYw9g,"Stopped by for cheesecake with no one in line, and was ignored by three people before one of them finally acknowledged me. Got the turtle cheesecake. The cheesecake itself was okay. The toppings along with it made it better. These are really like cheesecake sundaes. I should've gotten a regular size. The large was two servings worth.","neutral, positive",negative,,,negative,,,,,,,,,5,stopped by for cheesecake with no one in line and was ignored by three people before one of them finally acknowledged me got the turtle cheesecake the cheesecake itself was okay the toppings along with it made it better these are really like cheesecake sundaes i should ve gotten a regular size the large was two servings worth,58,327,positive
CmA6tu-8tLhxf5VLErCRWA,"Been there twice because it use to be right around the corner.  It's not the worst place but their claim of making any flavor you can think of isn't exactly all that genuine.  The staff is young and cute and clean, the prices are high.  I'd still rather go to Shake Shack, even if it's not as ""healthy.""",,positive,,,negative,positive,,negative,,,,,,5,been there twice because it use to be right around the corner it s not the worst place but their claim of making any flavor you can think of isn t exactly all that genuine the staff is young and cute and clean the prices are high i d still rather go to shake shack even if it s not as healthy,62,292,positive
hv5lP-aJc6-ra4brlTeyeA,"Went on a Saturday around lunch time. Very quiet. I was about the only one there. Sushi was ok. Ordered the eel roll and the Screaming Tuna roll. The eel on the roll was minuscule and the roll was dominated by enormous pieces of cucumber. The tuna roll was better and topped with scallions and masago. The obligatory side of ginger (which I'm not sure is really necessary) was of the kind dyed red, completely unnatural. Ginger is pale yellow or tan colored. Cordial service by the only server but he seemed bored as did the chef behind the counter.  Might try again if I'm in the mood and in the area.","neutral, negative, positive",neutral,neutral,,,,,,,,,,,3,went on a saturday around lunch time very quiet i was about the only one there sushi was ok ordered the eel roll and the screaming tuna roll the eel on the roll was minuscule and the roll was dominated by enormous pieces of cucumber the tuna roll was better and topped with scallions and masago the obligatory side of ginger which i m not sure is really necessary was of the kind dyed red completely unnatural ginger is pale yellow or tan colored cordial service by the only server but he seemed bored as did the chef behind the counter might try again if i m in the mood and in the area,114,587,neutral
JUq88BgAVEuQ9r1i4MV4-w,I ve been to Grand lux many times and I feel like it no longer has the fire it used to have. This used to be a higher end cheesecake factory but now it is similar to its sister company in more ways then one..... I honestly would prefer cheesecake factorys food because I feel like they are more established and consistent.,positive,,negative,,,negative,,,,,,,,3,i ve been to grand lux many times and i feel like it no longer has the fire it used to have this used to be a higher end cheesecake factory but now it is similar to its sister company in more ways then one i honestly would prefer cheesecake factorys food because i feel like they are more established and consistent,62,315,neutral
8GZbCEMxrbqmRinDbfHWVQ,"After trying a few ramen places with crazy variety in their selections and stellar broth, I was not too excited about the ramen I got at Cheu.  Maybe it's a matter of taste, but personally, I was not a fan of their thick noodles, and extremely salty broth.    The service was great, and they had a nice selection of beers!  The friend I went with loved it, and has been many times.  Honestly, I'm just sorry I wasn't a bigger fan.  But I hope others try it for themselves.  I might just be an oddball out on this one.",negative,positive,,,,,,,,,positive,,,1,after trying a few ramen places with crazy variety in their selections and stellar broth i was not too excited about the ramen i got at cheu maybe it s a matter of taste but personally i was not a fan of their thick noodles and extremely salty broth the service was great and they had a nice selection of beers the friend i went with loved it and has been many times honestly i m just sorry i wasn t a bigger fan but i hope others try it for themselves i might just be an oddball out on this one,102,495,negative
hAB0sQSE43p0Ml_-fdGKOw,"Nice bar to relax, smoke a cigar and enjoy a drink. My bartender, Adrian, made me a fantastic dirty martini.",,positive,positive,,,,positive,,,,,,,5,nice bar to relax smoke a cigar and enjoy a drink my bartender adrian made me a fantastic dirty martini,20,103,positive
FByjI2jITjuKb7unai_Pdw,"I had to make a stop to get one of the staples, the hand grenade!  This drink will get you twisted so be ready in advance. I had two and my night was filled with dancing, singing, laughter, and all the makings of an incredible evening in New Orleans.   Your drink will last you a while and when you feel like you're finished it seems to be more waiting. Great place and great staff!  They were quick getting you in and getting you back out. Cheers!",,positive,,,,positive,,,,,,,,5,i had to make a stop to get one of the staples the hand grenade this drink will get you twisted so be ready in advance i had two and my night was filled with dancing singing laughter and all the makings of an incredible evening in new orleans your drink will last you a while and when you feel like you re finished it seems to be more waiting great place and great staff they were quick getting you in and getting you back out cheers,87,433,positive
TpS5r76pP2ArDzinSgn70Q,Don't have much negative to say. Family ate here before our first lightning game and everyone enjoyed the meal. We are partial to Mexican cuisine and it didn't disappoint although offering complimentary chips and salsa like every other Mexican restaurant in the US would have been nice.,positive,,,,"positive, negative",,,,,,,,,5,don t have much negative to say family ate here before our first lightning game and everyone enjoyed the meal we are partial to mexican cuisine and it didn t disappoint although offering complimentary chips and salsa like every other mexican restaurant in the us would have been nice,49,283,positive
t7axwatX4GDNj4rcadIWcQ,"Traveler's Rest is an old mansion located deep inside a residential area near the Franklin Pike. It is small, in contemporary view quite plebeian for a plantation house, and is hard to find.  There's an exhibit on the original owner of the house, John Overton, a friend of Andrew Jackson and influential Tennessean in his own right, as well as some exhibits on the Battle of Nashville, which occurried right off the property.  It's decently expensive at $10 and difficult to find, and unless you are a Civil War buff, its not really worth the effort  (to those that are interested in the Civil War, there are much more interesting sites down in Franklin).",,,negative,,,,,negative,,negative,,,,1,traveler s rest is an old mansion located deep inside a residential area near the franklin pike it is small in contemporary view quite plebeian for a plantation house and is hard to find there s an exhibit on the original owner of the house john overton a friend of andrew jackson and influential tennessean in his own right as well as some exhibits on the battle of nashville which occurried right off the property it s decently expensive at and difficult to find and unless you are a civil war buff its not really worth the effort to those that are interested in the civil war there are much more interesting sites down in franklin,116,633,negative
Q8k6bndVPPDAQl9KuU9POA,"Food used to great years ago but getting really chintzy.  Beef with broccoli, thin tough pieces of beef, six slices covered in veggies.  Not many people, and seeing dirty aqarium while eating not indusive to fine dining,",negative,,negative,,,,,,,,,,,1,food used to great years ago but getting really chintzy beef with broccoli thin tough pieces of beef six slices covered in veggies not many people and seeing dirty aqarium while eating not indusive to fine dining,37,212,negative
p198qZsKOMCUhgdtRWsOKQ,"After my ROTD  yesterday of a different Sweet CeCe's location, I realized that I had never reviewed my local source!  Anyway, I love the product.  Love love love.  And I usually like their selection of toppings - good mix between healthy and not-so-healthy.  Sometimes the girls working there aren't really paying attention or are nowhere to be found.  Sometimes you have to remind them of their deals (like $5 Friday).  But I can't give it less than 4 stars because I just love it so much.",positive,negative,,,positive,positive,,positive,,,,,,5,after my rotd yesterday of a different sweet cece s location i realized that i had never reviewed my local source anyway i love the product love love love and i usually like their selection of toppings good mix between healthy and not so healthy sometimes the girls working there aren t really paying attention or are nowhere to be found sometimes you have to remind them of their deals like friday but i can t give it less than stars because i just love it so much,88,465,positive
ZFiN3_hSL1lZGU4xL9QwyA,Love love love.     This place us a great vibe with an authentic feel!!   The free coffee is a major plus!    Definitely need to come back!,,,positive,,,positive,,,,,,positive,,5,love love love this place us a great vibe with an authentic feel the free coffee is a major plus definitely need to come back,25,125,positive
EmoEe8L3jTOUTOyhCMMdXw,"I am sorry to complain about such a beautiful place.  The food we ordered was just lousy.    The mac and cheese had very little cheese, no flavor, just some flavorless crab on a lot of breaded macaroni.  The fish tacos were dry, the cole slaw on them tasteless  We did have a very good bartender, Ryan, so that is why there are some stars on this review.  The chef needs to get with it.",negative,positive,positive,,,,,,,,,,,3,i am sorry to complain about such a beautiful place the food we ordered was just lousy the mac and cheese had very little cheese no flavor just some flavorless crab on a lot of breaded macaroni the fish tacos were dry the cole slaw on them tasteless we did have a very good bartender ryan so that is why there are some stars on this review the chef needs to get with it,74,369,neutral
wn6ylp4IcoCt-yib8ut4SQ,"My medical office had our Christmas party in 2016 at The Depot Craft Brewery Distillery.  Food was EXCELLENT.  Employees were courteous and professional.  We were in the upstairs large group gathering room, which was awesome. We had a bartender and servers all to ourselves.  Did I mention the food was EXCELLENT!!!!!!!!!!!  Only con? Parking for us arriving at 5 pm was waaaaaaaay in the back behind the building and it was raining that night.  :(",positive,positive,positive,,,,,,,negative,,,,3,my medical office had our christmas party in at the depot craft brewery distillery food was excellent employees were courteous and professional we were in the upstairs large group gathering room which was awesome we had a bartender and servers all to ourselves did i mention the food was excellent only con parking for us arriving at pm was waay in the back behind the building and it was raining that night,72,407,neutral
N-tN6LvgjrfpPKHmMyuyEg,"I absolutely love the summer tiki hut feel of the place! Great for grabbing drinks and just hanging out.  I ordered shrimp tacos. They were pretty good. Nothing out of this world, but not bad either!  The service was great and enjoyed talking  to our server. Everything was very reasonably priced too! I will definitely be back!",positive,positive,positive,,,positive,,positive,,,positive,,,5,i absolutely love the summer tiki hut feel of the place great for grabbing drinks and just hanging out i ordered shrimp tacos they were pretty good nothing out of this world but not bad either the service was great and enjoyed talking to our server everything was very reasonably priced too i will definitely be back,57,316,positive
H9ffvnupAc3Yuhph_7GP4A,"Visited this restaurant for the first time on a Saturday night.  If you want good Italian food and reasonable prices, this is certainly a good choice.  However, I wouldn't give it five stars (or even four stars) based on this visit.  First of all, there was a considerable delay between the time we finished our salads and the serving of the entree (the server was apologetic about this).  Also, my Chicken Francese was tender and tasty, but swimming in an excessive amount of lemon sauce.","positive, negative",negative,,,,positive,,positive,,,,,,3,visited this restaurant for the first time on a saturday night if you want good italian food and reasonable prices this is certainly a good choice however i wouldn t give it five stars or even four stars based on this visit first of all there was a considerable delay between the time we finished our salads and the serving of the entree the server was apologetic about this also my chicken francese was tender and tasty but swimming in an excessive amount of lemon sauce,86,471,neutral
_ofccT9KIv1j7StmF-REFQ,"Fantastic grilled oysters to start. Muffeletta was good. White chocolate bread pudding was amazing.  Service was very good.  I disliked my blackberry basil margarita, it was not good at all. I told the staff, but they didn't take it away or off the tab :(",positive,"positive, negative",,,,,negative,,,,,,,5,fantastic grilled oysters to start muffeletta was good white chocolate bread pudding was amazing service was very good i disliked my blackberry basil margarita it was not good at all i told the staff but they didn t take it away or off the tab,45,243,positive
6lj-OTugXLu8am0vmdTZ_A,"Kind of a cool spot. We were there when it was pretty dead, but the layout is cool and the bowling lanes are just fine.  Run a little loose.  Good selection of beer and the crew was pretty nice.  It would be nice to see the place when it's hopping.",,"negative, positive","negative, positive, neutral",,,positive,,,,,positive,,,3,kind of a cool spot we were there when it was pretty dead but the layout is cool and the bowling lanes are just fine run a little loose good selection of beer and the crew was pretty nice it would be nice to see the place when it s hopping,51,239,neutral
JV4njJC0FkDxuRrnljAtUA,"Change the name of this place to ""$12 a night just to park at this dump"" and maybe there is a chance at more than one star because I never made it past the less than persuasive garage attendant. It is trashy but common to charge customers park if you are located downtown or adjacent to the airport. This place is neither and has no excuse. It is located at the corner of bad neighborhood and interstate noise.",,,negative,,,negative,,negative,,negative,,,,1,change the name of this place to a night just to park at this dump and maybe there is a chance at more than one star because i never made it past the less than persuasive garage attendant it is trashy but common to charge customers park if you are located downtown or adjacent to the airport this place is neither and has no excuse it is located at the corner of bad neighborhood and interstate noise,77,400,negative
Za2Ulul5bVTXE3azxkZlzg,"Such a nice- looking place, but they need to get their act together as far as service.  A little too slow.  The server was great!  Once we received our food, we all enjoyed our selections.",positive,"negative, positive",positive,,,,,,,,,,,5,such a nice looking place but they need to get their act together as far as service a little too slow the server was great once we received our food we all enjoyed our selections,35,178,positive
mCeSdomqytwXc4uyQBMulQ,All the food options in D terminal are horrifically bad. This is not much better than the rest.  I got to the terminal a little before 5am and nothing was open. Not even a coffee stand. This was the first place to open so I went for a sausage egg and cheese bagel and  a cup of coffee for a stupid $11 and change.   The bagels had so much grease on it I had to take the whole thing apart and pat it down - it was vile. Never eat here if you value your stomach.,negative,,,,,negative,,,,,,negative,,1,all the food options in d terminal are horrifically bad this is not much better than the rest i got to the terminal a little before am and nothing was open not even a coffee stand this was the first place to open so i went for a sausage egg and cheese bagel and a cup of coffee for a stupid and change the bagels had so much grease on it i had to take the whole thing apart and pat it down it was vile never eat here if you value your stomach,94,442,negative
zi1OWH-ZwQktTBH--FOASw,"A friend suggested that we go to biscuits for brunch. By the sound of the name you wouldn't think it was Mexican food but it was. It was fairly large on the inside and pretty clean. The table we sat at was small for the amount of food they give you. I got a Belgian Waffle with pecans and hash browns. The waffle was huge and the hash browns were perfect. I also tried their mimosas but that was somewhat of a disappointment. Something was off, I think the orange juice was bad. It just didn't taste right. Over all the service was good and our food came our pretty fast. I'd go back but probably for dinner next time.",positive,positive,"positive, negative",,,positive,negative,,,,,,,3,a friend suggested that we go to biscuits for brunch by the sound of the name you wouldn t think it was mexican food but it was it was fairly large on the inside and pretty clean the table we sat at was small for the amount of food they give you i got a belgian waffle with pecans and hash browns the waffle was huge and the hash browns were perfect i also tried their mimosas but that was somewhat of a disappointment something was off i think the orange juice was bad it just didn t taste right over all the service was good and our food came our pretty fast i d go back but probably for dinner next time,123,606,neutral
AbQjvuQjem-mAGBuVBHLSw,"It's a family owned restaurant, the environment is good, food was not served very fast but they definitely taste good. One thing, it is really over priced, extremely pricey.............",positive,negative,positive,,,,,negative,,,,,,5,it s a family owned restaurant the environment is good food was not served very fast but they definitely taste good one thing it is really over priced extremely pricey,30,167,positive
yygV2ktXH-FgTgwe6-vvCw,"Solid rice and fresh vegetables. Pricey for what you get, although understandable given that the location is on South St. Also try the panjeon (Korean pancake) and yukgaejang (beef stew) on a cold winter day. Small restaurant, seems like most people take their food to go. Very friendly staff.",positive,positive,,negative,,,,,,,,,,3,solid rice and fresh vegetables pricey for what you get although understandable given that the location is on south st also try the panjeon korean pancake and yukgaejang beef stew on a cold winter day small restaurant seems like most people take their food to go very friendly staff,49,282,neutral
tEH1IuhR8TBpt5bdsfx3ow,"Ok, loving the fact that when I wanna satisfy the taste for cheesesteak but since I don't eat meat I can get one that taste like the real thing and not some bland veggie version.  It's a dump inside like most pizza places, and the people that work there are so rude, it was a big turn off.  I'll just be getting delivery from there now on and not dealing with the clowns that work in there at the register from now on.",positive,negative,negative,,,,,,,,,,,3,ok loving the fact that when i wanna satisfy the taste for cheesesteak but since i don t eat meat i can get one that taste like the real thing and not some bland veggie version it s a dump inside like most pizza places and the people that work there are so rude it was a big turn off i ll just be getting delivery from there now on and not dealing with the clowns that work in there at the register from now on,86,410,neutral
j_KTxYP65H3AMvsDVZerLQ,"I had high hopes for this one, because it would have been convenient, but I won't be going back. I will say that the prices are decent and the place is pretty cool, but the quality is less than good. Got home and noticed that the haircut was lopsided...",negative,,,,,positive,,positive,,,,,,3,i had high hopes for this one because it would have been convenient but i won t be going back i will say that the prices are decent and the place is pretty cool but the quality is less than good got home and noticed that the haircut was lopsided,50,245,neutral
bC0IAhPpk08mVSzMWmM8hg,"The atmosphere was nice but laid back. We didn't have to wait at 7 on a tues. The food was okay. It may be what we ordered, the quinoa burger was mushy, I do not suggest it.  The oysters were undercooked but seemed fresh. Fast service but could have been more personable.","neutral, negative","positive, neutral",positive,,,,,,,,,,,3,the atmosphere was nice but laid back we didn t have to wait at on a tues the food was okay it may be what we ordered the quinoa burger was mushy i do not suggest it the oysters were undercooked but seemed fresh fast service but could have been more personable,52,260,neutral
AbxNswDUmKaoaYInFAQURw,"It was a blah place, grill mahi sandwich was decent, chips good, waffle fries not so good...the atmosphere was mediocre, wait staff was fine so I may go again for a drink but that is probably it!","neutral, positive, negative",neutral,negative,,,negative,,,,,,,,3,it was a blah place grill mahi sandwich was decent chips good waffle fries not so good the atmosphere was mediocre wait staff was fine so i may go again for a drink but that is probably it,38,188,neutral
4rab1QZpVwKSZoqBJE1XmA,Great spot! Also has breakfast until 3 vs many places which end at 11. The eggs Benedict and eggs Florentine were delicious. Strawberry mimosa was a bit sweet but good. Bloody mary is bomb! Server was very nice.,positive,positive,,,,positive,positive,,positive,,,,,5,great spot also has breakfast until vs many places which end at the eggs benedict and eggs florentine were delicious strawberry mimosa was a bit sweet but good bloody mary is bomb server was very nice,36,200,positive
kX65Dhnis6-uRBfWBZbKyQ,"I hesitated before venturing out for my first Burger Up outing because I think of burger joints as the kinds of places that make me feel bloated and miserable when I leave.  Portion sizes are just right at Burger Up.  The buns are great, their onion rings are awesome.    I particularly enjoy the pimento cheese burger, and their bloody marys are perfect on a Saturday mid afternoon.    My only complaint would be the communal tables, but to be fair, the crowd seems to respect boundaries.  Wine by the glass prices are a bit steep, too.  Stick to beer.",positive,,"negative, positive",,,,positive,,,,,negative,,3,i hesitated before venturing out for my first burger up outing because i think of burger joints as the kinds of places that make me feel bloated and miserable when i leave portion sizes are just right at burger up the buns are great their onion rings are awesome i particularly enjoy the pimento cheese burger and their bloody marys are perfect on a saturday mid afternoon my only complaint would be the communal tables but to be fair the crowd seems to respect boundaries wine by the glass prices are a bit steep too stick to beer,98,531,neutral
5x6JIL3q0UR30foWSy0giw,Food and atmosphere is nice. As one should expect in the CBD. Sometimes the back room can be stuffy on a busy day. I recommend the raw oysters and burgers. A few dollars on the high side for lunch.,positive,,"positive, negative",negative,,,,,,,,,,3,food and atmosphere is nice as one should expect in the cbd sometimes the back room can be stuffy on a busy day i recommend the raw oysters and burgers a few dollars on the high side for lunch,39,192,neutral
bgHYA5Kpb5LuBHEQFKyw0Q,We live close by so decided to go here. Not up to expectations. The tv's were blasting loud and the place was not that clean especially considering how few people were in there. The food was very average. There are a lot of other better options out there.,neutral,,negative,,,negative,,,,,,,,1,we live close by so decided to go here not up to expectations the tv s were blasting loud and the place was not that clean especially considering how few people were in there the food was very average there are a lot of other better options out there,49,250,negative
3A1ziMeMVD1BShVrAF3alQ,"Terrible service. Waited in line for an hour and finally the hostess told us they were ""suspending seating because the kitchen is backed up"", on  Saturday evening! Don't waste your time there...",,negative,,,,negative,,,,,,,,1,terrible service waited in line for an hour and finally the hostess told us they were suspending seating because the kitchen is backed up on saturday evening don t waste your time there,33,185,negative
16cQevkVNr2vGKxVBu2xmQ,The service was awful. The restaurant was empty and me and my friend didn't even get our drinks until a little before our food arrived which was almost an hour!  My coffee cup had lipstick on it and I had to holler at my waitress  before she ran off! That wasn't the only issue. I can go on forever. I am also still trying to figure out if crepes are served cold. I didn't even ask them because I knew I'd get a lie.   Please go to another ihop. It's not worth it here.,negative,negative,negative,,,negative,negative,,,,,,,1,the service was awful the restaurant was empty and me and my friend didn t even get our drinks until a little before our food arrived which was almost an hour my coffee cup had lipstick on it and i had to holler at my waitress before she ran off that wasn t the only issue i can go on forever i am also still trying to figure out if crepes are served cold i didn t even ask them because i knew i d get a lie please go to another ihop it s not worth it here,99,456,negative
KLiYG5nsM6rjLDmqXOHBGw,The food was mediocre and the staff was even worse. We waited 30 minutes for fried pickles. The only thing going for this place that I could tell was the atmosphere!,negative,negative,positive,,,,,,,,,,,3,the food was mediocre and the staff was even worse we waited minutes for fried pickles the only thing going for this place that i could tell was the atmosphere,30,159,neutral
ZDiQWIieyFCz3cOxORMECg,"Terrible terrible terrible. Out of 6 meals we ordered to go, 5 had to be thrown away. We were missing half the components that were supposed to be part of the meal (no buns for our burgers, no fries that were supposed to come with it) items which were described as vegetarian came with bacon, it was just a major fail all the way around. The few components that we did try were completely flavorless. We will never go back or order from here again. Waste of time and money as I then had to go home make make dinner.",negative,negative,,,,negative,,negative,,,,,,1,terrible terrible terrible out of meals we ordered to go had to be thrown away we were missing half the components that were supposed to be part of the meal no buns for our burgers no fries that were supposed to come with it items which were described as vegetarian came with bacon it was just a major fail all the way around the few components that we did try were completely flavorless we will never go back or order from here again waste of time and money as i then had to go home make make dinner,98,500,negative
hqOIVQgO9cn0oILzWFAvNg,"My wife & I had a very enjoyable first visit to Bici this evening (Saturday). Very friendly and knowledgeable staff, casual but stylish decor, no kids present but there were kids items on the menu (so I guess we were in the right place at the right time!). Food was very good overall and we especially liked the Tuna Nicoise and Mushroom Ragu over Polenta. Chicken Picata was ok but too oily or buttery. The 3-huumus selection was also very good.   I'm sure we'll be back and would recommend it highly. On this night the friendly staff made the experience extra nice.","positive, negative",positive,positive,,,positive,,,,,,,,3,my wife i had a very enjoyable first visit to bici this evening saturday very friendly and knowledgeable staff casual but stylish decor no kids present but there were kids items on the menu so i guess we were in the right place at the right time food was very good overall and we especially liked the tuna nicoise and mushroom ragu over polenta chicken picata was ok but too oily or buttery the huumus selection was also very good i m sure we ll be back and would recommend it highly on this night the friendly staff made the experience extra nice,103,547,neutral
zgyMyUxdN_ZjUYTAZ9xq2A,"I visited the new Paoli location. BIG selection of tasty donuts. It's about time--the cardboard impostors found at Dunkin are so lame compared to these beauties. Salted Caramel, Bacon Maple, Lemon--now you're talking my language. Breakfast sandwiches, muffins, and bagels, oh my.",positive,,,,positive,,,,,,,,,5,i visited the new paoli location big selection of tasty donuts it s about time the cardboard impostors found at dunkin are so lame compared to these beauties salted caramel bacon maple lemon now you re talking my language breakfast sandwiches muffins and bagels oh my,46,267,positive
pnkuvgFW7EbQLa1JBq-m_w,"We loved this place! Very nice atmosphere, the live piano was a nice touch. The view is amazing, the dining room is practically over the water!!   I recommend staring with the steamed mussels, the sauce it comes with is to die for! For our main course we both had the stuffed grouper which was also great. When most restaurants say crab stuffed something, they mean breading with a little crab. Not here, there was so much crab I don't know if there was any breading. And sooo good!!   For a side, get the Parmesan risotto also amazing!  We had such a good time we are sure to visit next time we are in town!",positive,,positive,,,positive,,,,,,,,5,we loved this place very nice atmosphere the live piano was a nice touch the view is amazing the dining room is practically over the water i recommend staring with the steamed mussels the sauce it comes with is to die for for our main course we both had the stuffed grouper which was also great when most restaurants say crab stuffed something they mean breading with a little crab not here there was so much crab i don t know if there was any breading and soo good for a side get the parmesan risotto also amazing we had such a good time we are sure to visit next time we are in town,115,584,positive
lDTzEr8pOYIlQHzPz3Hr1Q,"It's a very small restaurant with very friendly service. We came on a Sunday morning and it was packed with customers. Fortunately we didn't have to wait very long to get our table. Our meals where flavorful and hot which didn't take long to receive. Also, I really liked  the hot red sauce that was on the table. They have a very large menu and will have to go back for lunch.",positive,positive,,,positive,positive,,,,,,,,5,it s a very small restaurant with very friendly service we came on a sunday morning and it was packed with customers fortunately we didn t have to wait very long to get our table our meals where flavorful and hot which didn t take long to receive also i really liked the hot red sauce that was on the table they have a very large menu and will have to go back for lunch,75,369,positive
jJ8A1k6EtWnY4qVvqr4ywQ,"I really liked the atmosphere and the fresh and yummy ingredients. I'm still trying to find the best pizza place in Reno and I give this three stars for their delicious salads and toppings but minus two stars because I like thinner, whole wheat crust. Still doesn't compare to mom's homemade pizza's!","positive, negative",,positive,,negative,positive,,,,,,,,3,i really liked the atmosphere and the fresh and yummy ingredients i m still trying to find the best pizza place in reno and i give this three stars for their delicious salads and toppings but minus two stars because i like thinner whole wheat crust still doesn t compare to mom s homemade pizza s,56,296,neutral
xZDBrxP915TEjhfYE9WjKA,"Meh. Thats really all I have to say about this place. Food was OK, service was awful. The bartenders were more concerned about texting and laughing with their friends than bringing another drink. I will be back to see if maybe it was a fluke but at this point I doubt it.",neutral,negative,,,,negative,,,,,,,,1,meh thats really all i have to say about this place food was ok service was awful the bartenders were more concerned about texting and laughing with their friends than bringing another drink i will be back to see if maybe it was a fluke but at this point i doubt it,52,265,negative
MfBAwMzo0sXymh9MNWZOOg,"I've been here 3 times so far and each time I thoroughly enjoyed my experience. I've tried the peanut butter infused cold brew and iced americano I liked them both.  My mom had the cortado which she raved about. But the treats they home make here are my favorite part. Like the chocolate chia pudding topped with toasted coconut and raspberries is DELICIOUS :) Also the PB ball with chia seeds, coconut, oats, and chocolate chips goes perfectly with my coffee. This coffee shop is unique and has its own charm I love it!",positive,,positive,,,positive,positive,,,,,,,5,i ve been here times so far and each time i thoroughly enjoyed my experience i ve tried the peanut butter infused cold brew and iced americano i liked them both my mom had the cortado which she raved about but the treats they home make here are my favorite part like the chocolate chia pudding topped with toasted coconut and raspberries is delicious also the pb ball with chia seeds coconut oats and chocolate chips goes perfectly with my coffee this coffee shop is unique and has its own charm i love it,94,505,positive
fNJSDElIORaKkQ3KWFqXlg,"I walked in here not knowing where I was going or what kind of food they would have to offer, very late around 1am on a Friday night & boy am i glad I did! SO DELICIOUS! I had the Doner Berlin with chicken and added Chickpeas and lettuce to it (along with the cabbage, tomatoes, onions, cilantro, feta & cucumbers that come on the doner already)...IT WAS INCREDIBLE!!! They call this a ""sandwich"" but this is like a gigantic pita only it has a more bread like yet crispy texture. The spicy tzatziki sauce it comes with was so good I had to get more on the side!   I can't wait to come back and try something else!",positive,,,,positive,positive,,,,,,,,5,i walked in here not knowing where i was going or what kind of food they would have to offer very late around am on a friday night boy am i glad i did so delicious i had the doner berlin with chicken and added chickpeas and lettuce to it along with the cabbage tomatoes onions cilantro feta cucumbers that come on the doner already it was incredible they call this a sandwich but this is like a gigantic pita only it has a more bread like yet crispy texture the spicy tzatziki sauce it comes with was so good i had to get more on the side i can t wait to come back and try something else,119,587,positive
BS3Q67l2d2R1_o1MT9Gn5g,"This place is a pretentious dump.  The wine selection is basic and grossly overpriced.  I live in San Francisco and can regularly pay $25 for wines that cost $45 here.  NOLA is supposed to be less (not more) expensive than SF.  The cheese offerings are also grocery store basic and way overpriced.  The staff are snooty and uninformed.  You can tell they get by selling swill to rubes, as no oenophile would set foot in this place twice.  Nice concept, but horrible execution.  I appreciate that New Orleans is not a cheese and wine town, but the people and tourists of NOLA deserve much better than this.",negative,negative,,negative,,negative,negative,,,,,negative,,1,this place is a pretentious dump the wine selection is basic and grossly overpriced i live in san francisco and can regularly pay for wines that cost here nola is supposed to be less not more expensive than sf the cheese offerings are also grocery store basic and way overpriced the staff are snooty and uninformed you can tell they get by selling swill to rubes as no oenophile would set foot in this place twice nice concept but horrible execution i appreciate that new orleans is not a cheese and wine town but the people and tourists of nola deserve much better than this,105,575,negative
syCv_F27-QFWLc6DZDM_2w,"If I could give them 0 stars I would. Horrible customer service. I order my coffee as follows, cold brew, no water, 2 shots. This tote always gives me and issue with this order saying that they cannot make it as follows, although the app offers that as an option for online ordering, and every other Starbucks out there has zero complications with this order. Infuriating.",,negative,,,,,,,,,negative,,,3,if i could give them stars i would horrible customer service i order my coffee as follows cold brew no water shots this tote always gives me and issue with this order saying that they cannot make it as follows although the app offers that as an option for online ordering and every other starbucks out there has zero complications with this order infuriating,64,358,neutral
UnpjMkNZRrvqWbfnFpeKtg,We order food for the office from here all the time.  The food is healthy but doesn't taste bad.  They offer a variety of foods from chicken salad salads to peanut butter and jelly in peta bread.  They also offer soups and smoothies.  They deliver right to our office floor.,positive,,,,positive,,,,,,positive,,,5,we order food for the office from here all the time the food is healthy but doesn t taste bad they offer a variety of foods from chicken salad salads to peanut butter and jelly in peta bread they also offer soups and smoothies they deliver right to our office floor,51,265,positive
dBRyao_LV6yNwSy8iDhbFw,Chocolate mint martini was amazing. Girlfriend had chocolate covered banana martini and loved it. We split the standing banana split and the home made Icecream is the best I have had,positive,,,,,,positive,,,,,,,5,chocolate mint martini was amazing girlfriend had chocolate covered banana martini and loved it we split the standing banana split and the home made icecream is the best i have had,31,180,positive
rdsyqxHX6dIS8Dx74q4qvw,"I hate places that brag about their local heirloom ingredients and then serve the same crap everyone else does. Since when did grape tomatoes become heirlooms? Local vegetables in January? Hardly likely. Be honest and admit you are a bar with average food with above average prices. Service was snotty and you really felt like they were doing you a favor by coming to your table. Serve cream or at least something white with the coffee, maybe the heirloom heritage cow was off for the day?",negative,negative,,,negative,,,negative,,,negative,,,1,i hate places that brag about their local heirloom ingredients and then serve the same crap everyone else does since when did grape tomatoes become heirlooms local vegetables in january hardly likely be honest and admit you are a bar with average food with above average prices service was snotty and you really felt like they were doing you a favor by coming to your table serve cream or at least something white with the coffee maybe the heirloom heritage cow was off for the day,86,481,negative
a7OCV3oJEsLZwPhqboz5wA,"What center city lacks in Korean food, Eden delivers. The food is delicious, plentiful and completely homemade (the lady makes her own pickles and kimchi). My husband and I eating here, and the very kindly owner can make a wide variety of dishes, from cod stew to fried chicken, as well as the restaurants back home in Seoul. This is a family-run restaurant, where the proprietress and her husband man the kitchen and the sushi bar, and her sweet daughters wait the tables. Absolutely recommended.",positive,positive,,,positive,positive,,,,,,,,5,what center city lacks in korean food eden delivers the food is delicious plentiful and completely homemade the lady makes her own pickles and kimchi my husband and i eating here and the very kindly owner can make a wide variety of dishes from cod stew to fried chicken as well as the restaurants back home in seoul this is a family run restaurant where the proprietress and her husband man the kitchen and the sushi bar and her sweet daughters wait the tables absolutely recommended,86,483,positive
kGJJ6ec_bNx9w0FIBKFOrg,Have become increasingly unimpressed with the Asian food on Delmar. Got the chengdu spicy chicken which tasted no different than chicken from a fried chicken place. Rice that came with it was incredibly boring even for rice. Servings were way too much. Server was not attentive to table enough and appeared there was only one server for full restaurant. The only thing justifying one stars was the inside of the restaurant was nice.,negative,negative,positive,,negative,,,,,,,,,3,have become increasingly unimpressed with the asian food on delmar got the chengdu spicy chicken which tasted no different than chicken from a fried chicken place rice that came with it was incredibly boring even for rice servings were way too much server was not attentive to table enough and appeared there was only one server for full restaurant the only thing justifying one stars was the inside of the restaurant was nice,73,426,neutral
xqp0pnO0PfBkaFRNaVImYw,My husband had the 6 oz pepperloin meal and was very happy with it. I had the shrimp kabob meal. There were only 4 shrimp and they were more then well done and very small.  The service was good. The restaurant was not busy.,"positive, negative",positive,,,,,,,,,,,,3,my husband had the oz pepperloin meal and was very happy with it i had the shrimp kabob meal there were only shrimp and they were more then well done and very small the service was good the restaurant was not busy,42,213,neutral
TC1OoDsyGTCdWXDCARIpQg,"#NOLAtourism #chifoodie #foodtourism We did the jazz evening cruise.  The band played two sets both great.  The table service was attentive and the drinks were responsibly priced and in some cases cheap.  However... this is definitely a one time only tourist thing to do.  The narration on the boat was informative but way too short.  And most unfortunately food at the buffet was not traditional Creole fare-- instead it was the same buffet we could have a had a convention in Milwaukee.  If you choose to do this cruise-- buy the cruise only tickets, enjoy the drinks, the view and the band.  Eat before, afterwards or both.  Three stars for the experience.  One star for food.",,positive,positive,,negative,,,,,,,positive,,5,nolatourism chifoodie foodtourism we did the jazz evening cruise the band played two sets both great the table service was attentive and the drinks were responsibly priced and in some cases cheap however this is definitely a one time only tourist thing to do the narration on the boat was informative but way too short and most unfortunately food at the buffet was not traditional creole fare instead it was the same buffet we could have a had a convention in milwaukee if you choose to do this cruise buy the cruise only tickets enjoy the drinks the view and the band eat before afterwards or both three stars for the experience one star for food,116,647,positive
Vwk33XkYwOtxHDICA0u-Ew,"Good food excellent service, everything was delicious. We ordered firecracker shrimp which came to us quickly we sat at the bar because it was a 3 hour wait to the formal side of the restaurant. They told us you can eat the full menu in the bar area which was true. There was a really good band playing live music, the servers were attentive and we would definitely go back. We ordered alcohol, appetizer, entree, salad, and dessert. We had the salmon and swordfish both were great! Also had HUGE fish tank from famous tv show tanked. Nice views.",positive,"positive, negative",positive,,,positive,,,,,,,,5,good food excellent service everything was delicious we ordered firecracker shrimp which came to us quickly we sat at the bar because it was a hour wait to the formal side of the restaurant they told us you can eat the full menu in the bar area which was true there was a really good band playing live music the servers were attentive and we would definitely go back we ordered alcohol appetizer entree salad and dessert we had the salmon and swordfish both were great also had huge fish tank from famous tv show tanked nice views,98,530,positive
37CkKX9-DsJyHtHbQk_3UA,"We had yummy sandwiches, drinks and shared a huge slice of millionaire cake for lunch.  Although the sandwiches were tasty, neither of us cared for the mustard they used. Also, the ""salad"" that came with the sandwiches was difficult to navigate. Cake was yummy. Very expensive for what we got.","positive, negative",,,,negative,,,negative,,,,,,3,we had yummy sandwiches drinks and shared a huge slice of millionaire cake for lunch although the sandwiches were tasty neither of us cared for the mustard they used also the salad that came with the sandwiches was difficult to navigate cake was yummy very expensive for what we got,50,282,neutral
RMAsTokezafvicMi_rlBuw,"Really great made to order pizza, like a Chipotle for pizza! I had the alligator sausage with pepperoni, onions, mushrooms and jalapeños on mine and it was delicious! Great beer and smores pie too (use the Yelp offer for the smores pie)! Some issues with charging for this free pie but otherwise great service too!",positive,positive,,negative,,,positive,,,,,,,3,really great made to order pizza like a chipotle for pizza i had the alligator sausage with pepperoni onions mushrooms and jalape os on mine and it was delicious great beer and smores pie too use the yelp offer for the smores pie some issues with charging for this free pie but otherwise great service too,56,305,neutral
gJ7fifhiME55IvK6GmYkjA,"I usually steer clear of the chain restaurants (since there are so many other good restaurants here in STL), but eating at Brio was a good choice.  I've had brunch, lunch, and dinner here and all were fantastic.  It was also pretty easy to get last minute reservations.  The mushroom ravioli was delicious...I'd definitely get it again!",positive,positive,,,,"negative, positive",,,,,,,,3,i usually steer clear of the chain restaurants since there are so many other good restaurants here in stl but eating at brio was a good choice i ve had brunch lunch and dinner here and all were fantastic it was also pretty easy to get last minute reservations the mushroom ravioli was delicious i d definitely get it again,60,322,neutral
8913GX_sJyiC_SNQVmE-HA,"This place has really gone down hill.  I always order the same thing - the vegetable samosa chaat - and the last few times it's been a different assortment of ingredients. Today my partner picks up my order and it's in a weird salad container. It was 90% chickpeas, a soggy, in edible mess literally SWIMMING in sauce. Never again.",negative,negative,,,,negative,,,,,,,,1,this place has really gone down hill i always order the same thing the vegetable samosa chaat and the last few times it s been a different assortment of ingredients today my partner picks up my order and it s in a weird salad container it was chickpeas a soggy in edible mess literally swimming in sauce never again,59,315,negative
f0G8L7-Sjk7OfkzQ40C2WQ,"FINALLY!   A Chipotle that I love.  You have restored my faith in you.  The meat is cooked, they give you enough of a serving and the staff is friendly.  I sat outside and ate and people watched.",positive,positive,,,,positive,,,,,,,,5,finally a chipotle that i love you have restored my faith in you the meat is cooked they give you enough of a serving and the staff is friendly i sat outside and ate and people watched,37,184,positive
PEDx4mitXJrqOK_-tvc8KQ,"I bought a groupon for a 4 person buffet and a $25 game card. The games are incredibly expensive. I've been there 2 times before. Everything has gone up. The 'token' games that are there.... $1.25 gets you 4 tokens. Stick with chuck e cheese, food is just as bad, games are half the price.",negative,,,,,,,"negative, positive",,,,,,1,i bought a groupon for a person buffet and a game card the games are incredibly expensive i ve been there times before everything has gone up the token games that are there gets you tokens stick with chuck e cheese food is just as bad games are half the price,51,259,negative
4Qm__MpoQ2H4-NYPlghb0Q,"Always wanted to visit this restaurant since the outside made it seem inviting and fancy. Finally saw the inside and did not expect it to look like a plain, old building. Wasn't impressed. Came here for lunch on a Friday and the service was slow and disorganized. It wasn't even busy. The food didn't make it any better. It was mediocre at best. This will be my first and last time. I'll give two stars since you get free bread, but doesn't almost every Italian spot do that?",negative,negative,negative,,,negative,,,,,,,,1,always wanted to visit this restaurant since the outside made it seem inviting and fancy finally saw the inside and did not expect it to look like a plain old building wasn t impressed came here for lunch on a friday and the service was slow and disorganized it wasn t even busy the food didn t make it any better it was mediocre at best this will be my first and last time i ll give two stars since you get free bread but doesn t almost every italian spot do that,93,464,negative
NS6C65IPeS4n-fe0JNXGEg,"Ok I checked lots of reviews on this place , as there was lots of high ratings, and decided to make my way there which is about 30 minutes. I got there, and was disgusted by the appearance of the exterior, then worse interior. I asked to see menu and then walked out. I didn't even want to think what their kitchen looked like in the back.  Shame on Edmonton if they can rate this place a five star. You definitely pay for wht u get",negative,,negative,,,negative,,negative,,,,,,1,ok i checked lots of reviews on this place as there was lots of high ratings and decided to make my way there which is about minutes i got there and was disgusted by the appearance of the exterior then worse interior i asked to see menu and then walked out i didn t even want to think what their kitchen looked like in the back shame on edmonton if they can rate this place a five star you definitely pay for wht you get,85,420,negative
bed0N65L9E1GyiNsI7BOqg,Had the brisket sandwich with two sides and a drink for 9.99 - Great barbecue at an affordable price. Wonderful side such as potato casserole cream spinach baked beans green beans,positive,,,,,,,positive,,,,positive,,5,had the brisket sandwich with two sides and a drink for great barbecue at an affordable price wonderful side such as potato casserole cream spinach baked beans green beans,29,171,positive
7U3qs7XiyytBH_sUZAeaTg,"Had a great breakfast this morning. Met the manager Nick. Great guy. Loved the fact that he took time to go out of his way to talk to me and ask how my dining experience was. Great spot for the locals as well as the tourists. I had the Big Easy breakfast. Enough food for two. The pancakes were excellent. Good fast service, good food and overall good experience.",positive,positive,,,,positive,,,positive,,,,,5,had a great breakfast this morning met the manager nick great guy loved the fact that he took time to go out of his way to talk to me and ask how my dining experience was great spot for the locals as well as the tourists i had the big easy breakfast enough food for two the pancakes were excellent good fast service good food and overall good experience,69,353,positive
nDqk-3muceg_aU9RnXrpVQ,"The miso soup is salty and wrong. All the cooked meats are a catastrophe (burnt, chewy, nasty etc). The always half-price sushi is stupid.   You're going to get full on rice. The fish itself isn't what I'd call amazing, but it definitely isn't bad. The malibu is pretty satisfying too.","negative, neutral",,,negative,,,positive,,,,,,,1,the miso soup is salty and wrong all the cooked meats are a catastrophe burnt chewy nasty etc the always half price sushi is stupid you re going to get full on rice the fish itself isn t what i d call amazing but it definitely isn t bad the malibu is pretty satisfying too,55,272,negative
UTfU2w1dzcGeEvwqqCOOQA,"I recently visited this diner due to a segment on the local  news in the winter. While the service was OK, the food was LESS than pleasing. It was tasteless and not appetizing at all. The bacon and turkey sausage were like plastic and cardboard- could have went to a fast food joint for that! The only thing worth ordering was the rye toast. Even the cranberry juice was not a good brand of juice. Needless to say I will not be returning. I will visit Michael's if I need a diner or Fairlane Grill in Flourtown. I only gave 2 stars because the service was not bad.","negative, positive",neutral,,,,negative,negative,,,,,,,3,i recently visited this diner due to a segment on the local news in the winter while the service was ok the food was less than pleasing it was tasteless and not appetizing at all the bacon and turkey sausage were like plastic and cardboard could have went to a fast food joint for that the only thing worth ordering was the rye toast even the cranberry juice was not a good brand of juice needless to say i will not be returning i will visit michael s if i need a diner or fairlane grill in flourtown i only gave stars because the service was not bad,108,550,neutral
Mp0lXLWe5pS8_J1fJ9WNyQ,"The food here is hit and miss, especially lately. The popcorn chicken was excellent the first few times, but the last two times it was overly salty and soggy. The noodle dishes are sometimes bright and fresh, but other times are soggy and boring.","positive, negative",,,,,,,,,,,,,3,the food here is hit and miss especially lately the popcorn chicken was excellent the first few times but the last two times it was overly salty and soggy the noodle dishes are sometimes bright and fresh but other times are soggy and boring,44,240,neutral
YnKvsXQ9M6R9d9DjbiviSw,"Place was a nice hidden gem on maggazine st. Donuts for days and bomb sliders. If you want to get fat eat here. Got the maple bacon donut salted caramel donut and coconut cream. All were yum yum. Then got the fried chicken slider oyster, duck, and pork belly sliders. Fried chicken was the best. All needed more spread/sauce but still yummy. Most affordable lunch we had in NOLA",positive,,,,,positive,,positive,,,,,,5,place was a nice hidden gem on maggazine st donuts for days and bomb sliders if you want to get fat eat here got the maple bacon donut salted caramel donut and coconut cream all were yum yum then got the fried chicken slider oyster duck and pork belly sliders fried chicken was the best all needed more spread sauce but still yummy most affordable lunch we had in nola,70,368,positive
sxOiKfWcDxtLXVbnD_FHWA,Mostly kids working that don't care about service. We waited over an hour for our pizza.  When we finally got it the pizza and potatoes were cold. The place is loud and full of drunks on a Saturday night. If you want to get drunk and eat cold pizza its a great place. I won't go back.,negative,negative,negative,,,"positive, negative",,,,,,,,3,mostly kids working that don t care about service we waited over an hour for our pizza when we finally got it the pizza and potatoes were cold the place is loud and full of drunks on a saturday night if you want to get drunk and eat cold pizza its a great place i won t go back,59,277,neutral
ZXt-KRGDhZjC8-TxGWxcFg,Sub par sushi. We ordered 2 rolls and the tuna tower. All were pretty bad. Although the miso was pretty good. Yet the entire time I didn't even get a refill on my ice water; which is pretty rough considering everything has spicy mayo.  Then we sat there for about five-ten minutes with the credit card sitting on the end of the table as a hint that we are ready for our bill but we still had to flag down someone else's waitress to get our bill. We won't be going back.,"negative, positive",negative,,,,negative,,,,,,,,3,sub par sushi we ordered rolls and the tuna tower all were pretty bad although the miso was pretty good yet the entire time i didn t even get a refill on my ice water which is pretty rough considering everything has spicy mayo then we sat there for about five ten minutes with the credit card sitting on the end of the table as a hint that we are ready for our bill but we still had to flag down someone else s waitress to get our bill we won t be going back,95,458,neutral
mp92_tFNH2RVSXoqCOScmg,Very hard to hear your number being called out. They should have a LED display just like the grocery deli department. It is hard to have a conversation at dinner time around 8pm. The place was packed with people. Did have to wait a while for the food to come be ready. You might be better off calling in ahead of time and doing take out. I had the Stir fry tofu. The tofu was a little bland. Stir fry's are all made one after another in same wok. So if you are allergic to something watch out.,negative,negative,negative,,negative,,,,,,,,,1,very hard to hear your number being called out they should have a led display just like the grocery deli department it is hard to have a conversation at dinner time around pm the place was packed with people did have to wait a while for the food to come be ready you might be better off calling in ahead of time and doing take out i had the stir fry tofu the tofu was a little bland stir fry s are all made one after another in same wok so if you are allergic to something watch out,99,482,negative
yCNf7tWAahLZVULW9dEhMw,I've always had good experiences here. The food is creative and tasty and the house wines are decent. Their cocktails are well made but small. I've never had a problem with service but also haven't been here during a super busy time. The patio is a great spot to hang out with friends.,positive,positive,positive,,positive,positive,positive,,,,negative,,,5,i ve always had good experiences here the food is creative and tasty and the house wines are decent their cocktails are well made but small i ve never had a problem with service but also haven t been here during a super busy time the patio is a great spot to hang out with friends,56,280,positive
bQt8QqosIDjDa3h14zTiZg,"Dons is good but not authentic.  If your looking more for drinks than food then this would be your place.  Its certainly an upbeat environment, well lit, decorated well.  Food is ok but again just not authentic.",neutral,,positive,,negative,positive,,,,,,,,5,dons is good but not authentic if your looking more for drinks than food then this would be your place its certainly an upbeat environment well lit decorated well food is ok but again just not authentic,37,202,positive
8X2la4iIscTTYAFUp7M9mA,"like most high end steak places you most likely will get a  good and pricey meal. personally i prefer morton's just b/c i think ruth goes a bit crazy with the butter on their steak and an inferior key lime pie but everything else is pretty comparable. they run a 3 course for 2 special for 89- it might be 99 now?- a couple times a year,  well worth it for that price.","positive, negative",,,negative,,,,positive,,,,,,3,like most high end steak places you most likely will get a good and pricey meal personally i prefer morton s just b c i think ruth goes a bit crazy with the butter on their steak and an inferior key lime pie but everything else is pretty comparable they run a course for special for it might be now a couple times a year well worth it for that price,71,349,neutral
05MMbmO_ABWLaLCRHOyWKg,"Not much left to say about this place. Awesome dining experience. Great   Moroccan food, but certainly not the best I've ever had. The experience is really the bread and butter here. Bring cash! Also,   Wish they would mix up the menu a bit.",neutral,,,,negative,positive,,,,,,,,5,not much left to say about this place awesome dining experience great moroccan food but certainly not the best i ve ever had the experience is really the bread and butter here bring cash also wish they would mix up the menu a bit,44,229,positive
B-7TUHzZyMUsmt5dbUUxlw,"In Reno for the night. Was a bit skeptical because well..it's Reno, but this place far exceeded expectations. Very good Taiwanese food compared to most places I've tried in different cities. My recommendations: 三杯鸡, oyster omlet, and scallion pancake.   There are many other dishes I wish I could try. Will definitely miss this place once I leave.",positive,,,,negative,positive,,,,,,,,5,in reno for the night was a bit skeptical because well it s reno but this place far exceeded expectations very good taiwanese food compared to most places i ve tried in different cities my recommendations oyster omlet and scallion pancake there are many other dishes i wish i could try will definitely miss this place once i leave,59,330,positive
f6R9DJ8XKXAJdjCSUZcxZQ,Food is ok if you like cold fries and alittle chicken on pizza called them back and the girl said you need to talk to walter so he gets on and says where we're busy and the food can't always be hot and also because we live 3 towns over that's why it was cold and he was doing me a favor please people don't go here unless your like in the same town,"neutral, negative",,,,,,,,,negative,,,,1,food is ok if you like cold fries and alittle chicken on pizza called them back and the girl said you need to talk to walter so he gets on and says where we re busy and the food can t always be hot and also because we live towns over that s why it was cold and he was doing me a favor please people don t go here unless your like in the same town,77,346,negative
8aFPCcyLa77wBYItaMXp4w,"Was seated and watched 'the show' between the owner and a server for 15 minutes without getting waited on; they bickered in front of customers. Felt like the twilight zone of restaurants. At one point, the owner sat and talked with another table and we STILL hadn't been waited on. And the restaurant maybe had 5 tables seated!! We finally got up and left. Save yourself the time and money, this restaurant needs a serious overhaul.",,negative,negative,,,negative,,negative,,,,,,1,was seated and watched the show between the owner and a server for minutes without getting waited on they bickered in front of customers felt like the twilight zone of restaurants at one point the owner sat and talked with another table and we still hadn t been waited on and the restaurant maybe had tables seated we finally got up and left save yourself the time and money this restaurant needs a serious overhaul,75,415,negative
tOuYH3g4KKM7-l6xcOLGNQ,"I've never had the opportunity to use the disclaimer that the only reason I gave it one star was because a no-star option was not available...until now. From the beginning the service was absolutely terrible.  When we asked for menus. The server's response was, ""It's posted (inside on a chalkboard...I suggest you take a picture..""  Some food came earlier than the rest...not everyone got silverware...we were told it was in the dishwasher...bad, bad, bad...keep walking past this joint",,negative,,,,negative,,,,,,,,1,i ve never had the opportunity to use the disclaimer that the only reason i gave it one star was because a no star option was not available until now from the beginning the service was absolutely terrible when we asked for menus the server s response was it s posted inside on a chalkboard i suggest you take a picture some food came earlier than the rest not everyone got silverware we were told it was in the dishwasher bad bad bad keep walking past this joint,88,462,negative
ktYOKqtrZVWaWtHH6Emr5A,"Sunday not so fun day at Schlafly. Came in, cool music live outside. Go inside to grab a bite and drink.  We sat inside for around 15 minutes, no server. They had like 4 bartenders, two waitresses and 2 bar backs. Yet, no one even approached.   I do not recommend maplewood on Sunday at all. Bad experience.",,negative,positive,,,negative,,,,,,,,3,sunday not so fun day at schlafly came in cool music live outside go inside to grab a bite and drink we sat inside for around minutes no server they had like bartenders two waitresses and bar backs yet no one even approached i do not recommend maplewood on sunday at all bad experience,54,285,neutral
JK6n6OZ87qgvQUmj3-wcFg,"I have wasted too many hours of my life in this ""Irish Pub"". It's basically a place where dumb business people, stranded travelers and suckers go to eat standard pub food that is overpriced and underwhelming.   I was unfortunately a stranded traveler on Monday and instead of standing out in the blistering heat where the streets reeked of steaming garbage, I decided to suck it up and head into Slainte.   Oh? You want a drink? I hope you have 25 minutes to wait for it. Oh, you want some Whiz Fries? I hope you like fries that are still frozen in the middle.   This place has two redeeming qualities. Clean bathrooms and proximity to 30th Street Station.",negative,negative,,negative,,negative,,,,positive,,,,3,i have wasted too many hours of my life in this irish pub it s basically a place where dumb business people stranded travelers and suckers go to eat standard pub food that is overpriced and underwhelming i was unfortunately a stranded traveler on monday and instead of standing out in the blistering heat where the streets reeked of steaming garbage i decided to suck it up and head into slainte oh you want a drink i hope you have minutes to wait for it oh you want some whiz fries i hope you like fries that are still frozen in the middle this place has two redeeming qualities clean bathrooms and proximity to th street station,117,630,neutral
e1GYYiMDPv7LWtDZae7fuQ,"Sunday Brunch was disappointing.  While there were wonderful items available, many of the hot foods were barely warm, including the coffee.  Our server was very friendly but she didn't offer us the small plate menu until after we had made our selections.  In fact, it was the guy at the omelet station who told us to ask the server for a waffle.  The server also didn't mention the mimosas that were part of the Brunch.   Very pricey for an omelet, cold bacon, cold sausage, cold carved pork and warm coffee. I would have preferred to order from the menu but don't think that was possible.",negative,"positive, negative",,negative,positive,negative,negative,,,,,,,1,sunday brunch was disappointing while there were wonderful items available many of the hot foods were barely warm including the coffee our server was very friendly but she didn t offer us the small plate menu until after we had made our selections in fact it was the guy at the omelet station who told us to ask the server for a waffle the server also didn t mention the mimosas that were part of the brunch very pricey for an omelet cold bacon cold sausage cold carved pork and warm coffee i would have preferred to order from the menu but don t think that was possible,108,570,negative
0zwkv3IogMMdYMVQXdbyAA,Meh. I think maybe Tampa bay just doesn't have great indian food? Is that why there's such good reviews? I've been here for the lunch buffet a few times and am just not impressed. It's just ok.,negative,,,,negative,,,,,,,,,1,meh i think maybe tampa bay just doesn t have great indian food is that why there s such good reviews i ve been here for the lunch buffet a few times and am just not impressed it s just ok,41,188,negative
6gGmJYdPXL-TapYv4_VCMw,So yummy! Best hotdogs in Santa Barbara hands down! Guy is super friendly and helpful. I love how they change it up every week with a different special. Definitely recommend this place you gotta try it.,positive,positive,,,positive,positive,,,,,,,,5,so yummy best hotdogs in santa barbara hands down guy is super friendly and helpful i love how they change it up every week with a different special definitely recommend this place you gotta try it,36,197,positive
cKqTlDvQilciuxnRS7oZnA,"I do like this place. The employees are relaxed and friendly, the pizza and salads are good, and the price is fair.  Also, good location for me.",positive,positive,,,,positive,,positive,,positive,,,,5,i do like this place the employees are relaxed and friendly the pizza and salads are good and the price is fair also good location for me,27,137,positive
cdzCDVXb_9xBDJi80NSq8g,"Disgustingly over priced. They have a wonderful, mouth watering beer selection but c'mon. This is not even NY prices. I realize PA law is part of the problem here but Foodery beer prices are just too high. I have been on boycott for years. I would rather go to one of the great beer bars around or pick up beer in NJ than give this place my $",,,,,,negative,positive,negative,,,,negative,,1,disgustingly over priced they have a wonderful mouth watering beer selection but c mon this is not even ny prices i realize pa law is part of the problem here but foodery beer prices are just too high i have been on boycott for years i would rather go to one of the great beer bars around or pick up beer in nj than give this place my,68,334,negative
r7S1cnhAroikwaJQ1-_jJg,Its okay it one likes overpriced ice cream....'the gotta have' it menu! Nice its 'fixed' in front of you with a few dollops of the stuff and extras.  Without coupons not worth it...cept for those who supposedly have the $ or the credit cards to blow on disposables such as this,,,,negative,,,,,,,,,,1,its okay it one likes overpriced ice cream the gotta have it menu nice its fixed in front of you with a few dollops of the stuff and extras without coupons not worth it cept for those who supposedly have the or the credit cards to blow on disposables such as this,52,263,negative
X_lseu4ykKX0HAidJqfyCw,"I  drove  by  this  restaurant  last  night.  What  a  fun ,  brightly  lit  neighborhood.  I  hope  to  return  and  eat  here.  Looks  like  Florida  has  some  great  new  nightlife. Hidden  somewhere  between  Ybor  City  and  downtown  Tampa....",,,positive,,,,,,,,,,,5,i drove by this restaurant last night what a fun brightly lit neighborhood i hope to return and eat here looks like florida has some great new nightlife hidden somewhere between ybor city and downtown tampa,36,206,positive
bfT488pdiftn85NVg2xiEg,after reading other reviews of this place. Nothing special. Wouldn't take friends to. Unless they weren't very good ones. Service c. Food c.,negative,negative,,,,negative,,,,,,,,1,after reading other reviews of this place nothing special wouldn t take friends to unless they weren t very good ones service c food c,25,134,negative
Q7VueHeqv34543ao5UX15w,Just had my first Panera delivery experience and it was great! The delivery was on time and the nicest delivery guy I've ever met delivered my lunch! He was friendly and polite and seemed like he was having his best day ever! Max delivered great food with a contagious smile! Good stuff Panera!,positive,positive,,,,positive,,,,,,,,5,just had my first panera delivery experience and it was great the delivery was on time and the nicest delivery guy i ve ever met delivered my lunch he was friendly and polite and seemed like he was having his best day ever max delivered great food with a contagious smile good stuff panera,54,289,positive
uneJ59zGqZFaNCCa7iCBiw,The taste was decent but I would give it ZERO stars if I could  we ordered the nachos with beef and all 3 of us are SICK! It's past midnight and I'm barfing! Worse decision ever,"neutral, negative",,,,,negative,,,,,,,,1,the taste was decent but i would give it zero stars if i could we ordered the nachos with beef and all of us are sick it s past midnight and i m barfing worse decision ever,37,172,negative
8JGWrLHsxml0laUEuBiJSQ,"This place is always there for me when I need a pick me up. The coffee is great (as great as convenience store coffee can be!) and there's always an energy drink of sorts on sale. You can find a decent lunch in a pinch as well, the vegetarian/vegan section has some good finds and the chicken tenders are surprisingly good and inexpensive. The staff is always friendly and more than willing to help you or grab what you want if it's not on the shelf. As much as I love & miss Wawa, I am thankful for a nice, clean, friendly place to grab caffeine close to my work.","neutral, positive",positive,positive,positive,positive,positive,positive,,,,,,,5,this place is always there for me when i need a pick me up the coffee is great as great as convenience store coffee can be and there s always an energy drink of sorts on sale you can find a decent lunch in a pinch as well the vegetarian vegan section has some good finds and the chicken tenders are surprisingly good and inexpensive the staff is always friendly and more than willing to help you or grab what you want if it s not on the shelf as much as i love miss wawa i am thankful for a nice clean friendly place to grab caffeine close to my work,112,550,positive
UyTKRc8mhGiz869WGGAfQw,"I love the taste of Baskin Robins ice cream, but I cannot get over the rude staff at this location. If you're in a bad mood & need ice cream to cheer you up, DO NOT GO HERE. The employees' rudeness will make your mood even worse. Your money will buy you ice cream here. Definitely not customer service.",positive,negative,,,,negative,,,,,,,,3,i love the taste of baskin robins ice cream but i cannot get over the rude staff at this location if you re in a bad mood need ice cream to cheer you up do not go here the employees rudeness will make your mood even worse your money will buy you ice cream here definitely not customer service,59,292,neutral
PfKiiXQAg4ZrEXJCXZciKQ,"my food was not as I ordered it and the manager was quick to assist me and make it right, I appreciate that so much, and Katrina who works at the Cheesecake counter is always nice!!!!!!!",negative,positive,,,,,,,,,,,,1,my food was not as i ordered it and the manager was quick to assist me and make it right i appreciate that so much and katrina who works at the cheesecake counter is always nice,36,177,negative
xGeodtt_7auN3uHTPJtm7A,Omg this is pizza for people who have never actually been to New York. It's like Nashville hot chicken outside Nashville and have navel had Hattie B's it just doesn't work. This pizza was average at best and the service was terrible staff was rude. Bathrooms were nasty and I really have no reason to return. The Greek salad was ok but they didn't even have Greek dressing. You can do way better than this place... Trust me!,"negative, neutral",negative,negative,,negative,negative,,,,,,,,1,omg this is pizza for people who have never actually been to new york it s like nashville hot chicken outside nashville and have navel had hattie b s it just doesn t work this pizza was average at best and the service was terrible staff was rude bathrooms were nasty and i really have no reason to return the greek salad was ok but they didn t even have greek dressing you can do way better than this place trust me,82,415,negative
a3bXRRZWxMlrBzL3W7u4rQ,"2 stars for the staff trying and being nice, they seem really new. Expresso was good. However came in for lunch at 1100 per website and door and they weren't serving it. Apparently kitchen too busy.   Ending up with a breakfast burrito and it tasted like a frozen burrito with some salsa out of a can and some cheap ass cheese. Over salted. Nothing fresh on it or about it. Oh and it was $12 I think I would have been happier and McDonalds.   Over all disappointing... Maybe we will give it a shot another time for lunch or dinner but doubt it will be around very long.",negative,"positive, negative",,negative,,negative,positive,,,,,,,1,stars for the staff trying and being nice they seem really new expresso was good however came in for lunch at per website and door and they weren t serving it apparently kitchen too busy ending up with a breakfast burrito and it tasted like a frozen burrito with some salsa out of a can and some cheap ass cheese over salted nothing fresh on it or about it oh and it was i think i would have been happier and mcdonalds over all disappointing maybe we will give it a shot another time for lunch or dinner but doubt it will be around very long,106,541,negative
PGhIovwmAMhj_zFDTxad-Q,Terrible establishment.  Poor service. The bouncers do not have any restraint. If you are female they will grab you aggressivley. ..very hostile. I have had a few terrible experiences there and I share them with everyone I meet so they know what they are getting into when they go there. Don't waste your time or your money when Nashville has so many other awesome places to offer!,,negative,,,,negative,,negative,,,,,,1,terrible establishment poor service the bouncers do not have any restraint if you are female they will grab you aggressivley very hostile i have had a few terrible experiences there and i share them with everyone i meet so they know what they are getting into when they go there don t waste your time or your money when nashville has so many other awesome places to offer,68,371,negative
AjFLTLBbVJOuN_JFzSE4OA,Awesome food! It was so fresh and delicious. The papaya salad was delicious! Try the curry..simply spicy and beautiful. The service was great too! They have take out!!!,positive,positive,,,,,,,positive,,,,,5,awesome food it was so fresh and delicious the papaya salad was delicious try the curry simply spicy and beautiful the service was great too they have take out,29,159,positive
_SqlbVOEFw8cBaOQsBqq4g,"Oh Pizzarella Grille- I want to love you. I've been going more than I should - and I'm fairly sure you alone are responible for having to buy 36"" pants.  Salad is great (Main line is yummy), the mini-pizzas are made to order. The management seems to be in a constant state of changing - along with the artwork and menu. I'm not sure if it's changed hands a few times or what but the setup has lost consistency.   I'd avoid the pasta dishes; Shrimp Scampi and Lasagna were both pretty bland. Stick with salad and pizza.","positive, negative",,,,,,,,,,,,,3,oh pizzarella grille i want to love you i ve been going more than i should and i m fairly sure you alone are responible for having to buy pants salad is great main line is yummy the mini pizzas are made to order the management seems to be in a constant state of changing along with the artwork and menu i m not sure if it s changed hands a few times or what but the setup has lost consistency i d avoid the pasta dishes shrimp scampi and lasagna were both pretty bland stick with salad and pizza,100,495,neutral
M8lB_rZypORZl-Baci-brg,"Mac and cheese is really tasteless. Not worth the price at all. Got the BBQ Bowl. Dry chicken,  chewy macaronis, and soggy cornbread ""crunch""",negative,,,,,,,negative,,,,,,1,mac and cheese is really tasteless not worth the price at all got the bbq bowl dry chicken chewy macaronis and soggy cornbread crunch,24,133,negative
0NMhXbHONCFR1_hX3MlvzQ,I used to enjoy this place when it was Steve's now that it is Terraza it is even a little bit better.   Last time I had an omelet and it was quite generous.  This time I had Ham and Eggs!  Everything was cooked exactly as I liked.  The hash browns were crispy and delish!    I went with a friend who seemed to enjoy it as well.  Some time I will have to try one of their lunch items.  Looking forward to that!,positive,,,,,positive,,,,,,,,5,i used to enjoy this place when it was steve s now that it is terraza it is even a little bit better last time i had an omelet and it was quite generous this time i had ham and eggs everything was cooked exactly as i liked the hash browns were crispy and delish i went with a friend who seemed to enjoy it as well some time i will have to try one of their lunch items looking forward to that,83,391,positive
y4r43plc-VoniuOls55SQw,"Ordered food at noon. Waited 55 minutes for two salads. Friend ordered House Salad, when it arrived it was spring mix, red onions, cucumbers. No cheese, bacon, tomatoes, pecans. When questioned, response was ""the chef changed it."" Without asking the customer?? And to what....the only items we have prepped? Asked for the manager but was told she was in the kitchen.  Guess that sums it up. Obviously will never go back.  One day later UPDATE: A marketing team member reached out to apologize and offered complementary meal as his personal guests should we want to try again. Hope this is indicative of a team trying to right the ship. Stay tuned.",,negative,,,negative,negative,,,,,,,,1,ordered food at noon waited minutes for two salads friend ordered house salad when it arrived it was spring mix red onions cucumbers no cheese bacon tomatoes pecans when questioned response was the chef changed it without asking the customer and to what the only items we have prepped asked for the manager but was told she was in the kitchen guess that sums it up obviously will never go back one day later update a marketing team member reached out to apologize and offered complementary meal as his personal guests should we want to try again hope this is indicative of a team trying to right the ship stay tuned,111,615,negative
G6joL9p2lAAtZc27VNJ3vQ,"I give a couple of stars because the steamboat ride itself was really nice and the jazz band added a Nawlins touch. Unfortunately, the buffet food served was nowhere near deserving of the ridiculous $77/person charged. The options were almost completely fatty and dry prime rib, fried fish that tasted like paper, and bland penne noodles. The server and staff were friendly, which helped our experience. Would consider doing this if choosing the non-meal option only.",negative,positive,positive,,,,,negative,,,,,,3,i give a couple of stars because the steamboat ride itself was really nice and the jazz band added a nawlins touch unfortunately the buffet food served was nowhere near deserving of the ridiculous person charged the options were almost completely fatty and dry prime rib fried fish that tasted like paper and bland penne noodles the server and staff were friendly which helped our experience would consider doing this if choosing the non meal option only,77,454,neutral
psxbpQH6lDnBpXli53uxIw,"Great service, food was ok..  Wish the soups were served warmer, and my steak was cooked well done, when requested medium.   However the service was excellent.","neutral, negative",positive,,,,,,,,,,,,1,great service food was ok wish the soups were served warmer and my steak was cooked well done when requested medium however the service was excellent,26,149,negative
ylxfuL-fmfwE6cxk3PT3bA,Super greasy pizza which usually I don't mind but it was salty and greasy! I wanted to order their special 2 slices for 4.99 but they did not have any slices so my only choice was to order a whole pizza for just me. I also purchased tiramisu (my absolute favorite dessert that usually no one can mess up) but it was freezer burnt and hard!?!  I usually always enjoy trying mom and pop pizza places at places I visit on travel but this one is definitely one I would not go to again!  I should've driven the extra 10minutes and found a better spot!  Lesson learned!,negative,,,,,negative,,,,,,,,1,super greasy pizza which usually i don t mind but it was salty and greasy i wanted to order their special slices for but they did not have any slices so my only choice was to order a whole pizza for just me i also purchased tiramisu my absolute favorite dessert that usually no one can mess up but it was freezer burnt and hard i usually always enjoy trying mom and pop pizza places at places i visit on travel but this one is definitely one i would not go to again i should ve driven the extra minutes and found a better spot lesson learned,107,541,negative
flgIq3dLojgAZAbIg5wE9w,"came for lunch buffet , there were several dishes but overall quality was average. vegetarian dishes were not flavourful. Tandoori chicken and chicken curry were OK.","neutral, negative",,,,,,,,,,,,,1,came for lunch buffet there were several dishes but overall quality was average vegetarian dishes were not flavourful tandoori chicken and chicken curry were ok,25,160,negative
Yx4hz2I7Uak0g-rwm2kMXg,"Food is not bad (i.e., standard Cosi glorified fast food).  However this particular restaurant has the rudest employees I have ever met in my life.  Asking for a fork is a huge burden on them for which I must apologize.  I am SO sorry I need a fork to eat a salad.  Also the workflow here is weird.  They act like you're a huge idiot for not knowing you order salad at one end and soup at the registers.  Signs might help.  Tomato basil was dec though.","neutral, positive",negative,,,,,,,,,,,,5,food is not bad i e standard cosi glorified fast food however this particular restaurant has the rudest employees i have ever met in my life asking for a fork is a huge burden on them for which i must apologize i am so sorry i need a fork to eat a salad also the workflow here is weird they act like you re a huge idiot for not knowing you order salad at one end and soup at the registers signs might help tomato basil was dec though,89,433,positive
lJKwa0eObGUVLwxYuM33vA,"If you work at AB, this place is pretty much your go-to lunch spot. Friendly staff and always a solid sandwich. Quick service, but they make both the hot and cold sandwiches with a little extra love and care. The mesquite turkey and the ""St. Louisan"" are my two personal favorites. Some outdoor seating or you can always head across the street to the park for an impromptu picnic.",positive,positive,positive,,positive,positive,,,,,,,,5,if you work at ab this place is pretty much your go to lunch spot friendly staff and always a solid sandwich quick service but they make both the hot and cold sandwiches with a little extra love and care the mesquite turkey and the st louisan are my two personal favorites some outdoor seating or you can always head across the street to the park for an impromptu picnic,70,370,positive
h6xvIYwuf4igeDhoX8ddgQ,"I am very disappointed by their service.  I ordered a Stromboli and chicken wings at 6:15pm for pick up.  I got there 6:50pm but my order wasn't ready.  I just stood there.  At 7:10pm, my order was finally ready.  No words for I waited quite while.  Stromboli was ok, but chicken wings were terrible.  They were cold and over cooked.  They tasted like there days old chicken wings.  Also, they didn't put celery sticks.  I would not recommend this place and of cause, I won't come back!","neutral, negative",negative,,,negative,negative,,,,,,,,1,i am very disappointed by their service i ordered a stromboli and chicken wings at pm for pick up i got there pm but my order wasn t ready i just stood there at pm my order was finally ready no words for i waited quite while stromboli was ok but chicken wings were terrible they were cold and over cooked they tasted like there days old chicken wings also they didn t put celery sticks i would not recommend this place and of cause i won t come back,90,449,negative
u-Qwo5QBFjS32Kut9yYnyQ,"Wow!   Soooo full!    Great staff!   Delicious food!   BYOB!   Good times!      I loved the wings, tofu, and the catfish!     I can't wait until I'm back in town to visit.    It's slowly becoming my undisputed go to restaurant when I'm philly!   Also heard from a patron that Uber eats started delivering.    Wish I lived closer so I could enjoy more frequently.    Absolutely one of my favorite spots for a good meal!",positive,positive,positive,,,positive,,,positive,,,,,5,wow soo full great staff delicious food byob good times i loved the wings tofu and the catfish i can t wait until i m back in town to visit it s slowly becoming my undisputed go to restaurant when i m philly also heard from a patron that uber eats started delivering wish i lived closer so i could enjoy more frequently absolutely one of my favorite spots for a good meal,73,371,positive
k2tCjTZmK_KDUYi51AlAvA,"5 stars for the food!  We had the veggie appetizer which was great, and then we each had a pasta dish that we shared. Beet and goat cheese plin, pheasant lasagnette, mushroom ravioli and the tagliatelle with rabbit ragu. Superb (luckily we didn't mind sharing!). Also had sides of the cauliflower rissoto which was delicious and the baked artichokes which was okay.  Bombilinis for dessert was a perfect ending. The wait staff was attentive, although our particular waitress seemed a bit distracted. Am definitely going again to try the pizza next time.","positive, neutral","positive, negative",,,,,,,,,,,,5,stars for the food we had the veggie appetizer which was great and then we each had a pasta dish that we shared beet and goat cheese plin pheasant lasagnette mushroom ravioli and the tagliatelle with rabbit ragu superb luckily we didn t mind sharing also had sides of the cauliflower rissoto which was delicious and the baked artichokes which was okay bombilinis for dessert was a perfect ending the wait staff was attentive although our particular waitress seemed a bit distracted am definitely going again to try the pizza next time,92,534,positive
nB_llreFCxlD344hVj0HOQ,"All I have to say is that Epcot's Mexico had better tacos than this authentic Mexican joint.  And that's pretty disappointing.  The meat was mildly warm and wasn't seasoned well enough. The beans and rice were bland as well. They were out of steak, so we mistakenly tried pork skin. Imagine eating diced slugs stuffed in a soft tortilla that keeps falling apart. Now pretend that moment in time never happened and you didn't waste your money on something that traumatizing.  Yeah...not as easy as you'd think.  I was really looking forward to the hole-in-the-wall authenticity, but I was sorely lead astray by previous reviews of this place.  Just don't do it.",negative,,,,,negative,,negative,,,,,,1,all i have to say is that epcot s mexico had better tacos than this authentic mexican joint and that s pretty disappointing the meat was mildly warm and wasn t seasoned well enough the beans and rice were bland as well they were out of steak so we mistakenly tried pork skin imagine eating diced slugs stuffed in a soft tortilla that keeps falling apart now pretend that moment in time never happened and you didn t waste your money on something that traumatizing yeah not as easy as you d think i was really looking forward to the hole in the wall authenticity but i was sorely lead astray by previous reviews of this place just don t do it,122,641,negative
12ybGv64jy83URMzpXB5hw,"The wait time was pretty low we got seated so quickly even though it was absolutely packed, however the waitress we had didn't come to our table hardly at all we had empty drinks for half our dinner. It would almost be worth it if the food was good but it was average and I have had much better for cheaper.   Overall experience: meh! Not to die for but not totally disgusting either",negative,"positive, negative",,negative,,neutral,negative,,,,,,,1,the wait time was pretty low we got seated so quickly even though it was absolutely packed however the waitress we had didn t come to our table hardly at all we had empty drinks for half our dinner it would almost be worth it if the food was good but it was average and i have had much better for cheaper overall experience meh not to die for but not totally disgusting either,74,376,negative
I_dgyabFnyEprIEvCcD1OA,I'm in the Clearwater area quite often for business so I'm always looking for good restaurants. Cafe Ponte was a recommendation from the customer who was joining us for dinner and it did not disappoint. The lobster bisque was excellent with just a hint of habanero. Something unique that I was not expecting. I had the Boullibaisse which was loaded with seafood in a rich broth. I will definitely be back the next time I'm in town.,positive,,,,,positive,,,,,,,,5,i m in the clearwater area quite often for business so i m always looking for good restaurants cafe ponte was a recommendation from the customer who was joining us for dinner and it did not disappoint the lobster bisque was excellent with just a hint of habanero something unique that i was not expecting i had the boullibaisse which was loaded with seafood in a rich broth i will definitely be back the next time i m in town,80,425,positive
GoRhTTL4HSXs5nXfPdT9Lg,"Nice atmosphere, and cool lounge area. Happy hour specials are still pretty pricey and limited to drinks only. Appetizers are tasty.",positive,,positive,,,,,,,,,negative,,5,nice atmosphere and cool lounge area happy hour specials are still pretty pricey and limited to drinks only appetizers are tasty,21,128,positive
yw4sEeReWlx_6ArqEIBZyw,"Wow awesome deli with huge, tasty sandwiches. The Muffaletta was super traditional and very good. It came served on a round roll just like in NOLA.  The Feisty Tuna was phenomenal. The tomatoes, hot giardiniera, and spicy sauce are awesome and really make this sammy pop!  Kinda sloppy eating but sooo worth it.  Slaw was creamy and standard.  Staff was extremely friendly and helpful. The line moved quickly and food came out after a short wait.  This place is great, highly recommend it!","positive, negative, neutral",positive,,,,positive,,,,,,,,3,wow awesome deli with huge tasty sandwiches the muffaletta was super traditional and very good it came served on a round roll just like in nola the feisty tuna was phenomenal the tomatoes hot giardiniera and spicy sauce are awesome and really make this sammy pop kinda sloppy eating but soo worth it slaw was creamy and standard staff was extremely friendly and helpful the line moved quickly and food came out after a short wait this place is great highly recommend it,83,469,neutral
fWH09oXOBgdL5XA8leEUWA,"my husband and I visited here on fri 6/9.  I think my expectations were way to high.  Donuts were not bad but certainly didn't live up to the hype.  We ordered 6 hots, 2 of each and each sugar mix and 2 of the fancys they had which where spicy pb and j.  My husband is crazy for chicken and couldn't wait to dive in.  He said it was ok","negative, neutral",,,,,,,,,,,,,1,my husband and i visited here on fri i think my expectations were way to high donuts were not bad but certainly didn t live up to the hype we ordered hots of each and each sugar mix and of the fancys they had which where spicy pb and j my husband is crazy for chicken and couldn t wait to dive in he said it was ok,68,314,negative
LFjBP5cFaeVo1bBMlpYaeA,"This place is okay as long as you know what to order. Steaks, chicken, and sandwiches are okay, everything else needs to improve. I am not rating desert here, since these are a safe bet.  Parking at this place is rough, the service is pretty good and makes up for this.  I generally only eat lunch here because the place is not worth the hassle of a dinner crowd.  While I do not go out of my way to go to any Outback, this one is a better one.  Also this location really tries to make improvements and make your experience enjoyable, but the food is average at best.","neutral, negative",positive,,,,"neutral, negative",,,,negative,,,,1,this place is okay as long as you know what to order steaks chicken and sandwiches are okay everything else needs to improve i am not rating desert here since these are a safe bet parking at this place is rough the service is pretty good and makes up for this i generally only eat lunch here because the place is not worth the hassle of a dinner crowd while i do not go out of my way to go to any outback this one is a better one also this location really tries to make improvements and make your experience enjoyable but the food is average at best,109,549,negative
l_jI1tfvP0TilW5LarEfUA,"Best donut shop in STL!!! Family owned, clean, truly great service by people that care and know you! The donuts are amazing. Handmade every morning! It's packed every day. Great breakfast sandwiches too!",positive,positive,positive,,positive,positive,,,positive,,,,,5,best donut shop in stl family owned clean truly great service by people that care and know you the donuts are amazing handmade every morning it s packed every day great breakfast sandwiches too,34,193,positive
2KM-ydGmxv390euz-9t4kg,"Had a last minute request to find a special rye whiskey (High West double rye) as a present in New Orleans, but didn't have a car (or time) to travel far to find it. This place had it in stock and at reasonable price. Very convenient location in French Quarter.",,,,,,positive,,,,positive,,positive,,5,had a last minute request to find a special rye whiskey high west double rye as a present in new orleans but didn t have a car or time to travel far to find it this place had it in stock and at reasonable price very convenient location in french quarter,51,253,positive
vh_pRg0ovctp8wc9WxSb6w,Came here one afternoon to watch the Kings hockey game. Place is okay. Nothing really stands out about this place. The best thing I would say is that there are a lot of TVs and a projector to show the game. They have your average beers on tap for $5 bucks a pint. Good place to watch sports.,,,positive,,,positive,,,,,,positive,,5,came here one afternoon to watch the kings hockey game place is okay nothing really stands out about this place the best thing i would say is that there are a lot of tvs and a projector to show the game they have your average beers on tap for bucks a pint good place to watch sports,57,282,positive
ZFwNHFihgwXbMT-3KbpadQ,"Jaclyn is A-W-E-S-O-M-E!!! First time at the Red Pony, eating upstairs, and our waitress is giving us excellent service!! We'll be back!!",,positive,,,,positive,,,,,,,,5,jaclyn is a w e s o m e first time at the red pony eating upstairs and our waitress is giving us excellent service we ll be back,29,128,positive
zODpKmu_hvROuTJXqtKmCw,The reviews did not disappoint. The chargrilled oysters were the BEST!!!! Shrimp po boy fried fish po boy seasoned and fried to perfection. Ask for Shirley. Even though she is a Met fan we won't hold that against her. She is an excellent server. Will be back.,positive,positive,,,,positive,,,,,,,,5,the reviews did not disappoint the chargrilled oysters were the best shrimp po boy fried fish po boy seasoned and fried to perfection ask for shirley even though she is a met fan we won t hold that against her she is an excellent server will be back,48,249,positive
KsbYXvu6wB0qz3FN0rcyhA,"Normally have a decent meal here but last night was a clusterf***....  had to ask for butter for our rolls, the salads came out before the appetizer?, my steak came out without sides and was told they are out of mashed potatoes .... would be nice to know this when I order or maybe have the cook make some.... my girlfriends steak was undercooked and she stressed it needs to be well done, sent it back and still came back medium .... though the food was decent the service was a step above fast food at best.....  maybe if people should take some pride in their work there would be less complaints and a business would prosper even more....","positive, negative",negative,,,,,,,,,,,,3,normally have a decent meal here but last night was a clusterf had to ask for butter for our rolls the salads came out before the appetizer my steak came out without sides and was told they are out of mashed potatoes would be nice to know this when i order or maybe have the cook make some my girlfriends steak was undercooked and she stressed it needs to be well done sent it back and still came back medium though the food was decent the service was a step above fast food at best maybe if people should take some pride in their work there would be less complaints and a business would prosper even more,117,605,neutral
H86uKqFwaRpTUBShSE4dYg,"This is a good alternative to Chipotle. They have a huge selection of salsas and hot sauces. We had chicken tacos and veggie quesadilla. Food tastes good, service is quick and good seating options.. indoor and outdoor.",positive,positive,positive,,positive,positive,,,,,,,,5,this is a good alternative to chipotle they have a huge selection of salsas and hot sauces we had chicken tacos and veggie quesadilla food tastes good service is quick and good seating options indoor and outdoor,37,211,positive
7-5vMVj1yRh9TJhFiXCdDg,"Whenever I'm in Reno we usually try to eat at the Brew Brothers. For a small brewery, we really like the beer. The food was ok, nothing really special. The service, it's ok as well. Kind of annoying how the young girls are practically wearing nothing while the older women are completely covered up. I know it's for the men, but still, there's women that eat there too.",neutral,neutral,negative,,,,positive,,,,,,,1,whenever i m in reno we usually try to eat at the brew brothers for a small brewery we really like the beer the food was ok nothing really special the service it s ok as well kind of annoying how the young girls are practically wearing nothing while the older women are completely covered up i know it s for the men but still there s women that eat there too,72,358,negative
ABL5ZMVIxiT_JQRaAEy2Ng,"Great, rotating, draft list.  Good pizzas, salads, wings.  All around pretty solid menu!  Get's very busy during happy hours, games and weekends.",positive,,,,positive,,,,,,positive,,,5,great rotating draft list good pizzas salads wings all around pretty solid menu get s very busy during happy hours games and weekends,23,133,positive
gH4YBcEKkYvFNRQQEvxIKA,"Hotel is what you would expect from a Hilton Property.  Clean and spacious room with a sleeping and entertainment area.  Breakfast is included with the room as is WIFI. The free WIIFI is slow.  Breakfast is OK, but not memorable. No surprises, good or bad. Hotel staff are friendly, courteous and helpful.  All in all a good value for what I paid.",neutral,"negative, positive",positive,,,,,positive,,,,,,5,hotel is what you would expect from a hilton property clean and spacious room with a sleeping and entertainment area breakfast is included with the room as is wifi the free wiifi is slow breakfast is ok but not memorable no surprises good or bad hotel staff are friendly courteous and helpful all in all a good value for what i paid,62,332,positive
u6EW2edED7ZfbZAw7lcYYQ,"Great  breads especially the German rye. My favorite breakfast is the poached eggs, cooked perfectly. For lunch, I go for the eggplant panini or  Laurie's salad.",positive,,,,,,,,,,,,,5,great breads especially the german rye my favorite breakfast is the poached eggs cooked perfectly for lunch i go for the eggplant panini or laurie s salad,27,154,positive
6tSw-UicDYEe26SNgugqdw,"I walked in to an amazing set by an all-female bluegrass outfit (with the owner, Layla, on drums) and soon the talent segued into a tears-in-your-beer and honky-tonking country four-piece.",,,positive,,,,,,,,,,,5,i walked in to an amazing set by an all female bluegrass outfit with the owner layla on drums and soon the talent segued into a tears in your beer and honky tonking country four piece,36,183,positive
Bn5P4jFThZiJQEy8mzUXtA,"Good price and hive atmosphere. Beignets are way better than cafe du monde, though you still need to go there too so you can say you've been there. Great mocha and brown sugar praline cookie here too. Nice music in the courtyard. Check it out!",positive,,positive,,,,positive,positive,,,,,,5,good price and hive atmosphere beignets are way better than cafe du monde though you still need to go there too so you can say you ve been there great mocha and brown sugar praline cookie here too nice music in the courtyard check it out,46,237,positive
vM1VNPHewyK69nqXEuN6Jw,"This place is my absolute fave! The flavors are spot on, they taste exactly the way you imagine, but better! The strawberries & champagne, toasted marshmallow, and cheesecake  are a few of my personal favorites. I moved to Phoenix a few years back and was ecstatic when I found out they opened locations in the valley. This is a Tucson gem that I will continue to visit over and over!",positive,,,,,positive,positive,,,positive,,,,5,this place is my absolute fave the flavors are spot on they taste exactly the way you imagine but better the strawberries champagne toasted marshmallow and cheesecake are a few of my personal favorites i moved to phoenix a few years back and was ecstatic when i found out they opened locations in the valley this is a tucson gem that i will continue to visit over and over,69,372,positive
dNY7TxOWj9nCOBMeEMDhIA,"What a fu@#$in joke. We came in here and asked for Grey Goose. Dudes all like, ok...then he pours me Titos..Bitch, I'm edumecated....i know the difference between Titos and Grey Goose. I have been drinking since I was ten. And herpes Usher music...i feel insulted. Thank you Brad, or whatever your name is for making it right you fuckin putz. DUECES DICKBAG.",,negative,,,,negative,negative,,,,,,,1,what a fu in joke we came in here and asked for grey goose dudes all like ok then he pours me titos bitch i m edumecated i know the difference between titos and grey goose i have been drinking since i was ten and herpes usher music i feel insulted thank you brad or whatever your name is for making it right you fuckin putz dueces dickbag,68,338,negative
gZNQh4RQMU12bgQeBD9Y8w,"Tony's really has surprisingly good Mexican food, which you wouldn't expect to find out here in Chalmette.  It's actually the best Mexican food I've had in Louisiana.  Everything I've tried there is good.  My favorite so far is the chiles rellenos, which are large and excellent.  They also have Mexican Coca-Cola, which is sweetened with actual sugar, rather than the high-fructose corn syrup in the American version.",positive,,,,,,positive,,,,,,,5,tony s really has surprisingly good mexican food which you wouldn t expect to find out here in chalmette it s actually the best mexican food i ve had in louisiana everything i ve tried there is good my favorite so far is the chiles rellenos which are large and excellent they also have mexican coca cola which is sweetened with actual sugar rather than the high fructose corn syrup in the american version,74,405,positive
T5co7A8L05GzOBdPqvl66w,"My new favorite place in Philly.  I will put this place up to any of the other cocktail bars in Philly and NY.  Service was outstanding.  the cocktails (especially the Fancy Free) are to die for.  The bar snacks (spicy nut mixture) was great too.  Great job guys.  Staff, decor, atmosphere...all spot on.",positive,positive,positive,,,positive,positive,,,,,,,5,my new favorite place in philly i will put this place up to any of the other cocktail bars in philly and ny service was outstanding the cocktails especially the fancy free are to die for the bar snacks spicy nut mixture was great too great job guys staff decor atmosphere all spot on,54,283,positive
mVXbKzvNiTj16Iak_CQk_w,"This place honestly was a disappointment! Very thin cuts of meat for the price compared to other places. The food came out cold too. Had the Dolsot Bibimbap and the stone pot was cold to the point I could've picked it up and not get burned.   When you order a dolsot bibimbap of any kind, the rice at the bottle should be able to get crunchy....nope not here.   LADIES AND GENTLEMEN, please save your money and go somewhere else.",negative,,,negative,negative,negative,,,,,,,,1,this place honestly was a disappointment very thin cuts of meat for the price compared to other places the food came out cold too had the dolsot bibimbap and the stone pot was cold to the point i could ve picked it up and not get burned when you order a dolsot bibimbap of any kind the rice at the bottle should be able to get crunchy nope not here ladies and gentlemen please save your money and go somewhere else,81,414,negative
vXWnj_w0amklh6Ab0LkTrw,"Wasn't that busy they might have had 4 servers on. Our server took forever to get us CANNED BEERS, we NEVER GOT OUR WATERS. Our appetizer came AFTER we finished our food. They comped it, but didn't try to make amends about the rest of horrible experience. We will NEVER GO BACK.",,negative,,,,negative,negative,,,,,,,1,wasn t that busy they might have had servers on our server took forever to get us canned beers we never got our waters our appetizer came after we finished our food they comped it but didn t try to make amends about the rest of horrible experience we will never go back,53,269,negative
qU51pK9Ui3pG5phxzUKtyA,"Romantic and cozy French restaurant. A bit pricey, but you get your money's worth with the nice portions. The escargot is highly recommended. Try and save room for dessert.",positive,,positive,,,,,negative,,,,,,5,romantic and cozy french restaurant a bit pricey but you get your money s worth with the nice portions the escargot is highly recommended try and save room for dessert,30,167,positive
HuMthxuNIT8_L7YPfQV38Q,"Not worth all the hype.  You order when you walk in the door, take a number and sit down. The food runners wander around the dining area looking for your number. The food did come out fast, but we didn't get our drinks for 10min or so after getting food. Blood Mary was awful. Biscuits, gravy and chicken was all good.   I would be willing to give it another try, but I would not wait in line or rush to go back.",positive,"negative, positive",,,,negative,negative,,,,,,,3,not worth all the hype you order when you walk in the door take a number and sit down the food runners wander around the dining area looking for your number the food did come out fast but we didn t get our drinks for min or so after getting food blood mary was awful biscuits gravy and chicken was all good i would be willing to give it another try but i would not wait in line or rush to go back,83,396,neutral
I2uYaAxOk0xfhOr555yyOw,"A sushi place that delivers? Yes, please! Everything we ordered was great - Queen Roll, Sweet Heart Roll, Summer Roll, plus some individual sushi pieces. Fresh, well prepared, flavorful combinations. Cash only so plan accordingly. We'll be ordering from them again.",positive,positive,,,,positive,,,,,,,,5,a sushi place that delivers yes please everything we ordered was great queen roll sweet heart roll summer roll plus some individual sushi pieces fresh well prepared flavorful combinations cash only so plan accordingly we ll be ordering from them again,41,251,positive
XkZGXPALjMkPMoG-pu0VfA,"Have to disagree with rave reviews on this one. We were shown a menu and then told they only had about half of the items. Then picked something and were told they didn't have that either. Ended up ordering chicken, lamb, and beef. It took about twenty or twenty five minutes. We ate outside because the interior is so dreary and stuffy. Our order was correct. Food was acceptable but not anything I'll go back for.",negative,"negative, positive",negative,,negative,negative,,,,,,,,1,have to disagree with rave reviews on this one we were shown a menu and then told they only had about half of the items then picked something and were told they didn t have that either ended up ordering chicken lamb and beef it took about twenty or twenty five minutes we ate outside because the interior is so dreary and stuffy our order was correct food was acceptable but not anything i ll go back for,78,404,negative
MI2s3v-HmZaBqCILzFjdLw,"Really solid beer selection - US, Canadian, Belgian, European.  Canned beer seems to be a point of pride in their offerings, which is good because they're near the Philadelphia Folk Festival which has a no glass policy (also PFF has a no alcohol policy but...)  Samples available, always passing along the new knowledge and stocking the latest.  Goes out of their way to get good stock of beers offered in limited season.",,,,,,,positive,,,,positive,,,3,really solid beer selection us canadian belgian european canned beer seems to be a point of pride in their offerings which is good because they re near the philadelphia folk festival which has a no glass policy also pff has a no alcohol policy but samples available always passing along the new knowledge and stocking the latest goes out of their way to get good stock of beers offered in limited season,72,403,neutral
S-H-Ao17MEYH9cLpvevbnQ,"Busy place, but we were offered extra- special coffee while we waited. No sooner than it was ready, so was our table. The server was welcoming and offered suggestions for us after we made her aware of some dietary restrictions. My daughter and I shared a salad, entree, and Special grits. Every bite was delicious, beautifully presented, and reasonably priced as downtown prices go. We like this restaurant a lot.",positive,positive,,positive,,positive,positive,,,,,,,5,busy place but we were offered extra special coffee while we waited no sooner than it was ready so was our table the server was welcoming and offered suggestions for us after we made her aware of some dietary restrictions my daughter and i shared a salad entree and special grits every bite was delicious beautifully presented and reasonably priced as downtown prices go we like this restaurant a lot,70,400,positive
L70rzFf5qOGTjPJ0Dav3nw,"So I love donuts and I love coffee...but don't go here if you have a specific donut in mind! They usually have a ton of iced sprinkled donuts in a ridiculous amount of colors, but beyond that good luck! Also the coffee is a hit or miss at this location. I am a frequent visitor here because Bellevue doesn't have a whole lot going on but don't go with high expectations!",positive,,,,negative,negative,neutral,,,,,,,3,so i love donuts and i love coffee but don t go here if you have a specific donut in mind they usually have a ton of iced sprinkled donuts in a ridiculous amount of colors but beyond that good luck also the coffee is a hit or miss at this location i am a frequent visitor here because bellevue doesn t have a whole lot going on but don t go with high expectations,75,363,neutral
Ba87pTzadbskLUgT5tZYGA,"Kelly's has changed hands and the menu has completely changed.  It's clear they've had to defend this and it seems to annoy them.  I mean the menu was epic - why change it?  In response, the new crew touted the place being cleaner and it was.  I got the  classic burger and fries.  I'll be honest, it was the worst $11 burger that I've ever had.  Dry and flavorless and made me envy a $2 McDonalds bacon burger flashing on the TV.  The fries were OK.  I was shocked to just walk in at dinner time.  This wasn't possible before.  Now I know why.  :","negative, neutral",,positive,negative,negative,negative,,,,,,,,3,kelly s has changed hands and the menu has completely changed it s clear they ve had to defend this and it seems to annoy them i mean the menu was epic why change it in response the new crew touted the place being cleaner and it was i got the classic burger and fries i ll be honest it was the worst burger that i ve ever had dry and flavorless and made me envy a mcdonalds bacon burger flashing on the tv the fries were ok i was shocked to just walk in at dinner time this wasn t possible before now i know why,107,511,neutral
cY5K0fQLkt1Max_6wwHuCA,"I really liked the smaller portions, it allowed us to enjoy more of the menu and the free meal on your birthday was great. The food was good but it was missing something to give it a little bit more. Will definitely go back.","positive, negative",,,,positive,positive,,,positive,,,,,3,i really liked the smaller portions it allowed us to enjoy more of the menu and the free meal on your birthday was great the food was good but it was missing something to give it a little bit more will definitely go back,44,220,neutral
tYYLgYKd5MEu7A8SeDnnQA,Yay for the market fresh salad. Finally a restaurant that I can tell them what to put in my salad and not feel bad about it.,positive,,,,positive,positive,,,,,,,,5,yay for the market fresh salad finally a restaurant that i can tell them what to put in my salad and not feel bad about it,26,122,positive
T9l5Qipb285uCF2APokOMQ,"Food is very good, lovely interior......but...without question among THE most indifferent service I have experienced, from the hostess to the person handling my carry out order.  In order to get to this establishment, I have to walk by or near Flatwater with excellent and healthy food prepared by fun and caring people, served by people who show enormous amounts of enthusiasm and gratitude for my business....and the same is true for Patachou....Bazbeaux.... Geek...  Do these folks understand I, and others, have choices ?  I don't get why people can't smile and act as if my business is appreciated ???",positive,"negative, positive",positive,,,,,,,,,,,5,food is very good lovely interior but without question among the most indifferent service i have experienced from the hostess to the person handling my carry out order in order to get to this establishment i have to walk by or near flatwater with excellent and healthy food prepared by fun and caring people served by people who show enormous amounts of enthusiasm and gratitude for my business and the same is true for patachou bazbeaux geek do these folks understand i and others have choices i don t get why people can t smile and act as if my business is appreciated,103,570,positive
lx4q3env28RptOudJTnRng,"My god is this place ever wonderful! Such a huge selection delicious teas! The sales people are also very friendly, and it seems they really enjoy their job. They will literally let you smell absolutely every tea. My favourites are Chocolate Rocket, Swampwater, Tropicalia, and Goji Pop. You can buy tins of loose tea, and these will generally last you a long while. They also carry wonderful tea accessories, teacups, teapots, mesh balls, natural sweeteners, infusers, the works. Definitely try DavidsTea, you won't regret it!",,positive,,,,positive,positive,,,,positive,,,5,my god is this place ever wonderful such a huge selection delicious teas the sales people are also very friendly and it seems they really enjoy their job they will literally let you smell absolutely every tea my favourites are chocolate rocket swampwater tropicalia and goji pop you can buy tins of loose tea and these will generally last you a long while they also carry wonderful tea accessories teacups teapots mesh balls natural sweeteners infusers the works definitely try davidstea you won t regret it,86,507,positive
_X10F6glgUTF4fJKT5kS-Q,"The restaurant was very cute. The staff was friendly and helpful. The food that we had was good. Nothing overly special, but solid. We were perhaps disappointed because we had heard it was great.  Drinks were made with fresh ingredients and were very good.",positive,positive,positive,,,negative,positive,,,,,,,3,the restaurant was very cute the staff was friendly and helpful the food that we had was good nothing overly special but solid we were perhaps disappointed because we had heard it was great drinks were made with fresh ingredients and were very good,44,248,neutral
QYFIqpXRgpWom4NU0BCLDQ,Really truly slow service.  Not the waitress. The kitchen. 40 min to get a pasta and salad.  Recommended if you want to really drag that date out.,,negative,,,,negative,,,,,,,,1,really truly slow service not the waitress the kitchen min to get a pasta and salad recommended if you want to really drag that date out,26,136,negative
rBQIdKOXCeF2m86u4PQPmA,"It is what you expect in an Acme, the only thing I found a little different with this one is that it seemed the aisles were a little narrower than in other stores. Store is a little smaller than others so not as wide of a variety, but was fine, looks like they've upgraded some areas like the frozen/refrigerated food sections. Service was fine.",,positive,,,"positive, neutral",,,,,,,,,3,it is what you expect in an acme the only thing i found a little different with this one is that it seemed the aisles were a little narrower than in other stores store is a little smaller than others so not as wide of a variety but was fine looks like they ve upgraded some areas like the frozen refrigerated food sections service was fine,66,339,neutral
UxLMFo-WBrxlgME6vM0YRg,"I had a really great first visit to Growler's Taphouse! The beer selection is really great and our server made some excellent selections, I usually don't expect much food wise from a place with a lot of beer but the food here was pretty great! I ordered the pork sliders and chips & salsa, the hot salsa was so good!!!",positive,positive,,,,positive,,,,,positive,,,5,i had a really great first visit to growler s taphouse the beer selection is really great and our server made some excellent selections i usually don t expect much food wise from a place with a lot of beer but the food here was pretty great i ordered the pork sliders and chips salsa the hot salsa was so good,61,309,positive
mpHpPSOGzU7zJW7YDpekNw,Went there tonight courtesy of a Groupon purchase and was pleasantly surprised at the array of dishes. Decided to go with the Fried Pork Chop sandwich which very good. My girlfriend had the crab cakes with mac & cheese and mashed potatoes. Everything was delicious and we'll be definitely making a return trip b,positive,,,,positive,positive,,,,,,,,5,went there tonight courtesy of a groupon purchase and was pleasantly surprised at the array of dishes decided to go with the fried pork chop sandwich which very good my girlfriend had the crab cakes with mac cheese and mashed potatoes everything was delicious and we ll be definitely making a return trip b,54,306,positive
J_Gk3u4VJ2nEEX7YSEmVRA,"i got the shrimp & corn soup special and the cobb salad. the soup was really good, especially when you dump a ton of Crystal sauce in it.   the cob salad was huge and very good. the grilled chicken was just right and tasted like the grill, which i dig. i actually felt full after this salad and i can throw down at lunch.   i would like to make it here for breakfast/brunch but i'm never downtown during the day so we'll have to wait on that.   i would come back. they are proud of their food but prices are high everywhere downtown, at least where you would want to eat.",positive,,,,positive,,,negative,,,,,,5,i got the shrimp corn soup special and the cobb salad the soup was really good especially when you dump a ton of crystal sauce in it the cob salad was huge and very good the grilled chicken was just right and tasted like the grill which i dig i actually felt full after this salad and i can throw down at lunch i would like to make it here for breakfast brunch but i m never downtown during the day so we ll have to wait on that i would come back they are proud of their food but prices are high everywhere downtown at least where you would want to eat,113,552,positive
5yKmfzyILB1QqU8tRERS-w,"What happened?  This place used to be a favorite (as in once a week for years).  Not any more...looks like they reduced the number of people working on a shift and also removed the manager from the equation.  Bad idea.  Things are sloppier now (problems at cash register, fries cooked wrong,  orders messed up...not as clean). Ironic that their voicemail says they are closed yet here we are waiting for our food in a restaurant that is open.  Please make some changes.",negative,negative,negative,,,negative,,,,,,,,1,what happened this place used to be a favorite as in once a week for years not any more looks like they reduced the number of people working on a shift and also removed the manager from the equation bad idea things are sloppier now problems at cash register fries cooked wrong orders messed up not as clean ironic that their voicemail says they are closed yet here we are waiting for our food in a restaurant that is open please make some changes,84,446,negative
pA97R7k3Ci6eO2TDG4YALw,"This is not an authentic sushi place.  If you are going to order spicy tuna and salmon then this the places for you, else wait for dinner and head over to Double Knot",,,,,"negative, positive",negative,,,,,,,,1,this is not an authentic sushi place if you are going to order spicy tuna and salmon then this the places for you else wait for dinner and head over to double knot,33,163,negative
xilt6zGZ3Nqo2_fogn3jjA,"By far the best deli I have ever been to in the US. YEP, the US. Lots of crazy choices and oh it is hard to pick!! The Muffalata is so big 4 people can share. It is so tasty and amazing! Go on Saturday or Thursday night when they have live music! The special is always a good pick and don't worry there are plenty of sides to choose from. Great Chili, potato salad and of course chips. GO NOW...",positive,,positive,,positive,positive,,,,,,,,5,by far the best deli i have ever been to in the us yep the us lots of crazy choices and oh it is hard to pick the muffalata is so big people can share it is so tasty and amazing go on saturday or thursday night when they have live music the special is always a good pick and don t worry there are plenty of sides to choose from great chili potato salad and of course chips go now,81,379,positive
kTK8-zo58XWVRZBxk3fXpw,"Let me start by saying that the food was was a solid 4stars.  Portions as well.  I enjoyed my basil chicken while my date had peppered beef which was a tad bland for my liking. The only reason for not giving this place 4 stars was the service.  We didnt receive our waters until the entrees came and the waitress was generally unattentive. Also a bit odd was that rice must me ordered as a side. Southeast Asian food without rice??? Never heard of sucha thing. But Everything considered, it is worth a try.","positive, negative",negative,,,negative,positive,,,,,,,,3,let me start by saying that the food was was a solid stars portions as well i enjoyed my basil chicken while my date had peppered beef which was a tad bland for my liking the only reason for not giving this place stars was the service we did not receive our waters until the entrees came and the waitress was generally unattentive also a bit odd was that rice must me ordered as a side southeast asian food without rice never heard of sucha thing but everything considered it is worth a try,94,490,neutral
S6pQZQocMB1WHMjTRbt77A,The place is cute and the staff was very friendly. Nice menu. Good for brunch. We had lunch and were seated right away. I really enjoyed the avocado  toast and side of bacon. Nice to have another brunch place nearby.,positive,positive,positive,,positive,,,,,positive,,,,5,the place is cute and the staff was very friendly nice menu good for brunch we had lunch and were seated right away i really enjoyed the avocado toast and side of bacon nice to have another brunch place nearby,40,209,positive
P-CrxcEYcUIjBuoVQ-YIAA,"Always dead on with fresh made foods. Folks are friendly, food is great, Italian Specialties are always tasty. Great rolls too. The comment from OTTIS B. is not true; maybe it was him, as he said ""after paying"" he went back. Owners aim to please.....",positive,positive,,,positive,positive,,,,,,,,5,always dead on with fresh made foods folks are friendly food is great italian specialties are always tasty great rolls too the comment from ottis b is not true maybe it was him as he said after paying he went back owners aim to please,45,234,positive
k4qQtZ_ooqUvdIOkDba-PQ,What the heck has happened to Claim Jumper?? The food used to be very good. My girlfriend and I went there for lunch and it was terrible! It used to be one of my favorite restaurants but the food is no longer worth eating. I can only assume they will be going out of business soon. Very sad.,negative,,,,,"positive, negative",,,,,,,,3,what the heck has happened to claim jumper the food used to be very good my girlfriend and i went there for lunch and it was terrible it used to be one of my favorite restaurants but the food is no longer worth eating i can only assume they will be going out of business soon very sad,58,284,neutral
LH2a8f7CGYYOVGzXESRCMA,"A new Indonesian restaurant established in the heart of South Philly with the touch of Medan taste. Sky Cafe has a small menu with popular dishes. The restaurant can seat about 30 people, so if you show up for lunch on a weekend, plan on waiting for a few minutes. Otherwise, great food and prices.",positive,,,positive,,,,,,,,,,5,a new indonesian restaurant established in the heart of south philly with the touch of medan taste sky cafe has a small menu with popular dishes the restaurant can seat about people so if you show up for lunch on a weekend plan on waiting for a few minutes otherwise great food and prices,54,288,positive
PgtEFLO6Ke49pkKuxiKacQ,"Good Hispanic food, not authentic but if you want plates that look good for photos and decent food, go here.",positive,,,,"negative, positive",,,,,,,,,5,good hispanic food not authentic but if you want plates that look good for photos and decent food go here,20,105,positive
UHHKFPgkHNO4foxCMUeJzg,"As a frequent guest at the Chase I often enjoy a low key dinner on the patio. The food is fine. Nothing special. It gets truly unbearable on Sundays by the pool and Thursday nights when it becomes an inadvertent homage to Night at the Roxbury. Loud terrible music, a crowd that makes Jersey look respectable and hotel guests calling to complain. It has a serious identity crisis. Is this a fancy hotel or a shitty nightclub? The sad truth is the latter. 2 stars.",neutral,,"positive, negative",,,negative,,,,,,,,3,as a frequent guest at the chase i often enjoy a low key dinner on the patio the food is fine nothing special it gets truly unbearable on sundays by the pool and thursday nights when it becomes an inadvertent homage to night at the roxbury loud terrible music a crowd that makes jersey look respectable and hotel guests calling to complain it has a serious identity crisis is this a fancy hotel or a shitty nightclub the sad truth is the latter stars,84,450,neutral
iUOsrPFt7oLFT8kqGzN7RQ,"Can you at least put some meat on that cheesesteak! Not a good bang for your buck. But as someone said, it's the only gig in town. Gosh,  McDonald's gives you a bigger burger and more fries, at a cheaper price! Never use to be this way at Parkside.",negative,,,negative,,,,negative,,,,,,1,can you at least put some meat on that cheesesteak not a good bang for your buck but as someone said it s the only gig in town gosh mcdonald s gives you a bigger burger and more fries at a cheaper price never use to be this way at parkside,51,239,negative
JgoPc1oKba-v9YAaAEyjng,"I haven't seen the book, but I think hotchickswithdouchebags.com is a hilarious website that.... Oops!  I forgot - this is a review for Pearl... in my defense, it's very easy to confuse the two.  I went to Pearl to see a DJ who I'd enjoyed at Silk City, but it was choch central and after one overpriced drink both my wallet and my soul were hurting.",,,negative,,,,,,,,,negative,,1,i haven t seen the book but i think hotchickswithdouchebags com is a hilarious website that oops i forgot this is a review for pearl in my defense it s very easy to confuse the two i went to pearl to see a dj who i d enjoyed at silk city but it was choch central and after one overpriced drink both my wallet and my soul were hurting,69,333,negative
qHQxx1g8rGno-LRd1OxsiA,"Ate lunch here for the first time, and overall it was a good meal at a decent price and it was fast.  I ordered the NY Strip Teriyaki Bento Box which came with the NY Strip in a nice teriyaki sauce on a bed of green peppers and onions, with miso soup, a California roll, white rice and a house salad with ginger dressing.  I asked for the steak to be cooked medium rare, and it was definitely on the rare side.  It was good, the cali roll was good and the ginger dressing was... good.  The service was very good and fast.  Everything was good, but nothing was spectacular.  So... 4 stars.",positive,positive,,,,,,positive,,,,,,5,ate lunch here for the first time and overall it was a good meal at a decent price and it was fast i ordered the ny strip teriyaki bento box which came with the ny strip in a nice teriyaki sauce on a bed of green peppers and onions with miso soup a california roll white rice and a house salad with ginger dressing i asked for the steak to be cooked medium rare and it was definitely on the rare side it was good the cali roll was good and the ginger dressing was good the service was very good and fast everything was good but nothing was spectacular so stars,112,560,positive
qUorhmd0Eb7dW5HrgZ9ywQ,I quite agree with most of the reviews posted here about the owner of this terrible place. I feel the owner is mentally ill or normally high on weed. He is a racist bastard and I will not be surprised if someone's sues to this place/owner in future.  I don't want to go into the minute details about our conversation with the owner but I would suggest that you should only visit this place in case you are fine with being treated as shit.I would rather spend an extra $10 bucks and go to a better place with better customer service.  I would have given 0 or less rating had yelp provided me that option.,,negative,,,,negative,,,,,,,,1,i quite agree with most of the reviews posted here about the owner of this terrible place i feel the owner is mentally ill or normally high on weed he is a racist bastard and i will not be surprised if someone s sues to this place owner in future i don t want to go into the minute details about our conversation with the owner but i would suggest that you should only visit this place in case you are fine with being treated as shit i would rather spend an extra bucks and go to a better place with better customer service i would have given or less rating had yelp provided me that option,117,590,negative
aHtgSP4nTEtHvYQ0TE6w1g,Their bird & pig sandwich is the bomb. Brie cheese is one of my favs and this sandwich offers plenty. The Asian Slaw was a suggestion from our waitress and did not disappoint. It was yummy. The sesame seeds made all the difference. Full bar always has a variety of tasty drink options. This place is cool bc it has a vegan options for those folks with those dietary needs.,positive,,,,positive,positive,,,,,positive,,,5,their bird pig sandwich is the bomb brie cheese is one of my favs and this sandwich offers plenty the asian slaw was a suggestion from our waitress and did not disappoint it was yummy the sesame seeds made all the difference full bar always has a variety of tasty drink options this place is cool bc it has a vegan options for those folks with those dietary needs,69,363,positive
qFgZtnFfvv73CByNPl1BjA,"My go to place for fried seafood here in Nashville!  I LOVE, LOVE, LOVE the fried oysters and clam strips basket!  The seafood is always fresh and tasty!  On days when I'm ""trying"" to be good, I flip the menu over to their sushi offerings...the Green Goddess and the Shrimp Pad Thai are my faves!",positive,,,,positive,positive,,,,,,,,5,my go to place for fried seafood here in nashville i love love love the fried oysters and clam strips basket the seafood is always fresh and tasty on days when i m trying to be good i flip the menu over to their sushi offerings the green goddess and the shrimp pad thai are my faves,57,282,positive
gj_usrjf1TIkh73H-QO3uw,"Went here with my boyfriend and we loved it! Old school feeling, with 3 floors!!  We have been here twice, and each time was great! The food was amazing, I got the veal since it had been recommended to me, as well as the clams casino, mussles, pasta with oil and garlic, and the home-made garlic bread. Staff was nice and helpful!  ...Went here again recently while in the area and had this new dish of gnocchi with gorgonzola sauce in it, and it was delicious!!!!! My new favorite dish as this place.   MUST EAT!!!",positive,positive,positive,,,positive,,,,,,,,5,went here with my boyfriend and we loved it old school feeling with floors we have been here twice and each time was great the food was amazing i got the veal since it had been recommended to me as well as the clams casino mussles pasta with oil and garlic and the home made garlic bread staff was nice and helpful went here again recently while in the area and had this new dish of gnocchi with gorgonzola sauce in it and it was delicious my new favorite dish as this place must eat,95,483,positive
z7886BlNmDO_Egyq3fY_AA,"This was mine and my fiancé's first time eating here because it not only just opened up, but I got a coupon for a free pizza, so why not right?  We weren't blown away with the experience or the pizza, but liked that it was fast and efficient. The staff that made that pizza was very friendly, but the cashier wasn't sharing that same enthusiasm.   Wouldn't drive out of my way to go here, but if we are in the neighborhood and feel like some pizza, we may go back.",negative,"positive, negative",,positive,,negative,,,,,,,,3,this was mine and my fianc s first time eating here because it not only just opened up but i got a coupon for a free pizza so why not right we weren t blown away with the experience or the pizza but liked that it was fast and efficient the staff that made that pizza was very friendly but the cashier wasn t sharing that same enthusiasm wouldn t drive out of my way to go here but if we are in the neighborhood and feel like some pizza we may go back,94,450,neutral
UOfpciAn1koaoGYDTFoW7g,"Ok so I lied. There is no falafel here. Went back and got the ziggy burger (eh), crispy chick'n sandwhich (amazing!), quinoa chili (yum), udon salad (eh), and sweet potato fries (pretty good). It's nice to have the option of a vegetarian fast food place because who knows what some of those places put in the mean.","neutral, positive",,,,"negative, positive",,,,,,,,,5,ok so i lied there is no falafel here went back and got the ziggy burger eh crispy chick n sandwhich amazing quinoa chili yum udon salad eh and sweet potato fries pretty good it s nice to have the option of a vegetarian fast food place because who knows what some of those places put in the mean,59,295,positive
JPH0dfbezXv0-hjG8_dalw,"I get annoyed when I go to a place that's open, yet the doors are locked and the staff makes me wait to come in. If you're open, you're open. If the doors were unlocked you wouldn't have to roll your eyes and come unlock it.   Other than that food was quick. Faster that the iced coffee. Which she made and immediatly walked away from making me have to wait then eventually get pissed and have to reach over the counter to get.   Ughhhhhh. Why do I do this to myself",positive,negative,,,,negative,,,,,,,,3,i get annoyed when i go to a place that s open yet the doors are locked and the staff makes me wait to come in if you re open you re open if the doors were unlocked you wouldn t have to roll your eyes and come unlock it other than that food was quick faster that the iced coffee which she made and immediatly walked away from making me have to wait then eventually get pissed and have to reach over the counter to get ughh why do i do this to myself,95,449,neutral
m8kEghTvKeB6o6yvKqtVZg,"I just moved here and have been a Chinese food lover for ever. I have had some bad chinese food, but these people messed up Wanton Soup, Egg Foo Young, Orange Chicken and they even messed up the crispy noodles. This is by far not even what I would call Chinese, maybe slop. I could make better food  and probably should have tried but my cookware was still packed. I just threw $60. out the window, please save your Money. Heed my warning and don't waste a dime here. Horrible. I threw it all out.",negative,,,,,,,negative,,,,,,1,i just moved here and have been a chinese food lover for ever i have had some bad chinese food but these people messed up wanton soup egg foo young orange chicken and they even messed up the crispy noodles this is by far not even what i would call chinese maybe slop i could make better food and probably should have tried but my cookware was still packed i just threw out the window please save your money heed my warning and don t waste a dime here horrible i threw it all out,95,478,negative
B8sUIRgisTiHbpdw5X1wMg,"This place never disappoints.  Even though they didn't have the seafood listed on the menu for our dish,  the substitutions might have been better. Since it is a tiny place there is sometimes a wait...  But it's well worth it. As always,  the leftovers were just as delicious...","negative, positive",negative,,,negative,positive,,,,,,,,3,this place never disappoints even though they didn t have the seafood listed on the menu for our dish the substitutions might have been better since it is a tiny place there is sometimes a wait but it s well worth it as always the leftovers were just as delicious,50,263,neutral
qUg8WAiB5OBzrAFnYutOXg,"It was our first time eating there and we ordered the buffalo chicken bites, chicken tacos, stuffed potato spring rolls and salmon three way! The food was mediocre and our server was really slow! Don't think we'll be going back there!",negative,negative,,,,negative,,,,,,,,1,it was our first time eating there and we ordered the buffalo chicken bites chicken tacos stuffed potato spring rolls and salmon three way the food was mediocre and our server was really slow don t think we ll be going back there,43,229,negative
Hrno8kOobp9O009DRbsVgQ,"On the same lines as any of the Scotty's Brewhouses around Indiana, but this one prides itself for being organic.  Also has a list of beers from different Indiana breweries (a plus in my book).  I had a bison burger which I really liked and would recommend it to any burger fan.",positive,,,,positive,,,,,,positive,,,5,on the same lines as any of the scotty s brewhouses around indiana but this one prides itself for being organic also has a list of beers from different indiana breweries a plus in my book i had a bison burger which i really liked and would recommend it to any burger fan,53,270,positive
YQtuP2OsLItDgSyEu5wfHA,"Had a falafel wrap here a few years ago. Not bad, so tried it again today. No flavor, except extreme saltiness! The falafels & pita = no flavor. I was hoping the tzatziki sauce would pull it all together, nope! It had no flavor either. It wasn't like the sauce you'd imagine, but more like a thin tasteless glue. Only good part about the wrap were the fresh diced cucumber & tomato, too bad that was underneath the icky white sauce that doesn't even deserve to be called tzatziki : (","negative, positive",,,,,,,,,,,,,3,had a falafel wrap here a few years ago not bad so tried it again today no flavor except extreme saltiness the falafels pita no flavor i was hoping the tzatziki sauce would pull it all together nope it had no flavor either it wasn t like the sauce you d imagine but more like a thin tasteless glue only good part about the wrap were the fresh diced cucumber tomato too bad that was underneath the icky white sauce that doesn t even deserve to be called tzatziki,89,461,neutral
2iJRf9PbAEG_zYDgOZDeog,"This place was so not with the price. Chips were staleish. I asked waitress if I could get shrimp in tacos some other way than fried and she said no, they are pre battered.  So we ordered fish tacos and fish was fried. Husband got mole salmon which had no flavor so he had to ask for hot sauce. Bill was 100 for 2 small tacos, salmon and a few drinks. This place will not last long.",negative,negative,,,,negative,,negative,,,,,,1,this place was so not with the price chips were staleish i asked waitress if i could get shrimp in tacos some other way than fried and she said no they are pre battered so we ordered fish tacos and fish was fried husband got mole salmon which had no flavor so he had to ask for hot sauce bill was for small tacos salmon and a few drinks this place will not last long,75,366,negative
JTtnrZDdjfuHfmWrN4OUpw,I've been coming to the Newtown Saladworks for 4 years.  I like seeing many of the same friendly faces and the best part is that they know my salad order as soon as I get to the counter without even saying it!    My coworkers and I often go out to lunch and the one place we haven't been disappointed by is Saladworks!,,positive,,,,positive,,,,,,,,5,i ve been coming to the newtown saladworks for years i like seeing many of the same friendly faces and the best part is that they know my salad order as soon as i get to the counter without even saying it my coworkers and i often go out to lunch and the one place we haven t been disappointed by is saladworks,63,309,positive
ubFaWabBba1ek28qVI_Avw,"Meh, a decent place to get your greasy food but they're pretty disorganized and will likely get your order wrong.  (They've almost always miss the peppers on my hot dog.)  They have Chicago memorabilia decorating the place but the place is sparse enough that is isn't cheezy.  Who knew it would be so hard to find a decent hot dog place!","positive, negative",negative,positive,,,,,,,,,,,3,meh a decent place to get your greasy food but they re pretty disorganized and will likely get your order wrong they ve almost always miss the peppers on my hot dog they have chicago memorabilia decorating the place but the place is sparse enough that is isn t cheezy who knew it would be so hard to find a decent hot dog place,64,327,neutral
rmZ5K6fIJXmN_XmrsgBidw,"We came in on raceday so I'm wondering if they just really weren't expecting too much business. We got cuban sandwiches, rice, pastalitos (they were out of chicken) and fried plantains. The owner and staff were all really friendly and I like the location and atmosphere, but stopped there. The bread was obviously stale to begin with on the sandwiches and the pastalitos were both cold. The meat wasn't warm at all. Just disappointing that we spent $30+ for what seemed like leftovers from the day before and I'm still craving Cuban food",negative,positive,positive,,,,,negative,,positive,,,,3,we came in on raceday so i m wondering if they just really weren t expecting too much business we got cuban sandwiches rice pastalitos they were out of chicken and fried plantains the owner and staff were all really friendly and i like the location and atmosphere but stopped there the bread was obviously stale to begin with on the sandwiches and the pastalitos were both cold the meat wasn t warm at all just disappointing that we spent for what seemed like leftovers from the day before and i m still craving cuban food,96,522,neutral
g0BbsNIPy6Et3xLjl0YHPQ,This place is walking distance to my office and the lunch prices are pocket friendly! But the food it's really not so great. Bland and unappealing. I would recommend Thai Kitchen in Maryland Heights!,negative,,,,,,,positive,,positive,,,,3,this place is walking distance to my office and the lunch prices are pocket friendly but the food it s really not so great bland and unappealing i would recommend thai kitchen in maryland heights,35,195,neutral
Xu8Y0SV3E247GnczkU4f_A,(3.5) ~ Overall Food & Service  MY MENU * Oreo Malt Shake = (4) very good * Fries = (3.5) good * Burger = (3) ok...too salty:-(,"positive, negative",,,,,,positive,,,,,,,3,overall food service my menu oreo malt shake very good fries good burger ok too salty,16,85,neutral
0kMlS1dVfIw1bH1jK5q9Pw,"I will get straight to the point..... If you are ever anywhere near Camden NJ, In fact if you are anywhere in the State of NJ, get to Santana's for breakfast and pastries.   Their coffee puts Starbucks, DD, Micky D's and all the rest to shame!!   Their pastries are INCREDIBLE!!  You would have to fly to Boricua ( Puerto Rico) to even come close!!    My business is in neighboring Pennsauken, and we are there every morning!!!",positive,,,,,positive,positive,,,,,,,5,i will get straight to the point if you are ever anywhere near camden nj in fact if you are anywhere in the state of nj get to santana s for breakfast and pastries their coffee puts starbucks dd micky d s and all the rest to shame their pastries are incredible you would have to fly to boricua puerto rico to even come close my business is in neighboring pennsauken and we are there every morning,77,396,positive
Xh65-2dKSki897nspdd_LA,"Great bbq. I love their mac and cheese,  as well as their other sides. The brisket is extremely tender,  and so is the pork. You also get free ice cream so that never hurts, lol.",positive,,,positive,,,,,,,,,,5,great bbq i love their mac and cheese as well as their other sides the brisket is extremely tender and so is the pork you also get free ice cream so that never hurts lol,35,169,positive
q9BRZUJxnIwbI4v_vroEuA,"Excellent service!! Great happy hour deal!! I only tried the chips and guacamole this time, but I will be back to try more. Fresh and delicious food.",positive,positive,,,,,,positive,,,,,,5,excellent service great happy hour deal i only tried the chips and guacamole this time but i will be back to try more fresh and delicious food,27,142,positive
TNU6p_rBVNVePKnSs6e_kw,"Hmm...I have never had a bad experience here.  I've probably been here 4 to 5 times, always for dinner, and I think mostly weekends.  Our whole party has always been happy with their food and service.  My burger is always delicious and as a picky beer drinker (IPAs and Pale Ale's only, please), I am more than satisfied with their selection and prices.  I was stoked that they opened a Cheeseburger in Paradise here...I always visit the one in Lahaina town when in Maui.",positive,positive,,,positive,positive,positive,,,,,positive,,5,hmm i have never had a bad experience here i ve probably been here to times always for dinner and i think mostly weekends our whole party has always been happy with their food and service my burger is always delicious and as a picky beer drinker ipas and pale ale s only please i am more than satisfied with their selection and prices i was stoked that they opened a cheeseburger in paradise here i always visit the one in lahaina town when in maui,86,448,positive
S090oC7VD0ZnYdBYeH1B9w,"Place is similar to Applebee's ... the food is alright and my stomach was bugging me for a while. I came back here for the second time to see if I'd feel the same and I was unfortunately let down with the food. For the price, I expect some better quality.","neutral, negative",,,,,neutral,,negative,,,,,,1,place is similar to applebee s the food is alright and my stomach was bugging me for a while i came back here for the second time to see if i d feel the same and i was unfortunately let down with the food for the price i expect some better quality,52,247,negative
FbHTJfPbg5I_YPBQYooACQ,Decent falafel wrap...but not exactly cheap. And the cave-like sitting area was cold and uninviting. There are better choices in Manayunk.,neutral,,negative,negative,,,,,,,,,,1,decent falafel wrap but not exactly cheap and the cave like sitting area was cold and uninviting there are better choices in manayunk,23,133,negative
Ewv1cwCYbPiiwUAR12eG8Q,"Ohana means family, and as soon as you enter this restaurant and meet the owner teresa you will truly feel like you are just that. The food is delicious and healthy, from the meat options to vegan, you will not be disappointed with anything on the menu.",positive,positive,,,positive,positive,,,,,,,,5,ohana means family and as soon as you enter this restaurant and meet the owner teresa you will truly feel like you are just that the food is delicious and healthy from the meat options to vegan you will not be disappointed with anything on the menu,47,248,positive
PMekHp126TAwlR0Adh_XBw,"I like Deweys's primary because it's close to my house.  The pizza looks great and the crust is good.  My gripe with Dewey's is that the pizzas are just so salty.  We had the pepperoni, socrates revenge, and bronx bomber.  It's like a eatting a brick of salt.  I'm not sure if it's the amount of salt sauce combined with the salty meat, but the combo so overwhelming, I tastebuds are numb to any other flavor.  Otherwise, if they fix that, I would love it.    As for the salads, they're a good size, but seems like something you can toss together yourself.  I usually not get because don't want to spend the money on it.","positive, negative",,,negative,,,,,,positive,,,,3,i like deweys s primary because it s close to my house the pizza looks great and the crust is good my gripe with dewey s is that the pizzas are just so salty we had the pepperoni socrates revenge and bronx bomber it s like a eatting a brick of salt i m not sure if it s the amount of salt sauce combined with the salty meat but the combo so overwhelming i tastebuds are numb to any other flavor otherwise if they fix that i would love it as for the salads they re a good size but seems like something you can toss together yourself i usually not get because don t want to spend the money on it,123,593,neutral
L81UYYyAUyk1BgpQeWJqLA,Once again as of Friday it seems as though Wholefoods is moving away from organic and non gmo labeled products!  This transition is moving Sooo slow! Wholefoods market share will no doubt decline!  Also they always out of stock of store brand organic chicken breast,,,,,negative,,,,,,,,,3,once again as of friday it seems as though wholefoods is moving away from organic and non gmo labeled products this transition is moving soo slow wholefoods market share will no doubt decline also they always out of stock of store brand organic chicken breast,45,259,neutral
Fk1PhR1GnHSxkIPmIzW84g,"Great food and drinks, albeit overpriced I had the salt of the earth cocktail and it had great flavor. The angry chicken chicken taco was good, but one wasn't very filling. We had the shiitake, lemon and cauliflower pizza as an appetizer and it had good flavor as well.","positive, negative",,,,,,positive,negative,,,,,,3,great food and drinks albeit overpriced i had the salt of the earth cocktail and it had great flavor the angry chicken chicken taco was good but one wasn t very filling we had the shiitake lemon and cauliflower pizza as an appetizer and it had good flavor as well,50,263,neutral
6zHmtQPQO8I9Fll1W8dPpg,"health food overload. this place looks and smells like the prototypical health food store, which i do not dig. (call me what you will, but i like my health food disguised in pretty environs like whole foods. if i'm going to pay top dollar, i don't want to feel like i've walked into a feed store.)  there are lots of products for lots of special needs; however, i found that some things were more expensive than the nearby whole foods so unless i absolutely need something that only essene has, i'll likely not return.",,,negative,negative,negative,negative,,negative,,,,,,1,health food overload this place looks and smells like the prototypical health food store which i do not dig call me what you will but i like my health food disguised in pretty environs like whole foods if i m going to pay top dollar i don t want to feel like i ve walked into a feed store there are lots of products for lots of special needs however i found that some things were more expensive than the nearby whole foods so unless i absolutely need something that only essene has i ll likely not return,98,504,negative
K1XKPfI27l9aSX8BoiQT4Q,"Four stars for product.  ZERO STARS FOR THE RUDEST MOST ARROGANT, OBNOXIOUS 'CUSTOMER SERVICE'.  I should have walked out of there ... but I didn't and I am still kicking myself.  Pralines are good.  Good texture, good bite quality, I would go slightly less on the sugar and more on the flavour.  But good product nonetheless.","positive, negative",negative,,,,,,,,,,,,3,four stars for product zero stars for the rudest most arrogant obnoxious customer service i should have walked out of there but i didn t and i am still kicking myself pralines are good good texture good bite quality i would go slightly less on the sugar and more on the flavour but good product nonetheless,56,306,neutral
_zhRVwK1_iP896IBhiqULg,This place was really surprising.  The food was good and worth the money and while the location seems like a good idea it actually keeps me from going back when I do not have a need to be in that plaza.,positive,,,positive,,positive,,,,negative,,,,3,this place was really surprising the food was good and worth the money and while the location seems like a good idea it actually keeps me from going back when i do not have a need to be in that plaza,41,199,neutral
1o4UpE7ynMDQUz-qh8Mb6A,"Good food. Not as busy as the other Japanese steakhouses. Worth stopping by. My first time there and had a nice lunch with my family. Ordered traditonal hybatchi grill food and a sushi roll. I've had better but not bad, not bad at all.  Next time we will try something a little more signature to this restaurant!","positive, neutral",positive,,,,positive,,,,,,,,5,good food not as busy as the other japanese steakhouses worth stopping by my first time there and had a nice lunch with my family ordered traditonal hybatchi grill food and a sushi roll i ve had better but not bad not bad at all next time we will try something a little more signature to this restaurant,58,303,positive
-8RioWSSLRLN9ArBHloz0Q,I legit just walked into Blaze being 9pm and as soon as I got to the line I was told that they are closed. I'm not sure if this is correct as the hours online and on the front door states that they are open until 10pm daily. I also checked the website before coming into Blaze. This pizzeria is new to the area so I was actually pretty stoked to check them out and unfortunately my first experience is not what I expected. It would have been courteous for them to give me an explanation for their time change on a Tuesday night.,,negative,,,,negative,,,,,,,,1,i legit just walked into blaze being pm and as soon as i got to the line i was told that they are closed i m not sure if this is correct as the hours online and on the front door states that they are open until pm daily i also checked the website before coming into blaze this pizzeria is new to the area so i was actually pretty stoked to check them out and unfortunately my first experience is not what i expected it would have been courteous for them to give me an explanation for their time change on a tuesday night,105,520,negative
eljIi2P72vnShJexx5weBQ,I come to Indy every year for business and this place is great.food was delicious and this is st Elmo's sister rest. St Elmo's shrimps cóctel is great.make sure you make a reservation .I recommend.,positive,,,,,positive,,,,,,,,5,i come to indy every year for business and this place is great food was delicious and this is st elmo s sister rest st elmo s shrimps c ctel is great make sure you make a reservation i recommend,40,194,positive
SQhSbRTzbDCVZjL59RRmPg,"This places never lets me down, I love their cilantro rice and there chicken sandwich is amazing! I add the yellow sauce to everything! If you haven't been, you must try!",positive,,,,positive,positive,,,,,,,,5,this places never lets me down i love their cilantro rice and there chicken sandwich is amazing i add the yellow sauce to everything if you haven t been you must try,32,165,positive
ZLz3iYrRB4CM-FNNERbAHA,"I got the Stuffed Pepper, Shrimp Pasta & green beans. There was NO stuffing in the pepper. Only heavily seasoned ground beef. No shrimp in the pasta, just 3 on top. Green beans were too salty. I'll just stick to the Turkey necks. Been here several times and have only had 1 good plate.",negative,,,,,,,,,,,,,1,i got the stuffed pepper shrimp pasta green beans there was no stuffing in the pepper only heavily seasoned ground beef no shrimp in the pasta just on top green beans were too salty i ll just stick to the turkey necks been here several times and have only had good plate,52,270,negative
Xs8Z8lmKkosqW5mw_sVAoA,"My absolute favorite cafe in the city. Their black and white latte is probably the best I've ever had (not too sweet and just the right amount of foam), soups are always really good (even for non-soup people) and there's just a lot of space to do work. The noise level is perfect, the music is at a perfect level, and I always enjoy when patrons bring their dogs. I'll keep giving them my business for as long as I can.",positive,,positive,,,positive,positive,,,,,,,5,my absolute favorite cafe in the city their black and white latte is probably the best i ve ever had not too sweet and just the right amount of foam soups are always really good even for non soup people and there s just a lot of space to do work the noise level is perfect the music is at a perfect level and i always enjoy when patrons bring their dogs i ll keep giving them my business for as long as i can,85,408,positive
WHssgGeV5mFCFe2yblGm0Q,"If you're looking for a great happy hour then this is your spot! Their happy hour menu has many choices for drinks and appetizers. My mom and I frequently go to On The Border for margaritas because they are delicious! If you go during the summer, you must try the watermelon margarita. :-) the only complaint I have ever had here is their service. On The Border is frequently getting new employees who aren't always as attentive as you'd like your service to be. It is common to wait long periods of time for your bill or even need a refill for chips and a drink.",,negative,,,positive,positive,positive,,,,positive,,,5,if you re looking for a great happy hour then this is your spot their happy hour menu has many choices for drinks and appetizers my mom and i frequently go to on the border for margaritas because they are delicious if you go during the summer you must try the watermelon margarita the only complaint i have ever had here is their service on the border is frequently getting new employees who aren t always as attentive as you d like your service to be it is common to wait long periods of time for your bill or even need a refill for chips and a drink,108,551,positive
UmxZjU3W-aeZ6wQBR_qtuA,Only have had drinks there as the menu looks like nothing special.   But The atmosphere is really cool to have a drink in.   It has a nice breeze and you can see the gulf from inside the bar.,,,positive,,,,negative,,,,,,,5,only have had drinks there as the menu looks like nothing special but the atmosphere is really cool to have a drink in it has a nice breeze and you can see the gulf from inside the bar,38,184,positive
qYd0CbpgOFCBo6hsaSCh4g,"This place has phenomenal food from start to finish. The brussel sprouts were so savory, we ordered two helpings. We also had two of the chicken tacos, and two of the braised short ribs. For dessert, I believe we had something chocolate, and definitely delicious. We actually went to this place back in April but as I'm sitting in another restaurant telling my friend about our experience at this place, I thought I should write them a review since it was so worthy!",positive,,,,,positive,,,,,,,,5,this place has phenomenal food from start to finish the brussel sprouts were so savory we ordered two helpings we also had two of the chicken tacos and two of the braised short ribs for dessert i believe we had something chocolate and definitely delicious we actually went to this place back in april but as i m sitting in another restaurant telling my friend about our experience at this place i thought i should write them a review since it was so worthy,84,456,positive
erTo1f8QG4__DsFFuh1dcQ,"Visiting my daughter at nearby college and she wanted some Japanese food. Yelp review brought us here.  My wife and I ordered Chirashi and it looked okay at first but sashimi slices were a bit thin and rice had very little sushi rice flavor.  Problem was the freshness. Fish didn't have any firmness to it and they smell fishy. My son's salmon wasn't fresh either. My daughter's Unagi Don was okay.  Misoshiru was watery and tasteless. If you like cooked items, lots of mayo, teriyaki sauce and lots of avocados, this is your place.   I would give service 3, overall food 2 and sushi or sashimi 1 star for freshness.","neutral, negative",neutral,,,,,,,,,,,,1,visiting my daughter at nearby college and she wanted some japanese food yelp review brought us here my wife and i ordered chirashi and it looked okay at first but sashimi slices were a bit thin and rice had very little sushi rice flavor problem was the freshness fish didn t have any firmness to it and they smell fishy my son s salmon wasn t fresh either my daughter s unagi don was okay misoshiru was watery and tasteless if you like cooked items lots of mayo teriyaki sauce and lots of avocados this is your place i would give service overall food and sushi or sashimi star for freshness,111,591,negative
y1CKb9ltYWadxx3ImQkOeQ,Standard Chili's experience: Fast service and yummy food. I love that you can now order and pay from the tablets at the tables... very cool!,positive,positive,,,,,,,,,,,,5,standard chili s experience fast service and yummy food i love that you can now order and pay from the tablets at the tables very cool,26,134,positive
JqFt66fEtRl8l1kmMC61_A,"Absolute garbage company. Trying to get from Indy to Chicago and they are more than an hour late, did not inform me of the delay, and their entire customer policy (feel free to read it on the website) consists of ""we cannot be held responsible for anything."" Sitting at a bus stop with 20 people whom are all having their time wasted with absolutely no recourse.",,negative,,,,,,,,,,,,3,absolute garbage company trying to get from indy to chicago and they are more than an hour late did not inform me of the delay and their entire customer policy feel free to read it on the website consists of we cannot be held responsible for anything sitting at a bus stop with people whom are all having their time wasted with absolutely no recourse,65,350,neutral
LIx-hamEbXBmMQlDlgGRaA,Great Thai food!! I had the Spicy Thai Basil with Chicken!!! Yummy!! Great cool weather with great company at a relaxing Thai restaurant in a lovely patio setting!! Will be back for sure!!,positive,,positive,,,positive,,,,,,,,5,great thai food i had the spicy thai basil with chicken yummy great cool weather with great company at a relaxing thai restaurant in a lovely patio setting will be back for sure,33,177,positive
lmOj_0UU0NJO_mn31ECw8A,"What's the point of setting a pick up time for a ToGo order when you end up waiting 30mins after that to get your food anyway?? The restaurant wasn't busy in the slightest, and it literally took over 30 minutes from the time I was supposed to pick up my order for them to actually bring out my to go order. I could've walked in and ordered food, and I would've gotten it faster.",,negative,,,,,,,,,,,,3,what s the point of setting a pick up time for a togo order when you end up waiting mins after that to get your food anyway the restaurant wasn t busy in the slightest and it literally took over minutes from the time i was supposed to pick up my order for them to actually bring out my to go order i could ve walked in and ordered food and i would ve gotten it faster,77,367,neutral
nHhn0g5ZkhgA3i7boVmO9g,"This mcdonalds is terrible. Place is dirty, employees take too long to take an order, they mess up orders and seems like everyone that works here is miserable. Avoid the aggravation and go some where else.",,negative,negative,,,negative,,,,,,,,1,this mcdonalds is terrible place is dirty employees take too long to take an order they mess up orders and seems like everyone that works here is miserable avoid the aggravation and go some where else,36,200,negative
mMBjSBm_6xdh8NlsinXVGw,Terrible food. Took 25 minutes to get our food. We ordered blueberry pancakes with a side of 2 eggs. Pancakes were overdone and had almost no blueberries. Left with stomach aches and disappointment,negative,negative,,,,,,,,,,,,1,terrible food took minutes to get our food we ordered blueberry pancakes with a side of eggs pancakes were overdone and had almost no blueberries left with stomach aches and disappointment,31,188,negative
f4HYlW3lEoGCQ4fDiW51Zg,Amazing new find! Small cute cafe with VERY reasonable prices for delicious food. I tried the egg on Gouda crepe with bacon which was delicious and well stuffed. I just wish the Gouda taste was a bit stronger and that there was some type of sauce to go with it. The caramel ricotta crepe was DELICIOUS and very well prepared. I'll definitely be coming back to try the rest of their menu!,"positive, negative",,positive,,negative,positive,,positive,,,,,,3,amazing new find small cute cafe with very reasonable prices for delicious food i tried the egg on gouda crepe with bacon which was delicious and well stuffed i just wish the gouda taste was a bit stronger and that there was some type of sauce to go with it the caramel ricotta crepe was delicious and very well prepared i ll definitely be coming back to try the rest of their menu,73,381,neutral
ljPl7_po5zjmN7aXgkc3SA,The St. Paul sandwich is just about perfect. Lack of vegetarian egg rolls is the only bummer for me. It's always fast and delicious here.,positive,positive,,,negative,,,,,,,,,5,the st paul sandwich is just about perfect lack of vegetarian egg rolls is the only bummer for me it s always fast and delicious here,26,133,positive
52Inm8t0OEjXfK4zY8iwuw,"The service was great and the food was good too. I didn't want soup with my grilled cheese since it was such a hot day...so they made me a second grilled cheese!  I didn't try the coffee but had a couple of the smoothies (PB&J, Island Espresso) which were really tasty.   The atmosphere is good-open space-makes it feel larger than it is. And there is a tiny puppy chilling here too.",positive,positive,positive,,,,positive,,,,,,,5,the service was great and the food was good too i didn t want soup with my grilled cheese since it was such a hot day so they made me a second grilled cheese i didn t try the coffee but had a couple of the smoothies pb j island espresso which were really tasty the atmosphere is good open space makes it feel larger than it is and there is a tiny puppy chilling here too,77,370,positive
pauADirph5PtF0V3fH1zPg,"I had sausage gravy and biscuits for my breakfast here and was severely disappointed. The gravy was thin and lacking flavor, the biscuits were under cooked and over flowered. The atmosphere inside is non existent. They try to present themselves as more of an upscale restaurant but are dragged down by the constant rustling of the wait staff replacing the paper table covers. All in all my visits to the café was just disappointing.",negative,negative,negative,,,negative,,,,,,,,1,i had sausage gravy and biscuits for my breakfast here and was severely disappointed the gravy was thin and lacking flavor the biscuits were under cooked and over flowered the atmosphere inside is non existent they try to present themselves as more of an upscale restaurant but are dragged down by the constant rustling of the wait staff replacing the paper table covers all in all my visits to the caf was just disappointing,74,425,negative
2wF0UrCPwX_meD87fD5NAw,"The service was good.  The ingredients were fresh.  Nice and noisy like a kid friendly family place should be.  Plenty of options for your burrito, enough so that my daughter and I could build a burrito to each of our satisfactions.  This feat in itself is no small accomplishment.  I'll be back.",positive,positive,positive,,positive,positive,,,,,,,,5,the service was good the ingredients were fresh nice and noisy like a kid friendly family place should be plenty of options for your burrito enough so that my daughter and i could build a burrito to each of our satisfactions this feat in itself is no small accomplishment i ll be back,53,284,positive
-oZkCD04uGDrx8-JD3PsBQ,I went here for the first time a few days ago.  I really enjoyed the atmosphere and customer service.  The ladies all had really good attitudes.  I will definitely be going back!,,positive,positive,,,positive,,,,,,,,5,i went here for the first time a few days ago i really enjoyed the atmosphere and customer service the ladies all had really good attitudes i will definitely be going back,32,171,positive
SeAYz1h10AKH0JOKkeySyw,"Inconceivable: at a group presentation and they failed, even after a request to do so, turn off the loud of noxious music. Food was served late, 1.5 hour after ordering!! Good: mediocre.",,negative,negative,,,negative,,,,,,,,1,inconceivable at a group presentation and they failed even after a request to do so turn off the loud of noxious music food was served late hour after ordering good mediocre,31,173,negative
ajGV47J_Wm_k_W_veLobsg,Worst service ever.   After waiting 45 mins called and they say driver just left 20 mins late same story finally after almost 2 hours the wrong food shows up as well as everything disgusting. Called back listened to owner yell at waitress about this wile I'm listening so I drive there for a refund and over arguing w me even though order was horrible ..   wow worst food worst service and the owner is completely unprofessional...,negative,negative,,,,,,,,,,,,1,worst service ever after waiting mins called and they say driver just left mins late same story finally after almost hours the wrong food shows up as well as everything disgusting called back listened to owner yell at waitress about this wile i m listening so i drive there for a refund and over arguing w me even though order was horrible wow worst food worst service and the owner is completely unprofessional,73,411,negative
GU-WyL8mRKzJiNEZyqvFOA,When I went to eat here they were cleaning the ceiling fans right over where the food was being prepared.,,,negative,,,,,,,,,,,1,when i went to eat here they were cleaning the ceiling fans right over where the food was being prepared,20,104,negative
LdeSixSVOEYBeHG_3GF2OA,"Great food.  Good cocktails.  Decent service, although,  the staff could afford to dress distinctly different since its hard to identify them from they other customers.  The bathrooms are a nightmare though.  There simply are not enough when it's busy, which  it is frequently.  Kills the good experience.",positive,"positive, negative",negative,,,negative,positive,,,,,,,3,great food good cocktails decent service although the staff could afford to dress distinctly different since its hard to identify them from they other customers the bathrooms are a nightmare though there simply are not enough when it s busy which it is frequently kills the good experience,48,289,neutral
iuwbcokeZwBNOnU1F3DI-w,"The Smoked Salmon Frittata came with the smoked salmon, egg, potato, red bell peppers, goat cheese, horseradish -dil crema & fresh fruit. And it was as good as it sounded   A very good mod dat brunch, dinner, and private dining spot.",positive,,,,,positive,,,,,,,,5,the smoked salmon frittata came with the smoked salmon egg potato red bell peppers goat cheese horseradish dil crema fresh fruit and it was as good as it sounded a very good mod dat brunch dinner and private dining spot,40,219,positive
6Do80t02Vx6rNMa4JcqkEA,"Mediocre ribs, sauce was too sweet and vinegary. Lack of substitutions for side dishes. Waiter seemed impatient with my friend's pesca-vegetarian dietary restriction.",negative,negative,,,negative,,,,,,,,,1,mediocre ribs sauce was too sweet and vinegary lack of substitutions for side dishes waiter seemed impatient with my friend s pesca vegetarian dietary restriction,25,162,negative
ebJuMT88xHmz9GOQ_EbT8A,"Healthy food is a rarity in Nola, and HK does healthy food fast. I live in the campus area and I love the convenience of this place. The menu covers it all really, so whatever I'm in the mood for they usually have it.",positive,positive,,,positive,positive,,,,,,,,5,healthy food is a rarity in nola and hk does healthy food fast i live in the campus area and i love the convenience of this place the menu covers it all really so whatever i m in the mood for they usually have it,45,212,positive
OUIz0_ZsGSRbwegcCcNnvw,Visited last night for dinner. The turkey burger and loaded fries are just as delicious at the Charlotte Ave location. Happy to have this new location in my Sylvan Park neighborhood!,positive,,,,,,,,,positive,,,,5,visited last night for dinner the turkey burger and loaded fries are just as delicious at the charlotte ave location happy to have this new location in my sylvan park neighborhood,31,179,positive
sx0ZIptpxgO4tVkONTCD1A,We tried to eat lunch here with 7 of us and the whole place empty and were rudely turned away because large parties usually call ahead!  If I could give this place a negative star I sure would.  Besides being in a hard to get to blase strip mall it had no ambiance!  Feel bad for the owner with such poor employees!  Don't waste your time:(,,negative,negative,,,negative,,,,negative,,,,1,we tried to eat lunch here with of us and the whole place empty and were rudely turned away because large parties usually call ahead if i could give this place a negative star i sure would besides being in a hard to get to blase strip mall it had no ambiance feel bad for the owner with such poor employees don t waste your time,66,328,negative
ly__Ip5iGGzr2OK8Gk-P-w,"The waiter was super nice and so was the owner. So, that part is great and lots of beers to choose from. However, the restaurant is very tired, needs painting redone and in serious need of good cleaning, window sills, bathrooms,... The food is at best mediocre and for the price, definitely not worth it. They are very nice people working there though. So their heart is in it, just need to make some changes.",negative,positive,negative,negative,,,,,,,positive,,,1,the waiter was super nice and so was the owner so that part is great and lots of beers to choose from however the restaurant is very tired needs painting redone and in serious need of good cleaning window sills bathrooms the food is at best mediocre and for the price definitely not worth it they are very nice people working there though so their heart is in it just need to make some changes,75,393,negative
Do0M3vXCC78O75ZPheQ8YQ,"The food is mediocre for the prices. Also the hostess tried to sit us in the bar area with five people and a handicap person.  I asked her if we could get something else she said no this is where the next waitress needs a table. What????? So I was about to get the manger and she decided to move us. Their patio is not pet friendly which stinks and do not get the veggie burger it is horrible. They used to have a better one not sure why they changed it. Also please get some dairy free cheese cakes already, it's 2016!   Update: Veggie burger is much better now!","negative, positive",negative,negative,negative,negative,,,,,,,,,3,the food is mediocre for the prices also the hostess tried to sit us in the bar area with five people and a handicap person i asked her if we could get something else she said no this is where the next waitress needs a table what so i was about to get the manger and she decided to move us their patio is not pet friendly which stinks and do not get the veggie burger it is horrible they used to have a better one not sure why they changed it also please get some dairy free cheese cakes already it s update veggie burger is much better now,110,540,neutral
EiJAWh4RA4Y63vd-I-rpaQ,If this was more of a restaurant I would give it four stars but it's really more of a cafeteria.  You get food by the weight and they really only have a couple things to choose from.  Food wasn't bad at all but I think they really could've done more with it and have a better selection of different Indian cuisine.  On the plus side it's really cheap I think my food was like four or five dollars for the plate so its worth it to check it out if in the neighborhood.,positive,,,positive,negative,negative,,,,,,,,3,if this was more of a restaurant i would give it four stars but it s really more of a cafeteria you get food by the weight and they really only have a couple things to choose from food wasn t bad at all but i think they really could ve done more with it and have a better selection of different indian cuisine on the plus side it s really cheap i think my food was like four or five dollars for the plate so its worth it to check it out if in the neighborhood,97,459,neutral
PF8gg-0c6QEc4zYi8zU5lg,"Food was great. Enjoyed a very spicy beef dish which was worth every cent. Our server was a sweetheart, but the reservation process and initial greeting were unacceptable. Pretentious BIG time. I will return, but they need to remember they are not the only place in town!",positive,"positive, negative",,positive,,"negative, positive",,,,,,,,3,food was great enjoyed a very spicy beef dish which was worth every cent our server was a sweetheart but the reservation process and initial greeting were unacceptable pretentious big time i will return but they need to remember they are not the only place in town,47,264,neutral
FwQiOAY9iQYbmG2hUyT8Rg,"The drink menu is nothing special, but the filet mignon sliders with fries are delicious. Service is frequent and warm. The atmosphere wasn't my thing, but it was (loudly) buzzing with conversation the whole time, so at least there's a crowd.  I'd probably go here again for a late night snack, but otherwise I'll stay away. There's a $15 minimum to use a card.",positive,positive,"negative, positive",,,"positive, negative",negative,negative,,,,,,3,the drink menu is nothing special but the filet mignon sliders with fries are delicious service is frequent and warm the atmosphere wasn t my thing but it was loudly buzzing with conversation the whole time so at least there s a crowd i d probably go here again for a late night snack but otherwise i ll stay away there s a minimum to use a card,68,345,neutral
1nysAxJbaE5pfiOrT7fgpQ,We ate here as a walk in birthday celebration dinner on a busy Saturday night. The host was very accommodating and found us a table quickly.  The service was great and the food was fabulous.  This is a great local place with a wonderfully cozy atmosphere. We live in a town with few really good food options so this is a great option if u are looking to stay close but have a great meal. The location on the river is beautiful too. Would be great if there was a real outdoor seating option.,positive,positive,positive,,,positive,,,,positive,,,,5,we ate here as a walk in birthday celebration dinner on a busy saturday night the host was very accommodating and found us a table quickly the service was great and the food was fabulous this is a great local place with a wonderfully cozy atmosphere we live in a town with few really good food options so this is a great option if you are looking to stay close but have a great meal the location on the river is beautiful too would be great if there was a real outdoor seating option,94,483,positive
BwBqCVFKuZ4e-QXNgi5Cwg,AWESOME experience at this funky joint.   Server was super friendly and had the bartender make us off-menu drinks.  Mixologist was on point.  Food? HELL YES. Black bean burger (hold the bun) with chips and salsa-- divine!,positive,positive,,,,positive,positive,,,,positive,,,5,awesome experience at this funky joint server was super friendly and had the bartender make us off menu drinks mixologist was on point food hell yes black bean burger hold the bun with chips and salsa divine,37,207,positive
rl6_w-2Ur3cDflT6PwNIBw,What can you say about beignets and coffee. If you mess that up the place should close. Two stars for piss poor customer service. Word to the wise: don't take someone's order and walk away mid-way to pack up another order for a customer. Unbelievable!,,negative,,,,negative,,,,,,,,1,what can you say about beignets and coffee if you mess that up the place should close two stars for piss poor customer service word to the wise don t take someone s order and walk away mid way to pack up another order for a customer unbelievable,48,245,negative
hi4khsXhk3GgSuDjVSRrbA,This was our 3rd visit in just over a year and nothing has changed. Construction everywhere. Please sync your lights and let the traffic flow.   Your drivers are horrible and I'm talking about just the Snowbirders. People of every age and race had a problem finding their accelerator on their vehicles.   We love the area but would rather drive in LA than Tucson any day.,,,negative,,,,,,,positive,,,,3,this was our rd visit in just over a year and nothing has changed construction everywhere please sync your lights and let the traffic flow your drivers are horrible and i m talking about just the snowbirders people of every age and race had a problem finding their accelerator on their vehicles we love the area but would rather drive in la than tucson any day,66,360,neutral
FMphZfF2GT1fvS59Kbh9rw,"Mr.B's has seen better days. Service is lacking (we reordered bread and never received it, Wine was brought to the table well into the main course, my soup was almost cold). The food is still good, but they really need to work on getting the service to the level it used to be.","negative, positive",negative,,,,,,,,,,,,3,mr b s has seen better days service is lacking we reordered bread and never received it wine was brought to the table well into the main course my soup was almost cold the food is still good but they really need to work on getting the service to the level it used to be,55,269,neutral
GgXDuF9qsAovAIcC70QdOQ,"This place was awesome! It ended up being one of our favorite meals in Nashville - and that is saying a lot!! Our server, Grant, was a rockstar and so helpful and patient with us. Definitely recommend. Great burgers, beer, and staff!",positive,positive,,,,positive,positive,,,,,,,5,this place was awesome it ended up being one of our favorite meals in nashville and that is saying a lot our server grant was a rockstar and so helpful and patient with us definitely recommend great burgers beer and staff,41,221,positive
lAaTQ3tHAa2AG5F1YWncrA,"I am from New York, Alfredo has a spectacular cheesesteak he is very nice I added hot peppers and tomatoes and grilled onions delicious and great price! Extremely friendly and delicious the pizza is also very good. My go to place",positive,positive,,,,positive,,positive,,,,,,5,i am from new york alfredo has a spectacular cheesesteak he is very nice i added hot peppers and tomatoes and grilled onions delicious and great price extremely friendly and delicious the pizza is also very good my go to place,41,226,positive
9fYmkpYxDtv8WIcAYYrjUA,"It's a pretty good go to spot.  Has a menu that offers a variety of foods.  The drinks are pretty good. Service is okay.  Pros: Big tvs, good crowd when a game is on. Cons: can get tight when crowded.",,neutral,"positive, negative",,positive,positive,positive,,,,,,,3,it s a pretty good go to spot has a menu that offers a variety of foods the drinks are pretty good service is okay pros big tvs good crowd when a game is on cons can get tight when crowded,41,188,neutral
nn5Y8Bru4FpgXiNSqfslYw,"We arrived over an hour before the posted closing time, and were greeted with ""I'm closing early.""  So much for IHOP, we went to Dave's Dogs across the freeway and had a good meal -- and they stayed open.  If I had pulled something like that when I was in food service I would have been fired!",positive,,,,,"negative, positive",,,,,,,,3,we arrived over an hour before the posted closing time and were greeted with i m closing early so much for ihop we went to dave s dogs across the freeway and had a good meal and they stayed open if i had pulled something like that when i was in food service i would have been fired,58,281,neutral
rc8yMvo3Qj4_G8uws7jsoA,"TJ'S had great ambience and views. The food was good but not exceptional...price appropriate for area. Service was somewhat slow.  For a more complete review, we will need to try their pizza.",positive,negative,positive,,,,,positive,,,,,,5,tj s had great ambience and views the food was good but not exceptional price appropriate for area service was somewhat slow for a more complete review we will need to try their pizza,34,183,positive
TsH6BrZJdxNh_92I2pGLWQ,Vegetarian hoagie was not impressive but was a bit soggy with an ungenerous amount if wilted lettuce and tomatoes. The person taking my order did not listen to me and wrote down the wrong address and rudely hung up on me. Because of the incorrect address it took the delivery person though nice took awhile to get my food delivered since they went to the wrong location.,negative,negative,,,,,,,,,,,,1,vegetarian hoagie was not impressive but was a bit soggy with an ungenerous amount if wilted lettuce and tomatoes the person taking my order did not listen to me and wrote down the wrong address and rudely hung up on me because of the incorrect address it took the delivery person though nice took awhile to get my food delivered since they went to the wrong location,67,367,negative
v9e5CP88B5n9aH2X_vbuLw,It was great.  I had crab Benedict. Just the kind of place i was looking for. Paud parking on the street was easy to find.,,,,,,positive,,,,positive,,,,5,it was great i had crab benedict just the kind of place i was looking for paud parking on the street was easy to find,25,117,positive
mZsloODjugTSbaKTcCe5lg,"We chose this place based on previous reviews but were disappointed with the food. Would not recommend this place. The cost seems excessive for the items purchased.  We spent about $30 for one pizza steak, french fries, boneless wings and mozzarella sticks.",negative,,,negative,,negative,,,,,,,,1,we chose this place based on previous reviews but were disappointed with the food would not recommend this place the cost seems excessive for the items purchased we spent about for one pizza steak french fries boneless wings and mozzarella sticks,41,246,negative
UVtCh-T1zYwQt5rkhyz9nA,"I had a dinner meeting here on Tuesday night. The Cajun Ribeye steak was cooked to perfection. We were having a great dinner get together, until the waiter accidently knock over a glass of red wine and it wound up on an associate of mine. Really do not think a free desert was the best choice of action in this case",positive,negative,positive,,,,,,,,,,,5,i had a dinner meeting here on tuesday night the cajun ribeye steak was cooked to perfection we were having a great dinner get together until the waiter accidently knock over a glass of red wine and it wound up on an associate of mine really do not think a free desert was the best choice of action in this case,61,311,positive
nZyvS000DGcy6Ilv41SSSQ,Great family restaurant feel. Po boys had the perfect bread. We had 3 different kinds and all were tasty. Mac 'n Cheese was good and a little spicy. Really fabulous service.,positive,positive,positive,,,,,,,,,,,5,great family restaurant feel po boys had the perfect bread we had different kinds and all were tasty mac n cheese was good and a little spicy really fabulous service,30,165,positive
8JyupJb557RpBSJUnsmRnQ,"Leaving hungry. My fish was undercooked, floppy, gloppy and bloody. The Royal Street Salad with bacon, mild blue cheese and delectable herb vinaigrette was delicious - if overdressed. My husband's YaYa Gumbo underwhelmed with lack of spice. Our waitress was a tad snooty too. Cool old school dark wood decor and long bar. If I were you, I'd go somewhere else!","negative, positive",negative,positive,,,negative,,,,,,,,3,leaving hungry my fish was undercooked floppy gloppy and bloody the royal street salad with bacon mild blue cheese and delectable herb vinaigrette was delicious if overdressed my husband s yaya gumbo underwhelmed with lack of spice our waitress was a tad snooty too cool old school dark wood decor and long bar if i were you i d go somewhere else,62,346,neutral
tse0qavwbKNnnlsdZkpL2g,Excellent healthy options for NOLA dining with lots of to go choices. I had turkey meatballs and spaghetti. It is a wonderful lunch place.,,,,,positive,positive,,,,,,,,5,excellent healthy options for nola dining with lots of to go choices i had turkey meatballs and spaghetti it is a wonderful lunch place,24,135,positive
fBqoZi6Jzda8ZBoNrkPhdA,This is the best place in town for great Chinese food. Everything is top notch and one of may favorite things is that they double as a Japanese restaurant with fresh sushi. So I can start out with an appetizer of sashimi and have Chinese for the main course.,positive,,,,,positive,,,,,,,,5,this is the best place in town for great chinese food everything is top notch and one of may favorite things is that they double as a japanese restaurant with fresh sushi so i can start out with an appetizer of sashimi and have chinese for the main course,49,255,positive
V2PQEkMmMj7UH_rINCrkrg,"Food was good.  Waitress was attentive - probably too attentive.  She brought us the wrong check - of course, ours was higher!  Figures!  The main peeve was the opera singer - from his bad toupee to the volume, it was almost comical.  When he did ""Sweet Caroline"" in an operatic style, all we could do was laugh!",positive,negative,negative,,,,,negative,,,,,,3,food was good waitress was attentive probably too attentive she brought us the wrong check of course ours was higher figures the main peeve was the opera singer from his bad toupee to the volume it was almost comical when he did sweet caroline in an operatic style all we could do was laugh,54,290,neutral
_qA6-L34QD8ruHD7xRI0Yg,"Our 1st visit here. We went through the drive thru & ordered 4 Chicago dogs. The total bill was $10.  The Chicago Dogs were great & the only place in a 28 mile radius that you can purchase one. The only 2 things missing were a poppyseed bun & celery salt. My last attempt for a Chicago dog locally was Sonic (yuck). SuperGyro uses 100% beef hot dogs, that neon green relish, sport peppers, onions, dill pickle tomatoes & onion. I'll be back for more & also to try the other menu items.",positive,,,,negative,positive,,neutral,,,,,,5,our st visit here we went through the drive thru ordered chicago dogs the total bill was the chicago dogs were great the only place in a mile radius that you can purchase one the only things missing were a poppyseed bun celery salt my last attempt for a chicago dog locally was sonic yuck supergyro uses beef hot dogs that neon green relish sport peppers onions dill pickle tomatoes onion i ll be back for more also to try the other menu items,84,443,positive
QbM-NTJff1N7RSqof652ug,"I am a huge fan of P.F. Chang's, so when I found out that they made a fast food-type restaurant, I was excited.  The atmosphere isn't like P.F. Chang's; it's loud and it does have a more fast food feel to it. I did, however, love the way it was set up; you order your food at the bar, sit down, and they bring it out to you in 5 minutes (if that).  The food itself was absolutely fantastic compared to about of time it took to make and the price. I was very pleased and surprised with all of the flavors it had. I would recommend going there.",positive,positive,negative,positive,,positive,,,,,,,,3,i am a huge fan of p f chang s so when i found out that they made a fast food type restaurant i was excited the atmosphere isn t like p f chang s it s loud and it does have a more fast food feel to it i did however love the way it was set up you order your food at the bar sit down and they bring it out to you in minutes if that the food itself was absolutely fantastic compared to about of time it took to make and the price i was very pleased and surprised with all of the flavors it had i would recommend going there,115,520,neutral
28F7TeJvaB2FP1vf1Xr9tQ,"This place is disappointing for a 4.5 star rating. The burgers were so-so. The vibe felt very much like a chain restaurant like Red Robin. We did go on a Tuesday night so perhaps it's better on the weekends? Either way, we won't be back.",neutral,,negative,,,negative,,,,,,,,1,this place is disappointing for a star rating the burgers were so so the vibe felt very much like a chain restaurant like red robin we did go on a tuesday night so perhaps it s better on the weekends either way we won t be back,47,227,negative
eYBO0lnwVx-QFi7V0w1xBA,"So I no refill on coffee no service poo , sad , everyone gone a MOTHERS DAY COOKIE , but not me ! No bill , had to get up and pay!! I how its mothers  day but there was enough servers around and bussers that this should not had happened",negative,negative,,,,,negative,negative,,,,,,1,so i no refill on coffee no service poo sad everyone gone a mothers day cookie but not me no bill had to get up and pay i how its mothers day but there was enough servers around and bussers that this should not had happened,46,223,negative
J13w1xa43Ym6Tr-97hrSgw,"every time I am in here, I'm amazed at how rude the cashier is and how indifferent the servers are. food is overpriced. menu is not exciting or original.",,negative,,negative,negative,,,,,,,,,1,every time i am in here i m amazed at how rude the cashier is and how indifferent the servers are food is overpriced menu is not exciting or original,30,149,negative
f4-xSo7B37monwhRZ939jw,Got the cheesecake at the Coffee X change on Tangue Verde.  It was really good.  I heard others talk about the muffins and canolis.  Will def put that on the list for next time.,positive,,,,,,,,,,,,,5,got the cheesecake at the coffee x change on tangue verde it was really good i heard others talk about the muffins and canolis will def put that on the list for next time,34,170,positive
WXku760ztc0Ls0wJ5QswCA,"I am surprised the average rating is 3.5 stars. For what it is, a soccer bar, I think this place is great and I actually prefer this location to the Mass Ave one.  The decor makes you feel like you're at an English pub. There are TVs everywhere so it's a great place to watch a game.  The beer selection is great, the service is great and the food is good. I've had their chicken salad sandwich, wings and fish and chips and all three are good. Better than your typical bar food.",positive,positive,positive,,,positive,positive,,,positive,,,,5,i am surprised the average rating is stars for what it is a soccer bar i think this place is great and i actually prefer this location to the mass ave one the decor makes you feel like you re at an english pub there are tvs everywhere so it s a great place to watch a game the beer selection is great the service is great and the food is good i ve had their chicken salad sandwich wings and fish and chips and all three are good better than your typical bar food,95,462,positive
L9asV6W4T75CD2lwZdQBaQ,"Ice cream wasn't the best, and definitely not for the price. But it was there when I was passing through Belmawr, and it hit the spot when I needed to satisfy my sweet tooth!   The service was friendly, albeit a little slow. And the place has a cute, quaint charm about it with the decor. If I lived in the area I'd probably return, but I wouldn't make any special trips to go back here.",negative,neutral,positive,negative,,neutral,,,,,,,,3,ice cream wasn t the best and definitely not for the price but it was there when i was passing through belmawr and it hit the spot when i needed to satisfy my sweet tooth the service was friendly albeit a little slow and the place has a cute quaint charm about it with the decor if i lived in the area i d probably return but i wouldn t make any special trips to go back here,78,375,neutral
52phbw4zW9_EEaU_q9c3bQ,Very disappointed.... food was only ok.... waitress was not to be found. There's way too many other great restaurants in New Orleans to settle for a place like this.,neutral,negative,,,,negative,,,,,,,,1,very disappointed food was only ok waitress was not to be found there s way too many other great restaurants in new orleans to settle for a place like this,30,155,negative
_AnNmWzbP3O-0h6HirLEoA,"Jim the waiter shouldn't make comments about customers where they can hear it, very poor customer service, won't go back again.",,negative,,,,negative,,,,,,,,1,jim the waiter shouldn t make comments about customers where they can hear it very poor customer service won t go back again,23,124,negative
k5foen6qbRssONseGEc0aw,"This is a nice Indian buffet with a pretty wide selection.  There is nothing that will make you say ""wow"", but many good Indian dishes for a very reasonable price.  Would return again.",positive,,,positive,positive,positive,,,,,,,,5,this is a nice indian buffet with a pretty wide selection there is nothing that will make you say wow but many good indian dishes for a very reasonable price would return again,33,176,positive
QpP7bUiahAE3PXEXiydW1A,"We sat on the patio on one of the most beautiful early evenings Florida has to offer.  Our waiter was very friendly, funny and knowledgable.  We shared a salad with beets, arugula and chevre with pine nuts and a balalmic dressing, wonderful!!  We followed that with the Grouper sandwich that was so fresh and tasty that it is second on my list of favorite Grouper sandwiches I have ever had.  Our waiter said that it was red grouper that had been swimming in the gulf only days ago.  I love the feel of this area in downtown St. Pete and it is a fun place to people watch and enjoy the scenery.",positive,positive,positive,,,,,,,positive,,,,5,we sat on the patio on one of the most beautiful early evenings florida has to offer our waiter was very friendly funny and knowledgable we shared a salad with beets arugula and chevre with pine nuts and a balalmic dressing wonderful we followed that with the grouper sandwich that was so fresh and tasty that it is second on my list of favorite grouper sandwiches i have ever had our waiter said that it was red grouper that had been swimming in the gulf only days ago i love the feel of this area in downtown st pete and it is a fun place to people watch and enjoy the scenery,112,578,positive
tkP_mgWfNiSDn3N9OikjfQ,"Love Dunedin, The bar lacks decent entertainment. The bar staff isn't very personal.My husband and i went friday, and the bar staff acted as if getting us a drink was a big deal.",,negative,negative,,,,,,,positive,,,,3,love dunedin the bar lacks decent entertainment the bar staff isn t very personal my husband and i went friday and the bar staff acted as if getting us a drink was a big deal,35,174,neutral
jnbtIsEl4kq2k6UW2tyg4A,"I am now a every week shopper. We made a change in our diets and this is the easest way we can shop, other than reading every single label in a store. It is pricey, but we have learned to really look at the prices and have found that there is plenty of ways to cut, bying the whole foods brand really helps. Everything is good here, the people are always friendly.",,positive,,negative,,positive,,,,,,,,3,i am now a every week shopper we made a change in our diets and this is the easest way we can shop other than reading every single label in a store it is pricey but we have learned to really look at the prices and have found that there is plenty of ways to cut bying the whole foods brand really helps everything is good here the people are always friendly,72,356,neutral
Gbfsz69jqDWoMd9sAyvclw,I didn't know what to expect when I got there but it was incredible.  Lots of varieties on food and alcohol.  Macaroni and cheese is to die for.   Not expensive either.  Definitely a great place.,positive,,,positive,positive,positive,,,,,positive,,,5,i didn t know what to expect when i got there but it was incredible lots of varieties on food and alcohol macaroni and cheese is to die for not expensive either definitely a great place,36,185,positive
rU0AXEHNwFCOGlMyLwuJtA,"Mostly good but if you have an issue with the food they tell you ""tough"" just like the beef sticks.  Staff not empowered to help.",negative,negative,,,,positive,,,,,,,,3,mostly good but if you have an issue with the food they tell you tough just like the beef sticks staff not empowered to help,25,124,neutral
1zSEW7gGunlSduNXaCudtQ,"Loved the Bourbon flight! Bartender was attentive, and another bartender offered his opinion on the bourbon when he asked. Very friendly atmosphere.",,positive,positive,,,,positive,,,,positive,,,5,loved the bourbon flight bartender was attentive and another bartender offered his opinion on the bourbon when he asked very friendly atmosphere,22,144,positive
_w6QVJv16fFPovPdqBvadA,"A hidden Jem right off Main Street!  It's a no frills place but the food is fresh, healthy and reasonably priced. The smoothie my boyfriend got was so good he took another one for the road. I had the falafel platter and  it was awesome. I will definitely be coming back!",positive,,,positive,,positive,positive,,,,,,,5,a hidden jem right off main street it s a no frills place but the food is fresh healthy and reasonably priced the smoothie my boyfriend got was so good he took another one for the road i had the falafel platter and it was awesome i will definitely be coming back,52,262,positive
jYIJjPURFHaH0iA42egGQA,I was super disappointed by our server and my appetizer plate. Don't get the sampler. But I've liked other things here before so on average I'd give it 3 stars,negative,negative,,,,"positive, neutral",,,,,,,,3,i was super disappointed by our server and my appetizer plate don t get the sampler but i ve liked other things here before so on average i d give it stars,32,155,neutral
z-9mHZSCTJDkrHmp4B4ESQ,Excellent service at this port of subs. Line gets extremely long on the weekends but it moves quickly. Always fresh and yummy.,positive,"positive, negative",,,,,,,,,,,,5,excellent service at this port of subs line gets extremely long on the weekends but it moves quickly always fresh and yummy,22,123,positive
u7NNL4ur-IzQ6j8DlUnW9w,"Great breakfast fare and all. Eggs provençale was pretty good; all kinds of herbs and seasonings, but cooked inconsistently. Tomato on the side was awesome.  Omelets were executed well, and the pastries were pretty impressive.  But the coffee was horrendously bad. And without good coffee, what's the point of breakfast?  And I still can't trust restaurants that have misspellings on their menus. Even if the misspelling is from another language.","positive, negative",,,,positive,,negative,,negative,,,,,3,great breakfast fare and all eggs proven ale was pretty good all kinds of herbs and seasonings but cooked inconsistently tomato on the side was awesome omelets were executed well and the pastries were pretty impressive but the coffee was horrendously bad and without good coffee what s the point of breakfast and i still can t trust restaurants that have misspellings on their menus even if the misspelling is from another language,73,431,neutral
Cj4SUpCNJoKIYR0Y4OMjDw,"An amazing view, impeccable professional service great fare,don't  skip a visit to this Philadelphia gem. Nick, who is a stellar, incredible server, recommended a lovely 2010 Bordeaux-Chateau Font Merlet which complemented the Tuna Tartare and Steak Tataki.  This is a must see in Philadelphia. After witnessing a fabulous nighttime view, I can't wait to return to check out the spectacular sunsets.",positive,positive,positive,,,positive,positive,,,,,,,5,an amazing view impeccable professional service great fare don t skip a visit to this philadelphia gem nick who is a stellar incredible server recommended a lovely bordeaux chateau font merlet which complemented the tuna tartare and steak tataki this is a must see in philadelphia after witnessing a fabulous nighttime view i can t wait to return to check out the spectacular sunsets,64,383,positive
wWD0cnmUjqFUfs6BEiDwXg,Good food  cashier Alessandra very polite and respectful . meal box was reasonable for the price  And it  tasted good as well I will come back if in the area,positive,positive,,positive,,positive,,,,,,,,5,good food cashier alessandra very polite and respectful meal box was reasonable for the price and it tasted good as well i will come back if in the area,29,152,positive
ctNcYZKvB2nZzVTYGRCIAw,"I personally don't like Manny's pizza. I'd give it a 2 of 10. However, many of the people I grew up with and went to school with do love it. They have a pretty beasty menu, with a lot of sandwiches. They are all reasonably priced. The Clint Eastwood is good. I've only had it once though. i don't commonly crave that kinda stuff. I think their pizza is really weak, but I've had some good things there.. I just can't remember. The staff is cool, good fast nice delivery service..Which you can't complain about. Manny's has been open a lot of years so you really can't argue that factor. People like, however I'm not one of them.","negative, positive",positive,,positive,,,,,,,,,,3,i personally don t like manny s pizza i d give it a of however many of the people i grew up with and went to school with do love it they have a pretty beasty menu with a lot of sandwiches they are all reasonably priced the clint eastwood is good i ve only had it once though i don t commonly crave that kinda stuff i think their pizza is really weak but i ve had some good things there i just can t remember the staff is cool good fast nice delivery service which you can t complain about manny s has been open a lot of years so you really can t argue that factor people like however i m not one of them,128,603,neutral
B4nqOw82ztr6lIGKftxZrg,"Every time I stop by an Italian restaurant, I forget they're there to feed the starving family in you. My gosh, my meal was never ending. Alfredo sauce was pretty good. Standard to what I expect my white sauce to be -- rich and creamy. I also ordered a side of the meatball because it seems to be their specialty. Cooked through without being too tough. The meat tasted well seasoned without overpowering and despite the clashing sauce, was pretty good to eat together. Blasphemous maybe, but I enjoyed it. I will stop by for a meal next time I'm in STL.",positive,,,,,positive,,,,,,,,5,every time i stop by an italian restaurant i forget they re there to feed the starving family in you my gosh my meal was never ending alfredo sauce was pretty good standard to what i expect my white sauce to be rich and creamy i also ordered a side of the meatball because it seems to be their specialty cooked through without being too tough the meat tasted well seasoned without overpowering and despite the clashing sauce was pretty good to eat together blasphemous maybe but i enjoyed it i will stop by for a meal next time i m in stl,103,538,positive
FHNC9_EEMpQQe00wNSpOwg,"My fiancé and I ate breakfast here and it wasn't bad, but it wasn't great either.  I had the beignets which were overly sweet and the filling didn't quite work. The fiance had the southern breakfast, said the eggs were cooked poorly and the grits were too salty.  Overall it wasn't terrible, but it was probably the most disappointing meal we had during our four day trip to New Orleans.  We did eat here on a Monday morning so it may have been an off day.","neutral, negative",,,,,negative,,,,,,,,1,my fianc and i ate breakfast here and it wasn t bad but it wasn t great either i had the beignets which were overly sweet and the filling didn t quite work the fiance had the southern breakfast said the eggs were cooked poorly and the grits were too salty overall it wasn t terrible but it was probably the most disappointing meal we had during our four day trip to new orleans we did eat here on a monday morning so it may have been an off day,90,444,negative
KyztSw9VambOXqsKxHxKCw,Perfect place to celebrate my birthday. Everything from the service to the robust/perfectly seasoned food to the warm and rustic ambiance... Simply amazing.,positive,positive,positive,,,positive,,,,,,,,5,perfect place to celebrate my birthday everything from the service to the robust perfectly seasoned food to the warm and rustic ambiance simply amazing,24,151,positive
0s2QEesL4DdEczAVjRrqxQ,Service was...wait what service?! We were disregarded for 15 minutes after asking for service. While the quality and atmosphere may have been wonderful the service was an absolute disappointment. Save your money for those that appreciate your patronage.,,negative,positive,,,,,negative,,,,,,5,service was wait what service we were disregarded for minutes after asking for service while the quality and atmosphere may have been wonderful the service was an absolute disappointment save your money for those that appreciate your patronage,38,243,positive
qp6-rBgdRv_PZGAaW3spYw,"We went late on a Saturday night and sat on the patio! Our server, Robin, was friendly and answered the (many) questions and (many) recommendations I asked for! Food was delicious and the Nutella cheesecake was seriously the best cheesecake I've ever had, which is saying something because cheesecake usually weirds me out. The menu is quite large however I am in the restaurant industry and I really love having so many options, especially at 10:30pm after my shift when I don't even really know what sounds good or what I'll be craving!",positive,positive,positive,,positive,,,,,,,,,5,we went late on a saturday night and sat on the patio our server robin was friendly and answered the many questions and many recommendations i asked for food was delicious and the nutella cheesecake was seriously the best cheesecake i ve ever had which is saying something because cheesecake usually weirds me out the menu is quite large however i am in the restaurant industry and i really love having so many options especially at pm after my shift when i don t even really know what sounds good or what i ll be craving,96,521,positive
vBK79c3_1Ff_oqkh5VpfGg,HOLY SMOKES!  actual pumpkin pie mixed in with the frozen custard......are you kidding me? Why hasn't this become a huge sweep the nation treat.   The best part was the chunks of pie crust. Like finding a diamond inside another diamond. Super yummy.,positive,,,,,,,,,,,,,5,holy smokes actual pumpkin pie mixed in with the frozen custard are you kidding me why hasn t this become a huge sweep the nation treat the best part was the chunks of pie crust like finding a diamond inside another diamond super yummy,44,235,positive
EWLZyRmMjtQL6CqRJhlZvw,"High drama bar. I have never been to a bar where I felt so uncomfortable... Staff fighting, rude to customers and not to mention an extremely long wait for ""the best wings in town"". No thanks.",,negative,negative,,,,,,,,,,,1,high drama bar i have never been to a bar where i felt so uncomfortable staff fighting rude to customers and not to mention an extremely long wait for the best wings in town no thanks,36,183,negative
FYHNc27eON7b-L2c8LC29w,"We went on more than a few recommendations so we were disappointed when most of our fish was overcooked.  We ordered the octopus, shrimp, and smelts.  It was really unfortunate because the hummus was wonderful and the service was fantastic.  Its so cozy in there and they don't rush you even though there is generally a wait.  It may have been an off night but there are really too many other places to try so we most likely won't go back.","negative, positive",positive,positive,,,negative,,,,,,,,3,we went on more than a few recommendations so we were disappointed when most of our fish was overcooked we ordered the octopus shrimp and smelts it was really unfortunate because the hummus was wonderful and the service was fantastic its so cozy in there and they don t rush you even though there is generally a wait it may have been an off night but there are really too many other places to try so we most likely won t go back,83,428,neutral
tKxhiCdNrfvLEd1LDELiPA,"I absolutely love Dorignac's. Their selection is amazing, and their cafe is delicious! Their alcohol section is very extensive and reasonably priced. They carry beer, wine, and liquor - a one stop shop! In fact, the whole store is priced pretty well. They have a good variety of foods; I eat Paleo a lot, and their Paleo options are good. Dorignac's is a little out of the way for me since I live in Broadmoor, but if I'm in Metairie for errands, I definitely get my groceries here.",positive,,,,positive,positive,,positive,,negative,positive,positive,,3,i absolutely love dorignac s their selection is amazing and their cafe is delicious their alcohol section is very extensive and reasonably priced they carry beer wine and liquor a one stop shop in fact the whole store is priced pretty well they have a good variety of foods i eat paleo a lot and their paleo options are good dorignac s is a little out of the way for me since i live in broadmoor but if i m in metairie for errands i definitely get my groceries here,90,465,neutral
RHhObbK3y-e1FBKgBkFJOg,"Great staff, but the steaks here were over rated and over priced. The night we went the steak was okay,  nothing to write home about. The side dishes and drinks were good.","negative, neutral, positive",positive,,negative,,,positive,,,,,,,3,great staff but the steaks here were over rated and over priced the night we went the steak was okay nothing to write home about the side dishes and drinks were good,32,165,neutral
WjmyiSeauaWtXO9xUrdsoA,"I eat lunch here 1 to 2 times a week and have very good consistency in the quality of the food and service. They really do offer fresh food items and breads, oh your sweet tooth can also be satisfied with their pastries! I only do the pastries on the weekends as one of my coworkers has told me that calories don't count on the weekends!",positive,positive,,,,,,,,,,,,5,i eat lunch here to times a week and have very good consistency in the quality of the food and service they really do offer fresh food items and breads oh your sweet tooth can also be satisfied with their pastries i only do the pastries on the weekends as one of my coworkers has told me that calories don t count on the weekends,65,329,positive
ku8ZKoLVTNrDRz5acwuieQ,I don't know what happened to this place but it used to be our goto. Sampler platter is amazing milk shakes great but any flounder or crabcake just not good always so frozen tasting. I'm not expecting a 5star meal but come on! Still continued to order despite the old grease taste and freezer burn. Switched to key pizza. Would like to try again considering the reviews. Kinda iffy about this place.,"positive, negative",,,,,negative,positive,,,,,,,3,i don t know what happened to this place but it used to be our goto sampler platter is amazing milk shakes great but any flounder or crabcake just not good always so frozen tasting i m not expecting a star meal but come on still continued to order despite the old grease taste and freezer burn switched to key pizza would like to try again considering the reviews kinda iffy about this place,74,391,neutral
Uj9B9QN76ZzWo5Zu91vmRw,Service was good but I expected a bit more from the pancakes being they are the pancake pantry.  I definitely recommend their hash browns and hot sauce,"negative, positive",positive,,,,,,,,,,,,3,service was good but i expected a bit more from the pancakes being they are the pancake pantry i definitely recommend their hash browns and hot sauce,27,149,neutral
IeQr3x0JSRrtGH2H27cOGw,"Great new spot for us locals to get off of Beach Drive!  Creative menu and and fresh makeover looks hip and fresh.  I had short ribs and truffle fries, I could be mistaken but I believe I had some duck as well, not bad for a girl who doesn't like meat. I couldn't get enough:) Thumbs up to them, the bar is small but you can sit indoors or outdoors",positive,,"positive, neutral",,positive,positive,,,,,,,,5,great new spot for us locals to get off of beach drive creative menu and and fresh makeover looks hip and fresh i had short ribs and truffle fries i could be mistaken but i believe i had some duck as well not bad for a girl who doesn t like meat i couldn t get enough thumbs up to them the bar is small but you can sit indoors or outdoors,72,338,positive
N1BQhqtLnFguM30rklq90g,"Meh...I wasn't impressed with this spot. Looking past the array of hand written signs and lack of available bagels, the food was ok. I got the pastrami, egg, and cheese. There was hardly any pastrami and the cheese wasn't melted. My wife also had the pleasure of adding spoiled creamer to her coffee. I think we'll just stick with Einstein's or St Pete Bagel.","neutral, negative",,,,,negative,negative,,,,,,,1,meh i wasn t impressed with this spot looking past the array of hand written signs and lack of available bagels the food was ok i got the pastrami egg and cheese there was hardly any pastrami and the cheese wasn t melted my wife also had the pleasure of adding spoiled creamer to her coffee i think we ll just stick with einstein s or st pete bagel,69,348,negative
1Thftj8y7xsqpGjrTNWzjg,"I went recently to the Lakeview location and ordered the chicken quesadilla. As I was eating, I noticed that there was not much chicken between the two layers of tortilla. I peeled apart the two layers to see how much chicken was not there, and there was a piece of red plastic in the midst of the cheese. The red plastic seemed to be the plastics that tie off bread packages. I was offered no compensation for my meal and there was an obvious lack of sincereity in the waitresses's apology. I have been a big Chateau costumer and have been for years. I was very disappointed in the services here.",negative,negative,,,,,,,,,,,,1,i went recently to the lakeview location and ordered the chicken quesadilla as i was eating i noticed that there was not much chicken between the two layers of tortilla i peeled apart the two layers to see how much chicken was not there and there was a piece of red plastic in the midst of the cheese the red plastic seemed to be the plastics that tie off bread packages i was offered no compensation for my meal and there was an obvious lack of sincereity in the waitresses s apology i have been a big chateau costumer and have been for years i was very disappointed in the services here,112,588,negative
GROJpv8cv2Qls2kCZ-9ImA,"Service was terrible. We sat at the bar and the bartenders were not friendly. However, the guy shucking oysters was very friendly and helped me decide what to order to eat (he recommended the Island Tuna and it was very good). Gary, a bartender, was absolutely rude and disrespectful. If it were not for Brandon (the guy shucking oysters), we would have left and eaten dinner elsewhere.",positive,"negative, positive",,,,,,,,,,,,5,service was terrible we sat at the bar and the bartenders were not friendly however the guy shucking oysters was very friendly and helped me decide what to order to eat he recommended the island tuna and it was very good gary a bartender was absolutely rude and disrespectful if it were not for brandon the guy shucking oysters we would have left and eaten dinner elsewhere,67,373,positive
zajO392fdoj7I8R5mfi2ig,"Good B&B style hotel, reasonably priced. Great location, close to beach, State Street, and Urban wine trail. A little noisy, but not a big problem. Would stay there again.",,,negative,,,positive,,positive,,positive,,,,3,good b b style hotel reasonably priced great location close to beach state street and urban wine trail a little noisy but not a big problem would stay there again,30,162,neutral
T-Thr8jwI1kRr7CuYg5v9Q,Can't say enough nice things about this place!  Reasonably priced and delicious options!  They have a gluten free bread that's pretty tasty so there are options for that! Love it!,positive,,,,positive,positive,,positive,,,,,,5,can t say enough nice things about this place reasonably priced and delicious options they have a gluten free bread that s pretty tasty so there are options for that love it,32,173,positive
6A3nqv9MGFPox-lDi6bT6w,"Great drinks, food and atmosphere! A little loud if you are trying to eat out with a group of friends, but still a great time! Love the tropical touch!",positive,,"positive, negative",,,positive,positive,,,,,,,3,great drinks food and atmosphere a little loud if you are trying to eat out with a group of friends but still a great time love the tropical touch,29,146,neutral
9zuY5eDEzE59eqq5zO8F2A,"I am giving this bar four stars because not only is it my go to bar most nights, but also because of all the BS the bartenders and workers put up with there. The drinks here are not bad, average priced, however some nights they are a bit watered down. Overall its a good bar, if you are a fan of REALLY loud music, go on the weekends, if you are not a fan, like me, stick to weekdays. Also stay away from the bathrooms, they are a wreck. Overall though, good service and nice bartenders !",,"negative, positive",negative,,,positive,"neutral, negative",,negative,,,neutral,,3,i am giving this bar four stars because not only is it my go to bar most nights but also because of all the bs the bartenders and workers put up with there the drinks here are not bad average priced however some nights they are a bit watered down overall its a good bar if you are a fan of really loud music go on the weekends if you are not a fan like me stick to weekdays also stay away from the bathrooms they are a wreck overall though good service and nice bartenders,96,472,neutral
PzHiS8h4Bq-R1AxJqZj6LQ,"This is my neighborhood cafe, and it's everything I want: casual dining, friendly service, dog-friendly outdoor patio, and good food. In some ways, Ghini's reminds me of the Hotel Congress' Cup Cafe, but quieter and more laid-back. I've been here for breakfast, lunch, and desserts. Ghini's is a popular place with a solid reputation---and the bakery next door is a favorite too. I'm awarding the cafe four stars instead of five because the place does get a little chaotic during the peak times (again, just like the Cup) and I can see how a first-time visitor might find that off-putting. All in all, I recommend you try Ghini's and discover one of Tucson's delights. Enjoy!",positive,"positive, negative",positive,,positive,positive,,,,,,,,5,this is my neighborhood cafe and it s everything i want casual dining friendly service dog friendly outdoor patio and good food in some ways ghini s reminds me of the hotel congress cup cafe but quieter and more laid back i ve been here for breakfast lunch and desserts ghini s is a popular place with a solid reputation and the bakery next door is a favorite too i m awarding the cafe four stars instead of five because the place does get a little chaotic during the peak times again just like the cup and i can see how a first time visitor might find that off putting all in all i recommend you try ghini s and discover one of tucson s delights enjoy,127,652,positive
0-RgkJk9NTz7TGO07_vuqQ,This place just keeps getting better. The people there are so nice and they make a heck of a taco. They just added seating inside as well as more produce. Perfect for anyone in the nations. They are are also starting to serve Bongo Java coffee on their coffee bar as well as a large assortment of Rishi tea! Highly recommend stopping in and becoming a regular.,positive,positive,positive,,positive,positive,positive,,,,positive,,,5,this place just keeps getting better the people there are so nice and they make a heck of a taco they just added seating inside as well as more produce perfect for anyone in the nations they are are also starting to serve bongo java coffee on their coffee bar as well as a large assortment of rishi tea highly recommend stopping in and becoming a regular,67,354,positive
S-IpV4o5NaeZiMei1Asmmw,"It's a college-town bar, what do you expect? Lol. Alcohol, pub/bar food, good tap selection, good atmosphere and specials. A Villanova tradition. It's not an upscale bar, or a great place to grab lunch. It is what it is, a bar!",,,positive,,,,,,,,positive,,,5,it s a college town bar what do you expect lol alcohol pub bar food good tap selection good atmosphere and specials a villanova tradition it s not an upscale bar or a great place to grab lunch it is what it is a bar,45,215,positive
7uH4XueW_JZPgggUnR8Igw,"This place is insane! Amazing selection of anything you could possibly want! Fresh coffee bar, gelato, pastries, cheeses, wines, sliced meats, fresh homemade pastas & sauces, I could go on for a while... You need to go here!",positive,,,,positive,positive,positive,,,,,,,5,this place is insane amazing selection of anything you could possibly want fresh coffee bar gelato pastries cheeses wines sliced meats fresh homemade pastas sauces i could go on for a while you need to go here,37,209,positive
Bo3i1F_M3dyZzvkterQyZQ,"Nice place for breakfast or lunch any time of the day.  However,  there was no soup in the men's or women's restroom today. There was a roll of paper towels on the zinc instead of the dispenser.",,,,,,positive,,,negative,,,,,5,nice place for breakfast or lunch any time of the day however there was no soup in the men s or women s restroom today there was a roll of paper towels on the zinc instead of the dispenser,39,188,positive
Oa_I_T25KMmHfyTcpNMiMQ,Just down right darn good pizza with lots of different varieties you don't see much anywhere else! And hello beers!,positive,,,,positive,,positive,,,,,,,5,just down right darn good pizza with lots of different varieties you don t see much anywhere else and hello beers,21,113,positive
an-6q6o86LjAof5n1iU7cA,This is my favorite place for Mexican! Meals always come out piping hot and delicious. We love the seafood burrito but haven't had a bad meal. The chips and salsa are mediocre but the meal makes up for them. The margarita and beer selection is also plenty and they keep pouring as requested!,"positive, negative",,,,,positive,,,,,positive,,,3,this is my favorite place for mexican meals always come out piping hot and delicious we love the seafood burrito but haven t had a bad meal the chips and salsa are mediocre but the meal makes up for them the margarita and beer selection is also plenty and they keep pouring as requested,54,286,neutral
O4P7uJflv83wBPbkhUy_Ag,"Don't like being a hater, but 1st knock on it  was that it took an hour to get my food, then it wasn't that good either. Kind of bland.  The people are nice and the restaurant looks nice too, but doubtful if I'm coming back. The curry was bleh",negative,"negative, positive",positive,,,negative,,,,,,,,3,don t like being a hater but st knock on it was that it took an hour to get my food then it wasn t that good either kind of bland the people are nice and the restaurant looks nice too but doubtful if i m coming back the curry was bleh,52,234,neutral
e08Xg3i306SFU_IIysuyZw,The service was great & my food came in no time!  I tried the taste of bayou & thought it was just okay. I'll give this place another try next time I'm around & get something different.,neutral,positive,,,,positive,,,,,,,,5,the service was great my food came in no time i tried the taste of bayou thought it was just okay i ll give this place another try next time i m around get something different,36,175,positive
WXRlzD3j0jD5aPDZJ7H1Ow,Awesome service! Food is made quickly but accurately. It is so fresh. I just wish they delivered to me but it's good enough that I am willing to drive there to get it. Also try their day old bread for .50. It is a full baguette and makes great garlic bread to accompany your dinner!,positive,"positive, negative",,positive,,,,,,,,,,5,awesome service food is made quickly but accurately it is so fresh i just wish they delivered to me but it s good enough that i am willing to drive there to get it also try their day old bread for it is a full baguette and makes great garlic bread to accompany your dinner,55,272,positive
p6O65mBIXcqAuPetLPjt-Q,Decent brunch speacials- the lumberjack slam is very good. Chicken and waffles could be better. Excellent service. The waitress has been very attentive both times that I've been there. Nice ambience as well.,"positive, negative",positive,positive,,neutral,,,,,,,,,3,decent brunch speacials the lumberjack slam is very good chicken and waffles could be better excellent service the waitress has been very attentive both times that i ve been there nice ambience as well,34,201,neutral
GKCmYik5o3eJkwAGt-cPeg,Went for Sunday brunch . The service was great for us as there was only one other table being served. The gumbo was so salty with burnt roux.  It was not edible .  The Bar B que  shrimp and grits had twice as many shrimp heads as shrimp. Don't think air condition works . The inside of the restaurant is very nice . It's just such a shame they can't serve good food . I won't be back.,negative,positive,"negative, positive",,,negative,,,,,,,,3,went for sunday brunch the service was great for us as there was only one other table being served the gumbo was so salty with burnt roux it was not edible the bar b que shrimp and grits had twice as many shrimp heads as shrimp don t think air condition works the inside of the restaurant is very nice it s just such a shame they can t serve good food i won t be back,77,367,neutral
5IJ8bbgtuaYY44jylnQ5lw,"Really want this place to succeed,   They are attentive, customer service oriented, etc. Place is clean and bright. I had really high expectations. Sandwiches were fine.  Didn't blow me away, but they were fine. I probably need to try it a few more times to get a better sense...",neutral,positive,positive,,,,,,,,,,,5,really want this place to succeed they are attentive customer service oriented etc place is clean and bright i had really high expectations sandwiches were fine didn t blow me away but they were fine i probably need to try it a few more times to get a better sense,50,264,positive
XvcLs6lqCHS2NjEm8_p3YA,Great food. Enjoyed everything and the staff was amazing. 45 min wait for the table and the priciness warranted 4 stars.,positive,"positive, negative",,,,,,positive,,,,,,5,great food enjoyed everything and the staff was amazing min wait for the table and the priciness warranted stars,19,112,positive
ibrk66oc_2FBdqsp_NUSyw,"Menu changed from what they had posted on their website that day, so we were disappointed when we got there but were willing to try other things.  Service was good and people were friendly.  Food however did not live up to the hype. Salad, trio appetizers, chicken, and trout were all average at best to bad. Perhaps other things on the menu are better, but based on these we will not ever return.",negative,positive,,,negative,negative,,,,,,,,1,menu changed from what they had posted on their website that day so we were disappointed when we got there but were willing to try other things service was good and people were friendly food however did not live up to the hype salad trio appetizers chicken and trout were all average at best to bad perhaps other things on the menu are better but based on these we will not ever return,73,385,negative
